[2J[Hsession planx_ms2: started Mon 20:51, budget ends Tue 00:21, now Mon 20:51:37, 4 runs x 3 threads
run           state                            it    s/it   mean mT   N_green  F $/vox   hours  expected   latest     
hframe_thin   starting                                                                                                
hframe_medium starting                                                                                                
hframe_thick  starting                                                                                                
noise0        starting                                                                                                
[2J[Hsession planx_ms2: started Mon 20:51, budget ends Tue 00:21, now Mon 20:52:07, 4 runs x 3 threads
run           state                            it    s/it   mean mT   N_green  F $/vox   hours  expected   latest     
hframe_thin   starting                                                                                                
hframe_medium starting                                                                                                
hframe_thick  starting                                                                                                
noise0        starting                                                                                                
[2J[Hsession planx_ms2: started Mon 20:51, budget ends Tue 00:21, now Mon 20:52:37, 4 runs x 3 threads
run           state                            it    s/it   mean mT   N_green  F $/vox   hours  expected   latest     
hframe_thin   starting                                                                                                
hframe_medium running                       0/150             71.16         0      inf    0.01  unknown    Tue 00:21  
hframe_thick  starting                                                                                                
noise0        starting                                                                                                
[2J[Hsession planx_ms2: started Mon 20:51, budget ends Tue 00:21, now Mon 20:53:07, 4 runs x 3 threads
run           state                            it    s/it   mean mT   N_green  F $/vox   hours  expected   latest     
hframe_thin   running                       0/150             52.02         0      inf    0.02  unknown    Tue 00:21  
hframe_medium running                       0/150             71.16         0      inf    0.01  unknown    Tue 00:21  
hframe_thick  running                       0/150             92.09         1 2.97e+03    0.02  unknown    Tue 00:21  
noise0        starting                                                                                                
[2J[Hsession planx_ms2: started Mon 20:51, budget ends Tue 00:21, now Mon 20:53:37, 4 runs x 3 threads
run           state                            it    s/it   mean mT   N_green  F $/vox   hours  expected   latest     
hframe_thin   running                       0/150             52.02         0      inf    0.02  unknown    Tue 00:21  
hframe_medium running                       0/150             71.16         0      inf    0.01  unknown    Tue 00:21  
hframe_thick  running                       0/150             92.09         1 2.97e+03    0.02  unknown    Tue 00:21  
noise0        starting                                                                                                
[2J[Hsession planx_ms2: started Mon 20:51, budget ends Tue 00:21, now Mon 20:54:07, 4 runs x 3 threads
run           state                            it    s/it   mean mT   N_green  F $/vox   hours  expected   latest     
hframe_thin   running                       0/150             52.02         0      inf    0.02  unknown    Tue 00:21  
hframe_medium running                       0/150             71.16         0      inf    0.01  unknown    Tue 00:21  
hframe_thick  running                       0/150             92.09         1 2.97e+03    0.02  unknown    Tue 00:21  
noise0        starting                                                                                                
[2J[Hsession planx_ms2: started Mon 20:51, budget ends Tue 00:21, now Mon 20:54:37, 4 runs x 3 threads
run           state                            it    s/it   mean mT   N_green  F $/vox   hours  expected   latest     
hframe_thin   running                       0/150             52.02         0      inf    0.02  unknown    Tue 00:21  
hframe_medium running                       0/150             71.16         0      inf    0.01  unknown    Tue 00:21  
hframe_thick  running                       0/150             92.09         1 2.97e+03    0.02  unknown    Tue 00:21  
noise0        starting                                                                                                
[2J[Hsession planx_ms2: started Mon 20:51, budget ends Tue 00:21, now Mon 20:55:07, 4 runs x 3 threads
run           state                            it    s/it   mean mT   N_green  F $/vox   hours  expected   latest     
hframe_thin   running                       0/150             52.02         0      inf    0.02  unknown    Tue 00:21  
hframe_medium running                       0/150             71.16         0      inf    0.01  unknown    Tue 00:21  
hframe_thick  running                       0/150             92.09         1 2.97e+03    0.02  unknown    Tue 00:21  
noise0        running                       0/150              5.62         0      inf    0.06  unknown    Tue 00:21  
[2J[Hsession planx_ms2: started Mon 20:51, budget ends Tue 00:21, now Mon 20:55:37, 4 runs x 3 threads
run           state                            it    s/it   mean mT   N_green  F $/vox   hours  expected   latest     
hframe_thin   running                       1/150     138     56.04         0      inf    0.06  unknown    Tue 00:21  
hframe_medium running                       0/150             71.16         0      inf    0.01  unknown    Tue 00:21  
hframe_thick  running                       0/150             92.09         1 2.97e+03    0.02  unknown    Tue 00:21  
noise0        running                       0/150              5.62         0      inf    0.06  unknown    Tue 00:21  
[2J[Hsession planx_ms2: started Mon 20:51, budget ends Tue 00:21, now Mon 20:56:07, 4 runs x 3 threads
run           state                            it    s/it   mean mT   N_green  F $/vox   hours  expected   latest     
hframe_thin   running                       1/150     138     56.04         0      inf    0.06  unknown    Tue 00:21  
hframe_medium running                       1/150     185     75.74         0      inf    0.07  unknown    Tue 00:21  
hframe_thick  running                       0/150             92.09         1 2.97e+03    0.02  unknown    Tue 00:21  
noise0        running                       0/150              5.62         0      inf    0.06  unknown    Tue 00:21  
[2J[Hsession planx_ms2: started Mon 20:51, budget ends Tue 00:21, now Mon 20:56:37, 4 runs x 3 threads
run           state                            it    s/it   mean mT   N_green  F $/vox   hours  expected   latest     
hframe_thin   running                       1/150     138     56.04         0      inf    0.06  unknown    Tue 00:21  
hframe_medium running                       1/150     185     75.74         0      inf    0.07  unknown    Tue 00:21  
hframe_thick  running                       0/150             92.09         1 2.97e+03    0.02  unknown    Tue 00:21  
noise0        running                       1/150      86      7.03         0      inf    0.08  unknown    Tue 00:21  
[2J[Hsession planx_ms2: started Mon 20:51, budget ends Tue 00:21, now Mon 20:57:07, 4 runs x 3 threads
run           state                            it    s/it   mean mT   N_green  F $/vox   hours  expected   latest     
hframe_thin   running                       1/150     138     56.04         0      inf    0.06  unknown    Tue 00:21  
hframe_medium running                       1/150     185     75.74         0      inf    0.07  unknown    Tue 00:21  
hframe_thick  running                       0/150             92.09         1 2.97e+03    0.02  unknown    Tue 00:21  
noise0        running                       1/150      86      7.03         0      inf    0.08  unknown    Tue 00:21  
[2J[Hsession planx_ms2: started Mon 20:51, budget ends Tue 00:21, now Mon 20:57:37, 4 runs x 3 threads
run           state                            it    s/it   mean mT   N_green  F $/vox   hours  expected   latest     
hframe_thin   running                       1/150     138     56.04         0      inf    0.06  unknown    Tue 00:21  
hframe_medium running                       1/150     185     75.74         0      inf    0.07  unknown    Tue 00:21  
hframe_thick  running                       0/150             92.09         1 2.97e+03    0.02  unknown    Tue 00:21  
noise0        running                       1/150      86      7.03         0      inf    0.08  unknown    Tue 00:21  
[2J[Hsession planx_ms2: started Mon 20:51, budget ends Tue 00:21, now Mon 20:58:07, 4 runs x 3 threads
run           state                            it    s/it   mean mT   N_green  F $/vox   hours  expected   latest     
hframe_thin   running                       1/150     138     56.04         0      inf    0.06  unknown    Tue 00:21  
hframe_medium running                       1/150     185     75.74         0      inf    0.07  unknown    Tue 00:21  
hframe_thick  running                       1/150     301     96.42        12      249    0.10  unknown    Tue 00:21  
noise0        running                       1/150      86      7.03         0      inf    0.08  unknown    Tue 00:21  
[2J[Hsession planx_ms2: started Mon 20:51, budget ends Tue 00:21, now Mon 20:58:37, 4 runs x 3 threads
run           state                            it    s/it   mean mT   N_green  F $/vox   hours  expected   latest     
hframe_thin   running                       2/150     162     61.36         0      inf    0.11  unknown    Tue 00:21  
hframe_medium running                       1/150     185     75.74         0      inf    0.07  unknown    Tue 00:21  
hframe_thick  running                       1/150     301     96.42        12      249    0.10  unknown    Tue 00:21  
noise0        running                       2/150     102      9.06         0      inf    0.11  unknown    Tue 00:21  
[2J[Hsession planx_ms2: started Mon 20:51, budget ends Tue 00:21, now Mon 20:59:07, 4 runs x 3 threads
run           state                            it    s/it   mean mT   N_green  F $/vox   hours  expected   latest     
hframe_thin   running                       2/150     162     61.36         0      inf    0.11  unknown    Tue 00:21  
hframe_medium running                       1/150     185     75.74         0      inf    0.07  unknown    Tue 00:21  
hframe_thick  running                       1/150     301     96.42        12      249    0.10  unknown    Tue 00:21  
noise0        running                       2/150     102      9.06         0      inf    0.11  unknown    Tue 00:21  
[2J[Hsession planx_ms2: started Mon 20:51, budget ends Tue 00:21, now Mon 20:59:37, 4 runs x 3 threads
run           state                            it    s/it   mean mT   N_green  F $/vox   hours  expected   latest     
hframe_thin   running                       2/150     162     61.36         0      inf    0.11  unknown    Tue 00:21  
hframe_medium running                       2/150     197     79.46         0      inf    0.13  unknown    Tue 00:21  
hframe_thick  running                       1/150     301     96.42        12      249    0.10  unknown    Tue 00:21  
noise0        running                       2/150     102      9.06         0      inf    0.11  unknown    Tue 00:21  
[2J[Hsession planx_ms2: started Mon 20:51, budget ends Tue 00:21, now Mon 21:00:07, 4 runs x 3 threads
run           state                            it    s/it   mean mT   N_green  F $/vox   hours  expected   latest     
hframe_thin   running                       2/150     162     61.36         0      inf    0.11  unknown    Tue 00:21  
hframe_medium running                       2/150     197     79.46         0      inf    0.13  unknown    Tue 00:21  
hframe_thick  running                       1/150     301     96.42        12      249    0.10  unknown    Tue 00:21  
noise0        running                       2/150     102      9.06         0      inf    0.11  unknown    Tue 00:21  
[2J[Hsession planx_ms2: started Mon 20:51, budget ends Tue 00:21, now Mon 21:00:37, 4 runs x 3 threads
run           state                            it    s/it   mean mT   N_green  F $/vox   hours  expected   latest     
hframe_thin   running                       2/150     162     61.36         0      inf    0.11  unknown    Tue 00:21  
hframe_medium running                       2/150     197     79.46         0      inf    0.13  unknown    Tue 00:21  
hframe_thick  running                       2/150     223    100.64         2  1.5e+03    0.15  unknown    Tue 00:21  
noise0        running                       3/150     108      9.96         0      inf    0.14  unknown    Tue 00:21  
[2J[Hsession planx_ms2: started Mon 20:51, budget ends Tue 00:21, now Mon 21:01:07, 4 runs x 3 threads
run           state                            it    s/it   mean mT   N_green  F $/vox   hours  expected   latest     
hframe_thin   running                       2/150     162     61.36         0      inf    0.11  unknown    Tue 00:21  
hframe_medium running                       2/150     197     79.46         0      inf    0.13  unknown    Tue 00:21  
hframe_thick  running                       2/150     223    100.64         2  1.5e+03    0.15  unknown    Tue 00:21  
noise0        running                       3/150     108      9.96         0      inf    0.14  unknown    Tue 00:21  
[2J[Hsession planx_ms2: started Mon 20:51, budget ends Tue 00:21, now Mon 21:01:37, 4 runs x 3 threads
run           state                            it    s/it   mean mT   N_green  F $/vox   hours  expected   latest     
hframe_thin   running                       3/150     164     64.82         0      inf    0.16  unknown    Tue 00:21  
hframe_medium running                       3/150     185     81.30         0      inf    0.16  unknown    Tue 00:21  
hframe_thick  running                       2/150     223    100.64         2  1.5e+03    0.15  unknown    Tue 00:21  
noise0        running                       3/150     108      9.96         0      inf    0.14  unknown    Tue 00:21  
[2J[Hsession planx_ms2: started Mon 20:51, budget ends Tue 00:21, now Mon 21:02:07, 4 runs x 3 threads
run           state                            it    s/it   mean mT   N_green  F $/vox   hours  expected   latest     
hframe_thin   running                       3/150     164     64.82         0      inf    0.16  unknown    Tue 00:21  
hframe_medium running                       3/150     185     81.30         0      inf    0.16  unknown    Tue 00:21  
hframe_thick  running                       3/150     144    102.81         2 1.51e+03    0.17  unknown    Tue 00:21  
noise0        running                       4/150      97     10.75         0      inf    0.17  unknown    Tue 00:21  
[2J[Hsession planx_ms2: started Mon 20:51, budget ends Tue 00:21, now Mon 21:02:37, 4 runs x 3 threads
run           state                            it    s/it   mean mT   N_green  F $/vox   hours  expected   latest     
hframe_thin   running                       3/150     164     64.82         0      inf    0.16  unknown    Tue 00:21  
hframe_medium running                       3/150     185     81.30         0      inf    0.16  unknown    Tue 00:21  
hframe_thick  running                       3/150     144    102.81         2 1.51e+03    0.17  unknown    Tue 00:21  
noise0        running                       4/150      97     10.75         0      inf    0.17  unknown    Tue 00:21  
[2J[Hsession planx_ms2: started Mon 20:51, budget ends Tue 00:21, now Mon 21:03:07, 4 runs x 3 threads
run           state                            it    s/it   mean mT   N_green  F $/vox   hours  expected   latest     
hframe_thin   running                       4/150     151     66.29         0      inf    0.19  unknown    Tue 00:21  
hframe_medium running                       3/150     185     81.30         0      inf    0.16  unknown    Tue 00:21  
hframe_thick  running                       3/150     144    102.81         2 1.51e+03    0.17  unknown    Tue 00:21  
noise0        running                       5/150      86     11.73         0      inf    0.19  unknown    Tue 00:21  
[2J[Hsession planx_ms2: started Mon 20:51, budget ends Tue 00:21, now Mon 21:03:37, 4 runs x 3 threads
run           state                            it    s/it   mean mT   N_green  F $/vox   hours  expected   latest     
hframe_thin   running                       4/150     151     66.29         0      inf    0.19  unknown    Tue 00:21  
hframe_medium running                       3/150     185     81.30         0      inf    0.16  unknown    Tue 00:21  
hframe_thick  running                       3/150     144    102.81         2 1.51e+03    0.17  unknown    Tue 00:21  
noise0        running                       5/150      86     11.73         0      inf    0.19  unknown    Tue 00:21  
[2J[Hsession planx_ms2: started Mon 20:51, budget ends Tue 00:21, now Mon 21:04:07, 4 runs x 3 threads
run           state                            it    s/it   mean mT   N_green  F $/vox   hours  expected   latest     
hframe_thin   running                       4/150     151     66.29         0      inf    0.19  unknown    Tue 00:21  
hframe_medium running                       4/150     160     82.72         1 2.91e+03    0.20  unknown    Tue 00:21  
hframe_thick  running                       4/150     122    104.51         4      764    0.20  unknown    Tue 00:21  
noise0        running                       5/150      86     11.73         0      inf    0.19  unknown    Tue 00:21  
[2J[Hsession planx_ms2: started Mon 20:51, budget ends Tue 00:21, now Mon 21:04:37, 4 runs x 3 threads
run           state                            it    s/it   mean mT   N_green  F $/vox   hours  expected   latest     
hframe_thin   running                       4/150     151     66.29         0      inf    0.19  unknown    Tue 00:21  
hframe_medium running                       4/150     160     82.72         1 2.91e+03    0.20  unknown    Tue 00:21  
hframe_thick  running                       4/150     122    104.51         4      764    0.20  unknown    Tue 00:21  
noise0        running                       6/150      80     12.71         0      inf    0.21  unknown    Tue 00:15  
[2J[Hsession planx_ms2: started Mon 20:51, budget ends Tue 00:21, now Mon 21:05:07, 4 runs x 3 threads
run           state                            it    s/it   mean mT   N_green  F $/vox   hours  expected   latest     
hframe_thin   running                       4/150     151     66.29         0      inf    0.19  unknown    Tue 00:21  
hframe_medium running                       4/150     160     82.72         1 2.91e+03    0.20  unknown    Tue 00:21  
hframe_thick  running                       4/150     122    104.51         4      764    0.20  unknown    Tue 00:21  
noise0        running                       6/150      80     12.71         0      inf    0.21  unknown    Tue 00:15  
[2J[Hsession planx_ms2: started Mon 20:51, budget ends Tue 00:21, now Mon 21:05:37, 4 runs x 3 threads
run           state                            it    s/it   mean mT   N_green  F $/vox   hours  expected   latest     
hframe_thin   running                       4/150     151     66.29         0      inf    0.19  unknown    Tue 00:21  
hframe_medium running                       4/150     160     82.72         1 2.91e+03    0.20  unknown    Tue 00:21  
hframe_thick  running                       4/150     122    104.51         4      764    0.20  unknown    Tue 00:21  
noise0        running                       6/150      80     12.71         0      inf    0.21  unknown    Tue 00:15  
[2J[Hsession planx_ms2: started Mon 20:51, budget ends Tue 00:21, now Mon 21:06:07, 4 runs x 3 threads
run           state                            it    s/it   mean mT   N_green  F $/vox   hours  expected   latest     
hframe_thin   running                       4/150     151     66.29         0      inf    0.19  unknown    Tue 00:21  
hframe_medium running                       5/150     135     83.03         0      inf    0.23  unknown    Tue 00:21  
hframe_thick  running                       5/150     130    105.71         3 1.03e+03    0.24  unknown    Tue 00:21  
noise0        running                       7/150      86     13.65         0      inf    0.24  unknown    Tue 00:21  
[2J[Hsession planx_ms2: started Mon 20:51, budget ends Tue 00:21, now Mon 21:06:37, 4 runs x 3 threads
run           state                            it    s/it   mean mT   N_green  F $/vox   hours  expected   latest     
hframe_thin   running                       4/150     151     66.29         0      inf    0.19  unknown    Tue 00:21  
hframe_medium running                       5/150     135     83.03         0      inf    0.23  unknown    Tue 00:21  
hframe_thick  running                       5/150     130    105.71         3 1.03e+03    0.24  unknown    Tue 00:21  
noise0        running                       7/150      86     13.65         0      inf    0.24  unknown    Tue 00:21  
[2J[Hsession planx_ms2: started Mon 20:51, budget ends Tue 00:21, now Mon 21:07:07, 4 runs x 3 threads
run           state                            it    s/it   mean mT   N_green  F $/vox   hours  expected   latest     
hframe_thin   running                       5/150     164     67.62         0      inf    0.25  unknown    Tue 00:21  
hframe_medium running                       5/150     135     83.03         0      inf    0.23  unknown    Tue 00:21  
hframe_thick  running                       5/150     130    105.71         3 1.03e+03    0.24  unknown    Tue 00:21  
noise0        running                       7/150      86     13.65         0      inf    0.24  unknown    Tue 00:21  
[2J[Hsession planx_ms2: started Mon 20:51, budget ends Tue 00:21, now Mon 21:07:37, 4 runs x 3 threads
run           state                            it    s/it   mean mT   N_green  F $/vox   hours  expected   latest     
hframe_thin   running                       5/150     164     67.62         0      inf    0.25  unknown    Tue 00:21  
hframe_medium running                       6/150     128     89.96         1 2.93e+03    0.26  unknown    Tue 00:21  
hframe_thick  running                       5/150     130    105.71         3 1.03e+03    0.24  unknown    Tue 00:21  
noise0        running                       7/150      86     13.65         0      inf    0.24  unknown    Tue 00:21  
[2J[Hsession planx_ms2: started Mon 20:51, budget ends Tue 00:21, now Mon 21:08:07, 4 runs x 3 threads
run           state                            it    s/it   mean mT   N_green  F $/vox   hours  expected   latest     
hframe_thin   running                       5/150     164     67.62         0      inf    0.25  unknown    Tue 00:21  
hframe_medium running                       6/150     128     89.96         1 2.93e+03    0.26  unknown    Tue 00:21  
hframe_thick  running                       6/150     118    106.99         2 1.55e+03    0.27  unknown    Tue 00:21  
noise0        running                       8/150      93     14.65         0      inf    0.27  unknown    Tue 00:21  
[2J[Hsession planx_ms2: started Mon 20:51, budget ends Tue 00:21, now Mon 21:08:37, 4 runs x 3 threads
run           state                            it    s/it   mean mT   N_green  F $/vox   hours  expected   latest     
hframe_thin   running                       5/150     164     67.62         0      inf    0.25  unknown    Tue 00:21  
hframe_medium running                       6/150     128     89.96         1 2.93e+03    0.26  unknown    Tue 00:21  
hframe_thick  running                       6/150     118    106.99         2 1.55e+03    0.27  unknown    Tue 00:21  
noise0        running                       8/150      93     14.65         0      inf    0.27  unknown    Tue 00:21  
[2J[Hsession planx_ms2: started Mon 20:51, budget ends Tue 00:21, now Mon 21:09:07, 4 runs x 3 threads
run           state                            it    s/it   mean mT   N_green  F $/vox   hours  expected   latest     
hframe_thin   running                       6/150     151     68.09         0      inf    0.29  unknown    Tue 00:21  
hframe_medium running                       6/150     128     89.96         1 2.93e+03    0.26  unknown    Tue 00:21  
hframe_thick  running                       6/150     118    106.99         2 1.55e+03    0.27  unknown    Tue 00:21  
noise0        running                       8/150      93     14.65         0      inf    0.27  unknown    Tue 00:21  
[2J[Hsession planx_ms2: started Mon 20:51, budget ends Tue 00:21, now Mon 21:09:37, 4 runs x 3 threads
run           state                            it    s/it   mean mT   N_green  F $/vox   hours  expected   latest     
hframe_thin   running                       6/150     151     68.09         0      inf    0.29  unknown    Tue 00:21  
hframe_medium running                       6/150     128     89.96         1 2.93e+03    0.26  unknown    Tue 00:21  
hframe_thick  running                       6/150     118    106.99         2 1.55e+03    0.27  unknown    Tue 00:21  
noise0        running                       9/150     100     15.76         0      inf    0.29  unknown    Tue 00:21  
[2J[Hsession planx_ms2: started Mon 20:51, budget ends Tue 00:21, now Mon 21:10:07, 4 runs x 3 threads
run           state                            it    s/it   mean mT   N_green  F $/vox   hours  expected   latest     
hframe_thin   running                       6/150     151     68.09         0      inf    0.29  unknown    Tue 00:21  
hframe_medium running                       6/150     128     89.96         1 2.93e+03    0.26  unknown    Tue 00:21  
hframe_thick  running                       7/150     115    108.95         3 1.05e+03    0.30  unknown    Tue 00:21  
noise0        running                       9/150     100     15.76         0      inf    0.29  unknown    Tue 00:21  
[2J[Hsession planx_ms2: started Mon 20:51, budget ends Tue 00:21, now Mon 21:10:37, 4 runs x 3 threads
run           state                            it    s/it   mean mT   N_green  F $/vox   hours  expected   latest     
hframe_thin   running                       6/150     151     68.09         0      inf    0.29  unknown    Tue 00:21  
hframe_medium running                       7/150     135     92.23         1 2.94e+03    0.31  unknown    Tue 00:21  
hframe_thick  running                       7/150     115    108.95         3 1.05e+03    0.30  unknown    Tue 00:21  
noise0        running                       9/150     100     15.76         0      inf    0.29  unknown    Tue 00:21  
[2J[Hsession planx_ms2: started Mon 20:51, budget ends Tue 00:21, now Mon 21:11:07, 4 runs x 3 threads
run           state                            it    s/it   mean mT   N_green  F $/vox   hours  expected   latest     
hframe_thin   running                       6/150     151     68.09         0      inf    0.29  unknown    Tue 00:21  
hframe_medium running                       7/150     135     92.23         1 2.94e+03    0.31  unknown    Tue 00:21  
hframe_thick  running                       7/150     115    108.95         3 1.05e+03    0.30  unknown    Tue 00:21  
noise0        running                      10/150      93     16.95         0      inf    0.32  unknown    Tue 00:21  
[2J[Hsession planx_ms2: started Mon 20:51, budget ends Tue 00:21, now Mon 21:11:37, 4 runs x 3 threads
run           state                            it    s/it   mean mT   N_green  F $/vox   hours  expected   latest     
hframe_thin   running                       6/150     151     68.09         0      inf    0.29  unknown    Tue 00:21  
hframe_medium running                       7/150     135     92.23         1 2.94e+03    0.31  unknown    Tue 00:21  
hframe_thick  running                       7/150     115    108.95         3 1.05e+03    0.30  unknown    Tue 00:21  
noise0        running                      10/150      93     16.95         0      inf    0.32  unknown    Tue 00:21  
[2J[Hsession planx_ms2: started Mon 20:51, budget ends Tue 00:21, now Mon 21:12:07, 4 runs x 3 threads
run           state                            it    s/it   mean mT   N_green  F $/vox   hours  expected   latest     
hframe_thin   running                       6/150     151     68.09         0      inf    0.29  unknown    Tue 00:21  
hframe_medium running                       7/150     135     92.23         1 2.94e+03    0.31  unknown    Tue 00:21  
hframe_thick  running                       8/150     117    115.25         3 1.05e+03    0.33  unknown    Tue 00:21  
noise0        running                      10/150      93     16.95         0      inf    0.32  unknown    Tue 00:21  
[2J[Hsession planx_ms2: started Mon 20:51, budget ends Tue 00:21, now Mon 21:12:37, 4 runs x 3 threads
run           state                            it    s/it   mean mT   N_green  F $/vox   hours  expected   latest     
hframe_thin   running                       7/150     164     68.38         0      inf    0.34  unknown    Tue 00:21  
hframe_medium running                       7/150     135     92.23         1 2.94e+03    0.31  unknown    Tue 00:21  
hframe_thick  running                       8/150     117    115.25         3 1.05e+03    0.33  unknown    Tue 00:21  
noise0        running                      11/150     100     18.18         0      inf    0.35  unknown    Tue 00:21  
[2J[Hsession planx_ms2: started Mon 20:51, budget ends Tue 00:21, now Mon 21:13:07, 4 runs x 3 threads
run           state                            it    s/it   mean mT   N_green  F $/vox   hours  expected   latest     
hframe_thin   running                       7/150     164     68.38         0      inf    0.34  unknown    Tue 00:21  
hframe_medium running                       7/150     135     92.23         1 2.94e+03    0.31  unknown    Tue 00:21  
hframe_thick  running                       8/150     117    115.25         3 1.05e+03    0.33  unknown    Tue 00:21  
noise0        running                      11/150     100     18.18         0      inf    0.35  unknown    Tue 00:21  
[2J[Hsession planx_ms2: started Mon 20:51, budget ends Tue 00:21, now Mon 21:13:37, 4 runs x 3 threads
run           state                            it    s/it   mean mT   N_green  F $/vox   hours  expected   latest     
hframe_thin   running                       7/150     164     68.38         0      inf    0.34  unknown    Tue 00:21  
hframe_medium running                       7/150     135     92.23         1 2.94e+03    0.31  unknown    Tue 00:21  
hframe_thick  running                       8/150     117    115.25         3 1.05e+03    0.33  unknown    Tue 00:21  
noise0        running                      11/150     100     18.18         0      inf    0.35  unknown    Tue 00:21  
[2J[Hsession planx_ms2: started Mon 20:51, budget ends Tue 00:21, now Mon 21:14:07, 4 runs x 3 threads
run           state                            it    s/it   mean mT   N_green  F $/vox   hours  expected   latest     
hframe_thin   running                       7/150     164     68.38         0      inf    0.34  unknown    Tue 00:21  
hframe_medium running                       8/150     146     95.67         1 2.94e+03    0.37  unknown    Tue 00:21  
hframe_thick  running                       8/150     117    115.25         3 1.05e+03    0.33  unknown    Tue 00:21  
noise0        running                      11/150     100     18.18         0      inf    0.35  unknown    Tue 00:21  
[2J[Hsession planx_ms2: started Mon 20:51, budget ends Tue 00:21, now Mon 21:14:37, 4 runs x 3 threads
run           state                            it    s/it   mean mT   N_green  F $/vox   hours  expected   latest     
hframe_thin   running                       7/150     164     68.38         0      inf    0.34  unknown    Tue 00:21  
hframe_medium running                       8/150     146     95.67         1 2.94e+03    0.37  unknown    Tue 00:21  
hframe_thick  running                       8/150     117    115.25         3 1.05e+03    0.33  unknown    Tue 00:21  
noise0        running                      11/150     100     18.18         0      inf    0.35  unknown    Tue 00:21  
[2J[Hsession planx_ms2: started Mon 20:51, budget ends Tue 00:21, now Mon 21:15:07, 4 runs x 3 threads
run           state                            it    s/it   mean mT   N_green  F $/vox   hours  expected   latest     
hframe_thin   running                       8/150     157     68.59         0      inf    0.39  unknown    Tue 00:21  
hframe_medium running                       8/150     146     95.67         1 2.94e+03    0.37  unknown    Tue 00:21  
hframe_thick  running                       8/150     117    115.25         3 1.05e+03    0.33  unknown    Tue 00:21  
noise0        running                      11/150     100     18.18         0      inf    0.35  unknown    Tue 00:21  
[2J[Hsession planx_ms2: started Mon 20:51, budget ends Tue 00:21, now Mon 21:15:37, 4 runs x 3 threads
run           state                            it    s/it   mean mT   N_green  F $/vox   hours  expected   latest     
hframe_thin   running                       8/150     157     68.59         0      inf    0.39  unknown    Tue 00:21  
hframe_medium running                       9/150     135     97.59         1 2.95e+03    0.40  unknown    Tue 00:21  
hframe_thick  running                       8/150     117    115.25         3 1.05e+03    0.33  unknown    Tue 00:21  
noise0        running                      12/150     101     19.41         0      inf    0.39  unknown    Tue 00:21  
[2J[Hsession planx_ms2: started Mon 20:51, budget ends Tue 00:21, now Mon 21:16:07, 4 runs x 3 threads
run           state                            it    s/it   mean mT   N_green  F $/vox   hours  expected   latest     
hframe_thin   running                       8/150     157     68.59         0      inf    0.39  unknown    Tue 00:21  
hframe_medium running                       9/150     135     97.59         1 2.95e+03    0.40  unknown    Tue 00:21  
hframe_thick  running                       8/150     117    115.25         3 1.05e+03    0.33  unknown    Tue 00:21  
noise0        running                      12/150     101     19.41         0      inf    0.39  unknown    Tue 00:21  
[2J[Hsession planx_ms2: started Mon 20:51, budget ends Tue 00:21, now Mon 21:16:37, 4 runs x 3 threads
run           state                            it    s/it   mean mT   N_green  F $/vox   hours  expected   latest     
hframe_thin   running                       8/150     157     68.59         0      inf    0.39  unknown    Tue 00:21  
hframe_medium running                       9/150     135     97.59         1 2.95e+03    0.40  unknown    Tue 00:21  
hframe_thick  running                       8/150     117    115.25         3 1.05e+03    0.33  unknown    Tue 00:21  
noise0        running                      12/150     101     19.41         0      inf    0.39  unknown    Tue 00:21  
[2J[Hsession planx_ms2: started Mon 20:51, budget ends Tue 00:21, now Mon 21:17:07, 4 runs x 3 threads
run           state                            it    s/it   mean mT   N_green  F $/vox   hours  expected   latest     
hframe_thin   running                       8/150     157     68.59         0      inf    0.39  unknown    Tue 00:21  
hframe_medium running                       9/150     135     97.59         1 2.95e+03    0.40  unknown    Tue 00:21  
hframe_thick  running                       9/150     118    120.17        72     43.8    0.42  unknown    Tue 00:21  
noise0        running                      13/150     100     20.67         0      inf    0.42  unknown    Tue 00:21  
[2J[Hsession planx_ms2: started Mon 20:51, budget ends Tue 00:21, now Mon 21:17:37, 4 runs x 3 threads
run           state                            it    s/it   mean mT   N_green  F $/vox   hours  expected   latest     
hframe_thin   running                       9/150     151     68.90         0      inf    0.43  unknown    Tue 00:21  
hframe_medium running                      10/150     128     98.04         1 2.95e+03    0.43  unknown    Tue 00:21  
hframe_thick  running                       9/150     118    120.17        72     43.8    0.42  unknown    Tue 00:21  
noise0        running                      13/150     100     20.67         0      inf    0.42  unknown    Tue 00:21  
[2J[Hsession planx_ms2: started Mon 20:51, budget ends Tue 00:21, now Mon 21:18:07, 4 runs x 3 threads
run           state                            it    s/it   mean mT   N_green  F $/vox   hours  expected   latest     
hframe_thin   running                       9/150     151     68.90         0      inf    0.43  unknown    Tue 00:21  
hframe_medium running                      10/150     128     98.04         1 2.95e+03    0.43  unknown    Tue 00:21  
hframe_thick  running                       9/150     118    120.17        72     43.8    0.42  unknown    Tue 00:21  
noise0        running                      13/150     100     20.67         0      inf    0.42  unknown    Tue 00:21  
[2J[Hsession planx_ms2: started Mon 20:51, budget ends Tue 00:21, now Mon 21:18:37, 4 runs x 3 threads
run           state                            it    s/it   mean mT   N_green  F $/vox   hours  expected   latest     
hframe_thin   running                       9/150     151     68.90         0      inf    0.43  unknown    Tue 00:21  
hframe_medium running                      10/150     128     98.04         1 2.95e+03    0.43  unknown    Tue 00:21  
hframe_thick  running                      10/150     117    124.76        72     43.9    0.45  unknown    Tue 00:21  
noise0        running                      14/150      97     21.87         0      inf    0.44  unknown    Tue 00:21  
[2J[Hsession planx_ms2: started Mon 20:51, budget ends Tue 00:21, now Mon 21:19:07, 4 runs x 3 threads
run           state                            it    s/it   mean mT   N_green  F $/vox   hours  expected   latest     
hframe_thin   running                       9/150     151     68.90         0      inf    0.43  unknown    Tue 00:21  
hframe_medium running                      10/150     128     98.04         1 2.95e+03    0.43  unknown    Tue 00:21  
hframe_thick  running                      10/150     117    124.76        72     43.9    0.45  unknown    Tue 00:21  
noise0        running                      14/150      97     21.87         0      inf    0.44  unknown    Tue 00:21  
[2J[Hsession planx_ms2: started Mon 20:51, budget ends Tue 00:21, now Mon 21:19:37, 4 runs x 3 threads
run           state                            it    s/it   mean mT   N_green  F $/vox   hours  expected   latest     
hframe_thin   running                       9/150     151     68.90         0      inf    0.43  unknown    Tue 00:21  
hframe_medium running                      10/150     128     98.04         1 2.95e+03    0.43  unknown    Tue 00:21  
hframe_thick  running                      10/150     117    124.76        72     43.9    0.45  unknown    Tue 00:21  
noise0        running                      15/150      94     23.06         0      inf    0.46  unknown    Tue 00:21  
[2J[Hsession planx_ms2: started Mon 20:51, budget ends Tue 00:21, now Mon 21:20:07, 4 runs x 3 threads
run           state                            it    s/it   mean mT   N_green  F $/vox   hours  expected   latest     
hframe_thin   running                      10/150     157     69.32         0      inf    0.47  unknown    Tue 00:21  
hframe_medium running                      10/150     128     98.04         1 2.95e+03    0.43  unknown    Tue 00:21  
hframe_thick  running                      11/150     115    128.31        28      113    0.47  unknown    Tue 00:21  
noise0        running                      15/150      94     23.06         0      inf    0.46  unknown    Tue 00:21  
[2J[Hsession planx_ms2: started Mon 20:51, budget ends Tue 00:21, now Mon 21:20:37, 4 runs x 3 threads
run           state                            it    s/it   mean mT   N_green  F $/vox   hours  expected   latest     
hframe_thin   running                      10/150     157     69.32         0      inf    0.47  unknown    Tue 00:21  
hframe_medium running                      10/150     128     98.04         1 2.95e+03    0.43  unknown    Tue 00:21  
hframe_thick  running                      11/150     115    128.31        28      113    0.47  unknown    Tue 00:21  
noise0        running                      15/150      94     23.06         0      inf    0.46  unknown    Tue 00:21  
[2J[Hsession planx_ms2: started Mon 20:51, budget ends Tue 00:21, now Mon 21:21:07, 4 runs x 3 threads
run           state                            it    s/it   mean mT   N_green  F $/vox   hours  expected   latest     
hframe_thin   running                      10/150     157     69.32         0      inf    0.47  unknown    Tue 00:21  
hframe_medium running                      10/150     128     98.04         1 2.95e+03    0.43  unknown    Tue 00:21  
hframe_thick  running                      11/150     115    128.31        28      113    0.47  unknown    Tue 00:21  
noise0        running                      16/150      94     24.18         0      inf    0.49  unknown    Tue 00:21  
[2J[Hsession planx_ms2: started Mon 20:51, budget ends Tue 00:21, now Mon 21:21:37, 4 runs x 3 threads
run           state                            it    s/it   mean mT   N_green  F $/vox   hours  expected   latest     
hframe_thin   running                      10/150     157     69.32         0      inf    0.47  unknown    Tue 00:21  
hframe_medium running                      10/150     128     98.04         1 2.95e+03    0.43  unknown    Tue 00:21  
hframe_thick  running                      12/150     111    130.67        14      227    0.50  unknown    Tue 00:21  
noise0        running                      16/150      94     24.18         0      inf    0.49  unknown    Tue 00:21  
[2J[Hsession planx_ms2: started Mon 20:51, budget ends Tue 00:21, now Mon 21:22:07, 4 runs x 3 threads
run           state                            it    s/it   mean mT   N_green  F $/vox   hours  expected   latest     
hframe_thin   running                      10/150     157     69.32         0      inf    0.47  unknown    Tue 00:21  
hframe_medium running                      10/150     128     98.04         1 2.95e+03    0.43  unknown    Tue 00:21  
hframe_thick  running                      12/150     111    130.67        14      227    0.50  unknown    Tue 00:21  
noise0        running                      16/150      94     24.18         0      inf    0.49  unknown    Tue 00:21  
[2J[Hsession planx_ms2: started Mon 20:51, budget ends Tue 00:21, now Mon 21:22:37, 4 runs x 3 threads
run           state                            it    s/it   mean mT   N_green  F $/vox   hours  expected   latest     
hframe_thin   running                      10/150     157     69.32         0      inf    0.47  unknown    Tue 00:21  
hframe_medium running                      10/150     128     98.04         1 2.95e+03    0.43  unknown    Tue 00:21  
hframe_thick  running                      12/150     111    130.67        14      227    0.50  unknown    Tue 00:21  
noise0        running                      17/150      80     25.44         0      inf    0.51  unknown    Tue 00:18  
[2J[Hsession planx_ms2: started Mon 20:51, budget ends Tue 00:21, now Mon 21:23:07, 4 runs x 3 threads
run           state                            it    s/it   mean mT   N_green  F $/vox   hours  expected   latest     
hframe_thin   running                      11/150     152     73.42         0      inf    0.52  unknown    Tue 00:21  
hframe_medium running                      10/150     128     98.04         1 2.95e+03    0.43  unknown    Tue 00:21  
hframe_thick  running                      13/150     106    131.96        16      199    0.52  unknown    Tue 00:21  
noise0        running                      17/150      80     25.44         0      inf    0.51  unknown    Tue 00:18  
[2J[Hsession planx_ms2: started Mon 20:51, budget ends Tue 00:21, now Mon 21:23:37, 4 runs x 3 threads
run           state                            it    s/it   mean mT   N_green  F $/vox   hours  expected   latest     
hframe_thin   running                      11/150     152     73.42         0      inf    0.52  unknown    Tue 00:21  
hframe_medium running                      10/150     128     98.04         1 2.95e+03    0.43  unknown    Tue 00:21  
hframe_thick  running                      13/150     106    131.96        16      199    0.52  unknown    Tue 00:21  
noise0        running                      17/150      80     25.44         0      inf    0.51  unknown    Tue 00:18  
[2J[Hsession planx_ms2: started Mon 20:51, budget ends Tue 00:21, now Mon 21:24:07, 4 runs x 3 threads
run           state                            it    s/it   mean mT   N_green  F $/vox   hours  expected   latest     
hframe_thin   running                      11/150     152     73.42         0      inf    0.52  unknown    Tue 00:21  
hframe_medium running                      10/150     128     98.04         1 2.95e+03    0.43  unknown    Tue 00:21  
hframe_thick  running                      13/150     106    131.96        16      199    0.52  unknown    Tue 00:21  
noise0        running                      18/150      80     26.95         0      inf    0.54  unknown    Tue 00:19  
[2J[Hsession planx_ms2: started Mon 20:51, budget ends Tue 00:21, now Mon 21:24:37, 4 runs x 3 threads
run           state                            it    s/it   mean mT   N_green  F $/vox   hours  expected   latest     
hframe_thin   running                      11/150     152     73.42         0      inf    0.52  unknown    Tue 00:21  
hframe_medium running                      10/150     128     98.04         1 2.95e+03    0.43  unknown    Tue 00:21  
hframe_thick  running                      14/150     103    132.48        10      320    0.55  unknown    Tue 00:21  
noise0        running                      18/150      80     26.95         0      inf    0.54  unknown    Tue 00:19  
[2J[Hsession planx_ms2: started Mon 20:51, budget ends Tue 00:21, now Mon 21:25:07, 4 runs x 3 threads
run           state                            it    s/it   mean mT   N_green  F $/vox   hours  expected   latest     
hframe_thin   running                      11/150     152     73.42         0      inf    0.52  unknown    Tue 00:21  
hframe_medium running                      10/150     128     98.04         1 2.95e+03    0.43  unknown    Tue 00:21  
hframe_thick  running                      14/150     103    132.48        10      320    0.55  unknown    Tue 00:21  
noise0        running                      18/150      80     26.95         0      inf    0.54  unknown    Tue 00:19  
[2J[Hsession planx_ms2: started Mon 20:51, budget ends Tue 00:21, now Mon 21:25:37, 4 runs x 3 threads
run           state                            it    s/it   mean mT   N_green  F $/vox   hours  expected   latest     
hframe_thin   running                      12/150     152     79.45         0      inf    0.56  unknown    Tue 00:21  
hframe_medium running                      10/150     128     98.04         1 2.95e+03    0.43  unknown    Tue 00:21  
hframe_thick  running                      14/150     103    132.48        10      320    0.55  unknown    Tue 00:21  
noise0        running                      19/150      84     28.75         0      inf    0.56  unknown    Tue 00:21  
[2J[Hsession planx_ms2: started Mon 20:51, budget ends Tue 00:21, now Mon 21:26:07, 4 runs x 3 threads
run           state                            it    s/it   mean mT   N_green  F $/vox   hours  expected   latest     
hframe_thin   running                      12/150     152     79.45         0      inf    0.56  unknown    Tue 00:21  
hframe_medium running                      10/150     128     98.04         1 2.95e+03    0.43  unknown    Tue 00:21  
hframe_thick  running                      15/150     100    132.62        12      267    0.57  unknown    Tue 00:21  
noise0        running                      19/150      84     28.75         0      inf    0.56  unknown    Tue 00:21  
[2J[Hsession planx_ms2: started Mon 20:51, budget ends Tue 00:21, now Mon 21:26:37, 4 runs x 3 threads
run           state                            it    s/it   mean mT   N_green  F $/vox   hours  expected   latest     
hframe_thin   running                      12/150     152     79.45         0      inf    0.56  unknown    Tue 00:21  
hframe_medium running                      10/150     128     98.04         1 2.95e+03    0.43  unknown    Tue 00:21  
hframe_thick  running                      15/150     100    132.62        12      267    0.57  unknown    Tue 00:21  
noise0        running                      19/150      84     28.75         0      inf    0.56  unknown    Tue 00:21  
[2J[Hsession planx_ms2: started Mon 20:51, budget ends Tue 00:21, now Mon 21:27:07, 4 runs x 3 threads
run           state                            it    s/it   mean mT   N_green  F $/vox   hours  expected   latest     
hframe_thin   running                      12/150     152     79.45         0      inf    0.56  unknown    Tue 00:21  
hframe_medium running                      10/150     128     98.04         1 2.95e+03    0.43  unknown    Tue 00:21  
hframe_thick  running                      15/150     100    132.62        12      267    0.57  unknown    Tue 00:21  
noise0        running                      20/150      84     30.73         0      inf    0.58  unknown    Tue 00:21  
[2J[Hsession planx_ms2: started Mon 20:51, budget ends Tue 00:21, now Mon 21:27:37, 4 runs x 3 threads
run           state                            it    s/it   mean mT   N_green  F $/vox   hours  expected   latest     
hframe_thin   running                      12/150     152     79.45         0      inf    0.56  unknown    Tue 00:21  
hframe_medium running                      10/150     128     98.04         1 2.95e+03    0.43  unknown    Tue 00:21  
hframe_thick  running                      16/150      99    132.66        28      115    0.59  unknown    Tue 00:21  
noise0        running                      20/150      84     30.73         0      inf    0.58  unknown    Tue 00:21  
[2J[Hsession planx_ms2: started Mon 20:51, budget ends Tue 00:21, now Mon 21:28:07, 4 runs x 3 threads
run           state                            it    s/it   mean mT   N_green  F $/vox   hours  expected   latest     
hframe_thin   running                      12/150     152     79.45         0      inf    0.56  unknown    Tue 00:21  
hframe_medium running                      10/150     128     98.04         1 2.95e+03    0.43  unknown    Tue 00:21  
hframe_thick  running                      16/150      99    132.66        28      115    0.59  unknown    Tue 00:21  
noise0        running                      21/150      84     32.65         0      inf    0.61  unknown    Tue 00:21  
[2J[Hsession planx_ms2: started Mon 20:51, budget ends Tue 00:21, now Mon 21:28:37, 4 runs x 3 threads
run           state                            it    s/it   mean mT   N_green  F $/vox   hours  expected   latest     
hframe_thin   running                      13/150     152     81.95         0      inf    0.61  unknown    Tue 00:21  
hframe_medium running                      10/150     128     98.04         1 2.95e+03    0.43  unknown    Tue 00:21  
hframe_thick  running                      16/150      99    132.66        28      115    0.59  unknown    Tue 00:21  
noise0        running                      21/150      84     32.65         0      inf    0.61  unknown    Tue 00:21  
[2J[Hsession planx_ms2: started Mon 20:51, budget ends Tue 00:21, now Mon 21:29:07, 4 runs x 3 threads
run           state                            it    s/it   mean mT   N_green  F $/vox   hours  expected   latest     
hframe_thin   running                      13/150     152     81.95         0      inf    0.61  unknown    Tue 00:21  
hframe_medium running                      10/150     128     98.04         1 2.95e+03    0.43  unknown    Tue 00:21  
hframe_thick  running                      17/150      99    132.72        26      124    0.62  unknown    Tue 00:21  
noise0        running                      21/150      84     32.65         0      inf    0.61  unknown    Tue 00:21  
[2J[Hsession planx_ms2: started Mon 20:51, budget ends Tue 00:21, now Mon 21:29:37, 4 runs x 3 threads
run           state                            it    s/it   mean mT   N_green  F $/vox   hours  expected   latest     
hframe_thin   running                      13/150     152     81.95         0      inf    0.61  unknown    Tue 00:21  
hframe_medium running                      10/150     128     98.04         1 2.95e+03    0.43  unknown    Tue 00:21  
hframe_thick  running                      17/150      99    132.72        26      124    0.62  unknown    Tue 00:21  
noise0        running                      22/150      80     34.75         0      inf    0.62  unknown    Tue 00:19  
[2J[Hsession planx_ms2: started Mon 20:51, budget ends Tue 00:21, now Mon 21:30:07, 4 runs x 3 threads
run           state                            it    s/it   mean mT   N_green  F $/vox   hours  expected   latest     
hframe_thin   running                      13/150     152     81.95         0      inf    0.61  unknown    Tue 00:21  
hframe_medium running                      10/150     128     98.04         1 2.95e+03    0.43  unknown    Tue 00:21  
hframe_thick  running                      17/150      99    132.72        26      124    0.62  unknown    Tue 00:21  
noise0        running                      22/150      80     34.75         0      inf    0.62  unknown    Tue 00:19  
[2J[Hsession planx_ms2: started Mon 20:51, budget ends Tue 00:21, now Mon 21:30:37, 4 runs x 3 threads
run           state                            it    s/it   mean mT   N_green  F $/vox   hours  expected   latest     
hframe_thin   running                      13/150     152     81.95         0      inf    0.61  unknown    Tue 00:21  
hframe_medium running                      10/150     128     98.04         1 2.95e+03    0.43  unknown    Tue 00:21  
hframe_thick  running                      18/150      99    132.83        28      116    0.64  unknown    Tue 00:21  
noise0        running                      22/150      80     34.75         0      inf    0.62  unknown    Tue 00:19  
[2J[Hsession planx_ms2: started Mon 20:51, budget ends Tue 00:21, now Mon 21:31:07, 4 runs x 3 threads
run           state                            it    s/it   mean mT   N_green  F $/vox   hours  expected   latest     
hframe_thin   running                      13/150     152     81.95         0      inf    0.61  unknown    Tue 00:21  
hframe_medium running                      10/150     128     98.04         1 2.95e+03    0.43  unknown    Tue 00:21  
hframe_thick  running                      18/150      99    132.83        28      116    0.64  unknown    Tue 00:21  
noise0        running                      23/150      80     37.05         0      inf    0.65  unknown    Tue 00:19  
[2J[Hsession planx_ms2: started Mon 20:51, budget ends Tue 00:21, now Mon 21:31:37, 4 runs x 3 threads
run           state                            it    s/it   mean mT   N_green  F $/vox   hours  expected   latest     
hframe_thin   running                      13/150     152     81.95         0      inf    0.61  unknown    Tue 00:21  
hframe_medium running                      10/150     128     98.04         1 2.95e+03    0.43  unknown    Tue 00:21  
hframe_thick  running                      18/150      99    132.83        28      116    0.64  unknown    Tue 00:21  
noise0        running                      23/150      80     37.05         0      inf    0.65  unknown    Tue 00:19  
[2J[Hsession planx_ms2: started Mon 20:51, budget ends Tue 00:21, now Mon 21:32:07, 4 runs x 3 threads
run           state                            it    s/it   mean mT   N_green  F $/vox   hours  expected   latest     
hframe_thin   running                      13/150     152     81.95         0      inf    0.61  unknown    Tue 00:21  
hframe_medium running                      10/150     128     98.04         1 2.95e+03    0.43  unknown    Tue 00:21  
hframe_thick  running                      19/150      99    133.07        36     90.7    0.67  unknown    Tue 00:21  
noise0        running                      23/150      80     37.05         0      inf    0.65  unknown    Tue 00:19  
[2J[Hsession planx_ms2: started Mon 20:51, budget ends Tue 00:21, now Mon 21:32:37, 4 runs x 3 threads
run           state                            it    s/it   mean mT   N_green  F $/vox   hours  expected   latest     
hframe_thin   running                      13/150     152     81.95         0      inf    0.61  unknown    Tue 00:21  
hframe_medium running                      10/150     128     98.04         1 2.95e+03    0.43  unknown    Tue 00:21  
hframe_thick  running                      19/150      99    133.07        36     90.7    0.67  unknown    Tue 00:21  
noise0        running                      24/150      80     39.50         0      inf    0.68  unknown    Tue 00:19  
[2J[Hsession planx_ms2: started Mon 20:51, budget ends Tue 00:21, now Mon 21:33:07, 4 runs x 3 threads
run           state                            it    s/it   mean mT   N_green  F $/vox   hours  expected   latest     
hframe_thin   running                      13/150     152     81.95         0      inf    0.61  unknown    Tue 00:21  
hframe_medium running                      10/150     128     98.04         1 2.95e+03    0.43  unknown    Tue 00:21  
hframe_thick  running                      19/150      99    133.07        36     90.7    0.67  unknown    Tue 00:21  
noise0        running                      24/150      80     39.50         0      inf    0.68  unknown    Tue 00:19  
[2J[Hsession planx_ms2: started Mon 20:51, budget ends Tue 00:21, now Mon 21:33:37, 4 runs x 3 threads
run           state                            it    s/it   mean mT   N_green  F $/vox   hours  expected   latest     
hframe_thin   running                      13/150     152     81.95         0      inf    0.61  unknown    Tue 00:21  
hframe_medium running                      10/150     128     98.04         1 2.95e+03    0.43  unknown    Tue 00:21  
hframe_thick  running                      19/150      99    133.07        36     90.7    0.67  unknown    Tue 00:21  
noise0        running                      24/150      80     39.50         0      inf    0.68  unknown    Tue 00:19  
[2J[Hsession planx_ms2: started Mon 20:51, budget ends Tue 00:21, now Mon 21:34:07, 4 runs x 3 threads
run           state                            it    s/it   mean mT   N_green  F $/vox   hours  expected   latest     
hframe_thin   running                      13/150     152     81.95         0      inf    0.61  unknown    Tue 00:21  
hframe_medium running                      10/150     128     98.04         1 2.95e+03    0.43  unknown    Tue 00:21  
hframe_thick  running                      20/150      98    133.52         4      820    0.70  unknown    Tue 00:21  
noise0        running                      25/150      83     42.43         0      inf    0.70  unknown    Tue 00:21  
[2J[Hsession planx_ms2: started Mon 20:51, budget ends Tue 00:21, now Mon 21:34:37, 4 runs x 3 threads
run           state                            it    s/it   mean mT   N_green  F $/vox   hours  expected   latest     
hframe_thin   running                      13/150     152     81.95         0      inf    0.61  unknown    Tue 00:21  
hframe_medium running                      10/150     128     98.04         1 2.95e+03    0.43  unknown    Tue 00:21  
hframe_thick  running                      20/150      98    133.52         4      820    0.70  unknown    Tue 00:21  
noise0        running                      25/150      83     42.43         0      inf    0.70  unknown    Tue 00:21  
[2J[Hsession planx_ms2: started Mon 20:51, budget ends Tue 00:21, now Mon 21:35:07, 4 runs x 3 threads
run           state                            it    s/it   mean mT   N_green  F $/vox   hours  expected   latest     
hframe_thin   running                      13/150     152     81.95         0      inf    0.61  unknown    Tue 00:21  
hframe_medium running                      10/150     128     98.04         1 2.95e+03    0.43  unknown    Tue 00:21  
hframe_thick  running                      20/150      98    133.52         4      820    0.70  unknown    Tue 00:21  
noise0        running                      25/150      83     42.43         0      inf    0.70  unknown    Tue 00:21  
[2J[Hsession planx_ms2: started Mon 20:51, budget ends Tue 00:21, now Mon 21:35:37, 4 runs x 3 threads
run           state                            it    s/it   mean mT   N_green  F $/vox   hours  expected   latest     
hframe_thin   running                      13/150     152     81.95         0      inf    0.61  unknown    Tue 00:21  
hframe_medium running                      10/150     128     98.04         1 2.95e+03    0.43  unknown    Tue 00:21  
hframe_thick  running                      21/150      98    134.00         5      660    0.73  unknown    Tue 00:21  
noise0        running                      26/150      80     46.88         0      inf    0.73  unknown    Tue 00:19  
[2J[Hsession planx_ms2: started Mon 20:51, budget ends Tue 00:21, now Mon 21:36:07, 4 runs x 3 threads
run           state                            it    s/it   mean mT   N_green  F $/vox   hours  expected   latest     
hframe_thin   running                      14/150     158     83.81         0      inf    0.74  unknown    Tue 00:21  
hframe_medium running                      10/150     128     98.04         1 2.95e+03    0.43  unknown    Tue 00:21  
hframe_thick  running                      21/150      98    134.00         5      660    0.73  unknown    Tue 00:21  
noise0        running                      26/150      80     46.88         0      inf    0.73  unknown    Tue 00:19  
[2J[Hsession planx_ms2: started Mon 20:51, budget ends Tue 00:21, now Mon 21:36:37, 4 runs x 3 threads
run           state                            it    s/it   mean mT   N_green  F $/vox   hours  expected   latest     
hframe_thin   running                      14/150     158     83.81         0      inf    0.74  unknown    Tue 00:21  
hframe_medium running                      10/150     128     98.04         1 2.95e+03    0.43  unknown    Tue 00:21  
hframe_thick  running                      21/150      98    134.00         5      660    0.73  unknown    Tue 00:21  
noise0        running                      27/150      78     52.80         0      inf    0.75  unknown    Tue 00:16  
[2J[Hsession planx_ms2: started Mon 20:51, budget ends Tue 00:21, now Mon 21:37:07, 4 runs x 3 threads
run           state                            it    s/it   mean mT   N_green  F $/vox   hours  expected   latest     
hframe_thin   running                      14/150     158     83.81         0      inf    0.74  unknown    Tue 00:21  
hframe_medium running                      10/150     128     98.04         1 2.95e+03    0.43  unknown    Tue 00:21  
hframe_thick  running                      22/150      98    134.34         8      414    0.76  unknown    Tue 00:21  
noise0        running                      27/150      78     52.80         0      inf    0.75  unknown    Tue 00:16  
[2J[Hsession planx_ms2: started Mon 20:51, budget ends Tue 00:21, now Mon 21:37:37, 4 runs x 3 threads
run           state                            it    s/it   mean mT   N_green  F $/vox   hours  expected   latest     
hframe_thin   running                      14/150     158     83.81         0      inf    0.74  unknown    Tue 00:21  
hframe_medium running                      10/150     128     98.04         1 2.95e+03    0.43  unknown    Tue 00:21  
hframe_thick  running                      22/150      98    134.34         8      414    0.76  unknown    Tue 00:21  
noise0        running                      27/150      78     52.80         0      inf    0.75  unknown    Tue 00:16  
[2J[Hsession planx_ms2: started Mon 20:51, budget ends Tue 00:21, now Mon 21:38:07, 4 runs x 3 threads
run           state                            it    s/it   mean mT   N_green  F $/vox   hours  expected   latest     
hframe_thin   running                      14/150     158     83.81         0      inf    0.74  unknown    Tue 00:21  
hframe_medium running                      10/150     128     98.04         1 2.95e+03    0.43  unknown    Tue 00:21  
hframe_thick  running                      22/150      98    134.34         8      414    0.76  unknown    Tue 00:21  
noise0        running                      27/150      78     52.80         0      inf    0.75  unknown    Tue 00:16  
[2J[Hsession planx_ms2: started Mon 20:51, budget ends Tue 00:21, now Mon 21:38:37, 4 runs x 3 threads
run           state                            it    s/it   mean mT   N_green  F $/vox   hours  expected   latest     
hframe_thin   running                      14/150     158     83.81         0      inf    0.74  unknown    Tue 00:21  
hframe_medium running                      12/150     135     97.98         1 2.95e+03    0.78  unknown    Tue 00:21  
hframe_thick  running                      23/150      96    134.83        14      238    0.78  unknown    Tue 00:21  
noise0        running                      28/150      78     58.75         0      inf    0.77  unknown    Tue 00:17  
[2J[Hsession planx_ms2: started Mon 20:51, budget ends Tue 00:21, now Mon 21:39:07, 4 runs x 3 threads
run           state                            it    s/it   mean mT   N_green  F $/vox   hours  expected   latest     
hframe_thin   running                      15/150     163     86.40         0      inf    0.78  unknown    Tue 00:21  
hframe_medium running                      12/150     135     97.98         1 2.95e+03    0.78  unknown    Tue 00:21  
hframe_thick  running                      23/150      96    134.83        14      238    0.78  unknown    Tue 00:21  
noise0        running                      28/150      78     58.75         0      inf    0.77  unknown    Tue 00:17  
[2J[Hsession planx_ms2: started Mon 20:51, budget ends Tue 00:21, now Mon 21:39:37, 4 runs x 3 threads
run           state                            it    s/it   mean mT   N_green  F $/vox   hours  expected   latest     
hframe_thin   running                      15/150     163     86.40         0      inf    0.78  unknown    Tue 00:21  
hframe_medium running                      12/150     135     97.98         1 2.95e+03    0.78  unknown    Tue 00:21  
hframe_thick  running                      23/150      96    134.83        14      238    0.78  unknown    Tue 00:21  
noise0        running                      28/150      78     58.75         0      inf    0.77  unknown    Tue 00:17  
[2J[Hsession planx_ms2: started Mon 20:51, budget ends Tue 00:21, now Mon 21:40:07, 4 runs x 3 threads
run           state                            it    s/it   mean mT   N_green  F $/vox   hours  expected   latest     
hframe_thin   running                      15/150     163     86.40         0      inf    0.78  unknown    Tue 00:21  
hframe_medium running                      12/150     135     97.98         1 2.95e+03    0.78  unknown    Tue 00:21  
hframe_thick  running                      23/150      96    134.83        14      238    0.78  unknown    Tue 00:21  
noise0        running                      29/150      78     65.99         0      inf    0.80  unknown    Tue 00:17  
[2J[Hsession planx_ms2: started Mon 20:51, budget ends Tue 00:21, now Mon 21:40:37, 4 runs x 3 threads
run           state                            it    s/it   mean mT   N_green  F $/vox   hours  expected   latest     
hframe_thin   running                      15/150     163     86.40         0      inf    0.78  unknown    Tue 00:21  
hframe_medium running                      12/150     135     97.98         1 2.95e+03    0.78  unknown    Tue 00:21  
hframe_thick  running                      23/150      96    134.83        14      238    0.78  unknown    Tue 00:21  
noise0        running                      29/150      78     65.99         0      inf    0.80  unknown    Tue 00:17  
[2J[Hsession planx_ms2: started Mon 20:51, budget ends Tue 00:21, now Mon 21:41:07, 4 runs x 3 threads
run           state                            it    s/it   mean mT   N_green  F $/vox   hours  expected   latest     
hframe_thin   running                      15/150     163     86.40         0      inf    0.78  unknown    Tue 00:21  
hframe_medium running                      12/150     135     97.98         1 2.95e+03    0.78  unknown    Tue 00:21  
hframe_thick  running                      23/150      96    134.83        14      238    0.78  unknown    Tue 00:21  
noise0        running                      29/150      78     65.99         0      inf    0.80  unknown    Tue 00:17  
[2J[Hsession planx_ms2: started Mon 20:51, budget ends Tue 00:21, now Mon 21:41:37, 4 runs x 3 threads
run           state                            it    s/it   mean mT   N_green  F $/vox   hours  expected   latest     
hframe_thin   running                      16/150     163     88.36         0      inf    0.82  unknown    Tue 00:21  
hframe_medium running                      13/150     146     97.94         1 2.95e+03    0.82  unknown    Tue 00:21  
hframe_thick  running                      23/150      96    134.83        14      238    0.78  unknown    Tue 00:21  
noise0        running                      30/150      83     71.42         0      inf    0.83  unknown    Tue 00:21  
[2J[Hsession planx_ms2: started Mon 20:51, budget ends Tue 00:21, now Mon 21:42:07, 4 runs x 3 threads
run           state                            it    s/it   mean mT   N_green  F $/vox   hours  expected   latest     
hframe_thin   running                      16/150     163     88.36         0      inf    0.82  unknown    Tue 00:21  
hframe_medium running                      13/150     146     97.94         1 2.95e+03    0.82  unknown    Tue 00:21  
hframe_thick  running                      24/150      96    135.00        14      239    0.83  unknown    Tue 00:21  
noise0        running                      30/150      83     71.42         0      inf    0.83  unknown    Tue 00:21  
[2J[Hsession planx_ms2: started Mon 20:51, budget ends Tue 00:21, now Mon 21:42:37, 4 runs x 3 threads
run           state                            it    s/it   mean mT   N_green  F $/vox   hours  expected   latest     
hframe_thin   running                      16/150     163     88.36         0      inf    0.82  unknown    Tue 00:21  
hframe_medium running                      13/150     146     97.94         1 2.95e+03    0.82  unknown    Tue 00:21  
hframe_thick  running                      24/150      96    135.00        14      239    0.83  unknown    Tue 00:21  
noise0        running                      30/150      83     71.42         0      inf    0.83  unknown    Tue 00:21  
[2J[Hsession planx_ms2: started Mon 20:51, budget ends Tue 00:21, now Mon 21:43:07, 4 runs x 3 threads
run           state                            it    s/it   mean mT   N_green  F $/vox   hours  expected   latest     
hframe_thin   running                      16/150     163     88.36         0      inf    0.82  unknown    Tue 00:21  
hframe_medium running                      13/150     146     97.94         1 2.95e+03    0.82  unknown    Tue 00:21  
hframe_thick  running                      24/150      96    135.00        14      239    0.83  unknown    Tue 00:21  
noise0        running                      31/150      83     74.98         0      inf    0.85  unknown    Tue 00:21  
[2J[Hsession planx_ms2: started Mon 20:51, budget ends Tue 00:21, now Mon 21:43:37, 4 runs x 3 threads
run           state                            it    s/it   mean mT   N_green  F $/vox   hours  expected   latest     
hframe_thin   running                      17/150     152     88.60         0      inf    0.86  unknown    Tue 00:21  
hframe_medium running                      13/150     146     97.94         1 2.95e+03    0.82  unknown    Tue 00:21  
hframe_thick  running                      24/150      96    135.00        14      239    0.83  unknown    Tue 00:21  
noise0        running                      31/150      83     74.98         0      inf    0.85  unknown    Tue 00:21  
[2J[Hsession planx_ms2: started Mon 20:51, budget ends Tue 00:21, now Mon 21:44:07, 4 runs x 3 threads
run           state                            it    s/it   mean mT   N_green  F $/vox   hours  expected   latest     
hframe_thin   running                      17/150     152     88.60         0      inf    0.86  unknown    Tue 00:21  
hframe_medium running                      13/150     146     97.94         1 2.95e+03    0.82  unknown    Tue 00:21  
hframe_thick  running                      25/150      96    135.63        17      198    0.87  unknown    Tue 00:21  
noise0        running                      31/150      83     74.98         0      inf    0.85  unknown    Tue 00:21  
[2J[Hsession planx_ms2: started Mon 20:51, budget ends Tue 00:21, now Mon 21:44:37, 4 runs x 3 threads
run           state                            it    s/it   mean mT   N_green  F $/vox   hours  expected   latest     
hframe_thin   running                      17/150     152     88.60         0      inf    0.86  unknown    Tue 00:21  
hframe_medium running                      14/150     158     97.90         1 2.95e+03    0.88  unknown    Tue 00:21  
hframe_thick  running                      25/150      96    135.63        17      198    0.87  unknown    Tue 00:21  
noise0        running                      32/150      83     78.44         2  2.1e+03    0.88  unknown    Tue 00:21  
[2J[Hsession planx_ms2: started Mon 20:51, budget ends Tue 00:21, now Mon 21:45:07, 4 runs x 3 threads
run           state                            it    s/it   mean mT   N_green  F $/vox   hours  expected   latest     
hframe_thin   running                      17/150     152     88.60         0      inf    0.86  unknown    Tue 00:21  
hframe_medium running                      14/150     158     97.90         1 2.95e+03    0.88  unknown    Tue 00:21  
hframe_thick  running                      25/150      96    135.63        17      198    0.87  unknown    Tue 00:21  
noise0        running                      32/150      83     78.44         2  2.1e+03    0.88  unknown    Tue 00:21  
[2J[Hsession planx_ms2: started Mon 20:51, budget ends Tue 00:21, now Mon 21:45:37, 4 runs x 3 threads
run           state                            it    s/it   mean mT   N_green  F $/vox   hours  expected   latest     
hframe_thin   running                      17/150     152     88.60         0      inf    0.86  unknown    Tue 00:21  
hframe_medium running                      14/150     158     97.90         1 2.95e+03    0.88  unknown    Tue 00:21  
hframe_thick  running                      25/150      96    135.63        17      198    0.87  unknown    Tue 00:21  
noise0        running                      33/150      83     82.36         0      inf    0.90  unknown    Tue 00:21  
[2J[Hsession planx_ms2: started Mon 20:51, budget ends Tue 00:21, now Mon 21:46:07, 4 runs x 3 threads
run           state                            it    s/it   mean mT   N_green  F $/vox   hours  expected   latest     
hframe_thin   running                      17/150     152     88.60         0      inf    0.86  unknown    Tue 00:21  
hframe_medium running                      14/150     158     97.90         1 2.95e+03    0.88  unknown    Tue 00:21  
hframe_thick  running                      25/150      96    135.63        17      198    0.87  unknown    Tue 00:21  
noise0        running                      33/150      83     82.36         0      inf    0.90  unknown    Tue 00:21  
[2J[Hsession planx_ms2: started Mon 20:51, budget ends Tue 00:21, now Mon 21:46:37, 4 runs x 3 threads
run           state                            it    s/it   mean mT   N_green  F $/vox   hours  expected   latest     
hframe_thin   running                      17/150     152     88.60         0      inf    0.86  unknown    Tue 00:21  
hframe_medium running                      14/150     158     97.90         1 2.95e+03    0.88  unknown    Tue 00:21  
hframe_thick  running                      25/150      96    135.63        17      198    0.87  unknown    Tue 00:21  
noise0        running                      34/150      80     86.36         1 4.21e+03    0.91  unknown    Tue 00:21  
[2J[Hsession planx_ms2: started Mon 20:51, budget ends Tue 00:21, now Mon 21:47:07, 4 runs x 3 threads
run           state                            it    s/it   mean mT   N_green  F $/vox   hours  expected   latest     
hframe_thin   running                      18/150     152     89.18         1 2.87e+03    0.92  unknown    Tue 00:21  
hframe_medium running                      14/150     158     97.90         1 2.95e+03    0.88  unknown    Tue 00:21  
hframe_thick  running                      26/150      99    136.01         4      845    0.92  unknown    Tue 00:21  
noise0        running                      34/150      80     86.36         1 4.21e+03    0.91  unknown    Tue 00:21  
[2J[Hsession planx_ms2: started Mon 20:51, budget ends Tue 00:21, now Mon 21:47:38, 4 runs x 3 threads
run           state                            it    s/it   mean mT   N_green  F $/vox   hours  expected   latest     
hframe_thin   running                      18/150     152     89.18         1 2.87e+03    0.92  unknown    Tue 00:21  
hframe_medium running                      14/150     158     97.90         1 2.95e+03    0.88  unknown    Tue 00:21  
hframe_thick  running                      26/150      99    136.01         4      845    0.92  unknown    Tue 00:21  
noise0        running                      34/150      80     86.36         1 4.21e+03    0.91  unknown    Tue 00:21  
[2J[Hsession planx_ms2: started Mon 20:51, budget ends Tue 00:21, now Mon 21:48:08, 4 runs x 3 threads
run           state                            it    s/it   mean mT   N_green  F $/vox   hours  expected   latest     
hframe_thin   running                      18/150     152     89.18         1 2.87e+03    0.92  unknown    Tue 00:21  
hframe_medium running                      15/150     160     97.90         1 2.95e+03    0.93  unknown    Tue 00:21  
hframe_thick  running                      26/150      99    136.01         4      845    0.92  unknown    Tue 00:21  
noise0        running                      34/150      80     86.36         1 4.21e+03    0.91  unknown    Tue 00:21  
[2J[Hsession planx_ms2: started Mon 20:51, budget ends Tue 00:21, now Mon 21:48:38, 4 runs x 3 threads
run           state                            it    s/it   mean mT   N_green  F $/vox   hours  expected   latest     
hframe_thin   running                      18/150     152     89.18         1 2.87e+03    0.92  unknown    Tue 00:21  
hframe_medium running                      15/150     160     97.90         1 2.95e+03    0.93  unknown    Tue 00:21  
hframe_thick  running                      26/150      99    136.01         4      845    0.92  unknown    Tue 00:21  
noise0        running                      35/150      83     89.51         2  2.1e+03    0.95  unknown    Tue 00:21  
[2J[Hsession planx_ms2: started Mon 20:51, budget ends Tue 00:21, now Mon 21:49:08, 4 runs x 3 threads
run           state                            it    s/it   mean mT   N_green  F $/vox   hours  expected   latest     
hframe_thin   running                      18/150     152     89.18         1 2.87e+03    0.92  unknown    Tue 00:21  
hframe_medium running                      15/150     160     97.90         1 2.95e+03    0.93  unknown    Tue 00:21  
hframe_thick  running                      27/150      99    136.28         4      847    0.95  unknown    Tue 00:21  
noise0        running                      35/150      83     89.51         2  2.1e+03    0.95  unknown    Tue 00:21  
[2J[Hsession planx_ms2: started Mon 20:51, budget ends Tue 00:21, now Mon 21:49:38, 4 runs x 3 threads
run           state                            it    s/it   mean mT   N_green  F $/vox   hours  expected   latest     
hframe_thin   running                      19/150     152     89.35         0      inf    0.96  unknown    Tue 00:21  
hframe_medium running                      16/150     158     97.89         1 2.95e+03    0.96  unknown    Tue 00:21  
hframe_thick  running                      27/150      99    136.28         4      847    0.95  unknown    Tue 00:21  
noise0        running                      35/150      83     89.51         2  2.1e+03    0.95  unknown    Tue 00:21  
[2J[Hsession planx_ms2: started Mon 20:51, budget ends Tue 00:21, now Mon 21:50:08, 4 runs x 3 threads
run           state                            it    s/it   mean mT   N_green  F $/vox   hours  expected   latest     
hframe_thin   running                      19/150     152     89.35         0      inf    0.96  unknown    Tue 00:21  
hframe_medium running                      16/150     158     97.89         1 2.95e+03    0.96  unknown    Tue 00:21  
hframe_thick  running                      27/150      99    136.28         4      847    0.95  unknown    Tue 00:21  
noise0        running                      36/150      83     92.29         2  2.1e+03    0.97  unknown    Tue 00:21  
[2J[Hsession planx_ms2: started Mon 20:51, budget ends Tue 00:21, now Mon 21:50:38, 4 runs x 3 threads
run           state                            it    s/it   mean mT   N_green  F $/vox   hours  expected   latest     
hframe_thin   running                      19/150     152     89.35         0      inf    0.96  unknown    Tue 00:21  
hframe_medium running                      16/150     158     97.89         1 2.95e+03    0.96  unknown    Tue 00:21  
hframe_thick  running                      27/150      99    136.28         4      847    0.95  unknown    Tue 00:21  
noise0        running                      36/150      83     92.29         2  2.1e+03    0.97  unknown    Tue 00:21  
[2J[Hsession planx_ms2: started Mon 20:51, budget ends Tue 00:21, now Mon 21:51:08, 4 runs x 3 threads
run           state                            it    s/it   mean mT   N_green  F $/vox   hours  expected   latest     
hframe_thin   running                      19/150     152     89.35         0      inf    0.96  unknown    Tue 00:21  
hframe_medium running                      16/150     158     97.89         1 2.95e+03    0.96  unknown    Tue 00:21  
hframe_thick  running                      27/150      99    136.28         4      847    0.95  unknown    Tue 00:21  
noise0        running                      36/150      83     92.29         2  2.1e+03    0.97  unknown    Tue 00:21  
[2J[Hsession planx_ms2: started Mon 20:51, budget ends Tue 00:21, now Mon 21:51:38, 4 runs x 3 threads
run           state                            it    s/it   mean mT   N_green  F $/vox   hours  expected   latest     
hframe_thin   running                      19/150     152     89.35         0      inf    0.96  unknown    Tue 00:21  
hframe_medium running                      16/150     158     97.89         1 2.95e+03    0.96  unknown    Tue 00:21  
hframe_thick  running                      27/150      99    136.28         4      847    0.95  unknown    Tue 00:21  
noise0        running                      37/150      83     94.51         2  2.1e+03    0.99  unknown    Tue 00:21  
[2J[Hsession planx_ms2: started Mon 20:51, budget ends Tue 00:21, now Mon 21:52:08, 4 runs x 3 threads
run           state                            it    s/it   mean mT   N_green  F $/vox   hours  expected   latest     
hframe_thin   running                      20/150     152     89.69         0      inf    1.01  unknown    Tue 00:21  
hframe_medium running                      17/150     152     97.89         1 2.95e+03    1.01  unknown    Tue 00:21  
hframe_thick  running                      28/150     100    136.50         3 1.13e+03    1.00  unknown    Tue 00:21  
noise0        running                      37/150      83     94.51         2  2.1e+03    0.99  unknown    Tue 00:21  
[2J[Hsession planx_ms2: started Mon 20:51, budget ends Tue 00:21, now Mon 21:52:38, 4 runs x 3 threads
run           state                            it    s/it   mean mT   N_green  F $/vox   hours  expected   latest     
hframe_thin   running                      20/150     152     89.69         0      inf    1.01  unknown    Tue 00:21  
hframe_medium running                      17/150     152     97.89         1 2.95e+03    1.01  unknown    Tue 00:21  
hframe_thick  running                      28/150     100    136.50         3 1.13e+03    1.00  unknown    Tue 00:21  
noise0        running                      37/150      83     94.51         2  2.1e+03    0.99  unknown    Tue 00:21  
[2J[Hsession planx_ms2: started Mon 20:51, budget ends Tue 00:21, now Mon 21:53:08, 4 runs x 3 threads
run           state                            it    s/it   mean mT   N_green  F $/vox   hours  expected   latest     
hframe_thin   running                      20/150     152     89.69         0      inf    1.01  unknown    Tue 00:21  
hframe_medium running                      17/150     152     97.89         1 2.95e+03    1.01  unknown    Tue 00:21  
hframe_thick  running                      28/150     100    136.50         3 1.13e+03    1.00  unknown    Tue 00:21  
noise0        running                      37/150      83     94.51         2  2.1e+03    0.99  unknown    Tue 00:21  
[2J[Hsession planx_ms2: started Mon 20:51, budget ends Tue 00:21, now Mon 21:53:38, 4 runs x 3 threads
run           state                            it    s/it   mean mT   N_green  F $/vox   hours  expected   latest     
hframe_thin   running                      20/150     152     89.69         0      inf    1.01  unknown    Tue 00:21  
hframe_medium running                      17/150     152     97.89         1 2.95e+03    1.01  unknown    Tue 00:21  
hframe_thick  running                      28/150     100    136.50         3 1.13e+03    1.00  unknown    Tue 00:21  
noise0        running                      38/150      83     96.58         0      inf    1.03  unknown    Tue 00:21  
[2J[Hsession planx_ms2: started Mon 20:51, budget ends Tue 00:21, now Mon 21:54:08, 4 runs x 3 threads
run           state                            it    s/it   mean mT   N_green  F $/vox   hours  expected   latest     
hframe_thin   running                      20/150     152     89.69         0      inf    1.01  unknown    Tue 00:21  
hframe_medium running                      17/150     152     97.89         1 2.95e+03    1.01  unknown    Tue 00:21  
hframe_thick  running                      28/150     100    136.50         3 1.13e+03    1.00  unknown    Tue 00:21  
noise0        running                      38/150      83     96.58         0      inf    1.03  unknown    Tue 00:21  
[2J[Hsession planx_ms2: started Mon 20:51, budget ends Tue 00:21, now Mon 21:54:38, 4 runs x 3 threads
run           state                            it    s/it   mean mT   N_green  F $/vox   hours  expected   latest     
hframe_thin   running                      21/150     152     90.25         1 2.88e+03    1.04  unknown    Tue 00:21  
hframe_medium running                      18/150     135     97.89         1 2.95e+03    1.04  unknown    Tue 00:21  
hframe_thick  running                      28/150     100    136.50         3 1.13e+03    1.00  unknown    Tue 00:21  
noise0        running                      38/150      83     96.58         0      inf    1.03  unknown    Tue 00:21  
[2J[Hsession planx_ms2: started Mon 20:51, budget ends Tue 00:21, now Mon 21:55:08, 4 runs x 3 threads
run           state                            it    s/it   mean mT   N_green  F $/vox   hours  expected   latest     
hframe_thin   running                      21/150     152     90.25         1 2.88e+03    1.04  unknown    Tue 00:21  
hframe_medium running                      18/150     135     97.89         1 2.95e+03    1.04  unknown    Tue 00:21  
hframe_thick  running                      28/150     100    136.50         3 1.13e+03    1.00  unknown    Tue 00:21  
noise0        running                      39/150      83     99.46         0      inf    1.05  unknown    Tue 00:21  
[2J[Hsession planx_ms2: started Mon 20:51, budget ends Tue 00:21, now Mon 21:55:38, 4 runs x 3 threads
run           state                            it    s/it   mean mT   N_green  F $/vox   hours  expected   latest     
hframe_thin   running                      21/150     152     90.25         1 2.88e+03    1.04  unknown    Tue 00:21  
hframe_medium running                      18/150     135     97.89         1 2.95e+03    1.04  unknown    Tue 00:21  
hframe_thick  running                      28/150     100    136.50         3 1.13e+03    1.00  unknown    Tue 00:21  
noise0        running                      39/150      83     99.46         0      inf    1.05  unknown    Tue 00:21  
[2J[Hsession planx_ms2: started Mon 20:51, budget ends Tue 00:21, now Mon 21:56:08, 4 runs x 3 threads
run           state                            it    s/it   mean mT   N_green  F $/vox   hours  expected   latest     
hframe_thin   running                      21/150     152     90.25         1 2.88e+03    1.04  unknown    Tue 00:21  
hframe_medium running                      18/150     135     97.89         1 2.95e+03    1.04  unknown    Tue 00:21  
hframe_thick  running                      29/150     101    136.60         4      851    1.07  unknown    Tue 00:21  
noise0        running                      39/150      83     99.46         0      inf    1.05  unknown    Tue 00:21  
[2J[Hsession planx_ms2: started Mon 20:51, budget ends Tue 00:21, now Mon 21:56:38, 4 runs x 3 threads
run           state                            it    s/it   mean mT   N_green  F $/vox   hours  expected   latest     
hframe_thin   running                      22/150     151     90.64         1 2.88e+03    1.08  unknown    Tue 00:21  
hframe_medium running                      19/150     135     97.90         1 2.95e+03    1.08  unknown    Tue 00:21  
hframe_thick  running                      29/150     101    136.60         4      851    1.07  unknown    Tue 00:21  
noise0        running                      40/150      83    101.83         2 2.11e+03    1.08  unknown    Tue 00:21  
[2J[Hsession planx_ms2: started Mon 20:51, budget ends Tue 00:21, now Mon 21:57:08, 4 runs x 3 threads
run           state                            it    s/it   mean mT   N_green  F $/vox   hours  expected   latest     
hframe_thin   running                      22/150     151     90.64         1 2.88e+03    1.08  unknown    Tue 00:21  
hframe_medium running                      19/150     135     97.90         1 2.95e+03    1.08  unknown    Tue 00:21  
hframe_thick  running                      29/150     101    136.60         4      851    1.07  unknown    Tue 00:21  
noise0        running                      40/150      83    101.83         2 2.11e+03    1.08  unknown    Tue 00:21  
[2J[Hsession planx_ms2: started Mon 20:51, budget ends Tue 00:21, now Mon 21:57:38, 4 runs x 3 threads
run           state                            it    s/it   mean mT   N_green  F $/vox   hours  expected   latest     
hframe_thin   running                      22/150     151     90.64         1 2.88e+03    1.08  unknown    Tue 00:21  
hframe_medium running                      19/150     135     97.90         1 2.95e+03    1.08  unknown    Tue 00:21  
hframe_thick  running                      29/150     101    136.60         4      851    1.07  unknown    Tue 00:21  
noise0        running                      40/150      83    101.83         2 2.11e+03    1.08  unknown    Tue 00:21  
[2J[Hsession planx_ms2: started Mon 20:51, budget ends Tue 00:21, now Mon 21:58:08, 4 runs x 3 threads
run           state                            it    s/it   mean mT   N_green  F $/vox   hours  expected   latest     
hframe_thin   running                      22/150     151     90.64         1 2.88e+03    1.08  unknown    Tue 00:21  
hframe_medium running                      19/150     135     97.90         1 2.95e+03    1.08  unknown    Tue 00:21  
hframe_thick  running                      30/150     105    136.69         5      682    1.10  unknown    Tue 00:21  
noise0        running                      41/150      84    104.07         1 4.22e+03    1.10  unknown    Tue 00:21  
[2J[Hsession planx_ms2: started Mon 20:51, budget ends Tue 00:21, now Mon 21:58:38, 4 runs x 3 threads
run           state                            it    s/it   mean mT   N_green  F $/vox   hours  expected   latest     
hframe_thin   running                      23/150     150     91.12         0      inf    1.11  unknown    Tue 00:21  
hframe_medium running                      19/150     135     97.90         1 2.95e+03    1.08  unknown    Tue 00:21  
hframe_thick  running                      30/150     105    136.69         5      682    1.10  unknown    Tue 00:21  
noise0        running                      41/150      84    104.07         1 4.22e+03    1.10  unknown    Tue 00:21  
[2J[Hsession planx_ms2: started Mon 20:51, budget ends Tue 00:21, now Mon 21:59:08, 4 runs x 3 threads
run           state                            it    s/it   mean mT   N_green  F $/vox   hours  expected   latest     
hframe_thin   running                      23/150     150     91.12         0      inf    1.11  unknown    Tue 00:21  
hframe_medium running                      19/150     135     97.90         1 2.95e+03    1.08  unknown    Tue 00:21  
hframe_thick  running                      30/150     105    136.69         5      682    1.10  unknown    Tue 00:21  
noise0        running                      41/150      84    104.07         1 4.22e+03    1.10  unknown    Tue 00:21  
[2J[Hsession planx_ms2: started Mon 20:51, budget ends Tue 00:21, now Mon 21:59:38, 4 runs x 3 threads
run           state                            it    s/it   mean mT   N_green  F $/vox   hours  expected   latest     
hframe_thin   running                      23/150     150     91.12         0      inf    1.11  unknown    Tue 00:21  
hframe_medium running                      20/150     152     97.96         1 2.95e+03    1.13  unknown    Tue 00:21  
hframe_thick  running                      30/150     105    136.69         5      682    1.10  unknown    Tue 00:21  
noise0        running                      42/150      84    106.30         2 2.11e+03    1.12  unknown    Tue 00:21  
[2J[Hsession planx_ms2: started Mon 20:51, budget ends Tue 00:21, now Mon 22:00:08, 4 runs x 3 threads
run           state                            it    s/it   mean mT   N_green  F $/vox   hours  expected   latest     
hframe_thin   running                      23/150     150     91.12         0      inf    1.11  unknown    Tue 00:21  
hframe_medium running                      20/150     152     97.96         1 2.95e+03    1.13  unknown    Tue 00:21  
hframe_thick  running                      30/150     105    136.69         5      682    1.10  unknown    Tue 00:21  
noise0        running                      42/150      84    106.30         2 2.11e+03    1.12  unknown    Tue 00:21  
[2J[Hsession planx_ms2: started Mon 20:51, budget ends Tue 00:21, now Mon 22:00:38, 4 runs x 3 threads
run           state                            it    s/it   mean mT   N_green  F $/vox   hours  expected   latest     
hframe_thin   running                      24/150     150     91.80         1  2.9e+03    1.14  unknown    Tue 00:21  
hframe_medium running                      20/150     152     97.96         1 2.95e+03    1.13  unknown    Tue 00:21  
hframe_thick  running                      30/150     105    136.69         5      682    1.10  unknown    Tue 00:21  
noise0        running                      43/150      83    108.19         2 2.12e+03    1.15  unknown    Tue 00:21  
[2J[Hsession planx_ms2: started Mon 20:51, budget ends Tue 00:21, now Mon 22:01:08, 4 runs x 3 threads
run           state                            it    s/it   mean mT   N_green  F $/vox   hours  expected   latest     
hframe_thin   running                      24/150     150     91.80         1  2.9e+03    1.14  unknown    Tue 00:21  
hframe_medium running                      20/150     152     97.96         1 2.95e+03    1.13  unknown    Tue 00:21  
hframe_thick  running                      30/150     105    136.69         5      682    1.10  unknown    Tue 00:21  
noise0        running                      43/150      83    108.19         2 2.12e+03    1.15  unknown    Tue 00:21  
[2J[Hsession planx_ms2: started Mon 20:51, budget ends Tue 00:21, now Mon 22:01:38, 4 runs x 3 threads
run           state                            it    s/it   mean mT   N_green  F $/vox   hours  expected   latest     
hframe_thin   running                      24/150     150     91.80         1  2.9e+03    1.14  unknown    Tue 00:21  
hframe_medium running                      21/150     152     98.05         1 2.95e+03    1.16  unknown    Tue 00:21  
hframe_thick  running                      30/150     105    136.69         5      682    1.10  unknown    Tue 00:21  
noise0        running                      43/150      83    108.19         2 2.12e+03    1.15  unknown    Tue 00:21  
[2J[Hsession planx_ms2: started Mon 20:51, budget ends Tue 00:21, now Mon 22:02:08, 4 runs x 3 threads
run           state                            it    s/it   mean mT   N_green  F $/vox   hours  expected   latest     
hframe_thin   running                      24/150     150     91.80         1  2.9e+03    1.14  unknown    Tue 00:21  
hframe_medium running                      21/150     152     98.05         1 2.95e+03    1.16  unknown    Tue 00:21  
hframe_thick  running                      31/150     116    136.93         5      679    1.17  unknown    Tue 00:21  
noise0        running                      43/150      83    108.19         2 2.12e+03    1.15  unknown    Tue 00:21  
[2J[Hsession planx_ms2: started Mon 20:51, budget ends Tue 00:21, now Mon 22:02:38, 4 runs x 3 threads
run           state                            it    s/it   mean mT   N_green  F $/vox   hours  expected   latest     
hframe_thin   running                      24/150     150     91.80         1  2.9e+03    1.14  unknown    Tue 00:21  
hframe_medium running                      21/150     152     98.05         1 2.95e+03    1.16  unknown    Tue 00:21  
hframe_thick  running                      31/150     116    136.93         5      679    1.17  unknown    Tue 00:21  
noise0        running                      44/150      83    109.89         4 1.06e+03    1.18  unknown    Tue 00:21  
[2J[Hsession planx_ms2: started Mon 20:51, budget ends Tue 00:21, now Mon 22:03:08, 4 runs x 3 threads
run           state                            it    s/it   mean mT   N_green  F $/vox   hours  expected   latest     
hframe_thin   running                      24/150     150     91.80         1  2.9e+03    1.14  unknown    Tue 00:21  
hframe_medium running                      21/150     152     98.05         1 2.95e+03    1.16  unknown    Tue 00:21  
hframe_thick  running                      31/150     116    136.93         5      679    1.17  unknown    Tue 00:21  
noise0        running                      44/150      83    109.89         4 1.06e+03    1.18  unknown    Tue 00:21  
[2J[Hsession planx_ms2: started Mon 20:51, budget ends Tue 00:21, now Mon 22:03:38, 4 runs x 3 threads
run           state                            it    s/it   mean mT   N_green  F $/vox   hours  expected   latest     
hframe_thin   running                      24/150     150     91.80         1  2.9e+03    1.14  unknown    Tue 00:21  
hframe_medium running                      21/150     152     98.05         1 2.95e+03    1.16  unknown    Tue 00:21  
hframe_thick  running                      32/150     116    137.07        11      307    1.20  unknown    Tue 00:21  
noise0        running                      44/150      83    109.89         4 1.06e+03    1.18  unknown    Tue 00:21  
[2J[Hsession planx_ms2: started Mon 20:51, budget ends Tue 00:21, now Mon 22:04:08, 4 runs x 3 threads
run           state                            it    s/it   mean mT   N_green  F $/vox   hours  expected   latest     
hframe_thin   running                      25/150     150     92.68         1 2.91e+03    1.20  unknown    Tue 00:21  
hframe_medium running                      21/150     152     98.05         1 2.95e+03    1.16  unknown    Tue 00:21  
hframe_thick  running                      32/150     116    137.07        11      307    1.20  unknown    Tue 00:21  
noise0        running                      45/150      83    111.23         1 4.26e+03    1.20  unknown    Tue 00:21  
[2J[Hsession planx_ms2: started Mon 20:51, budget ends Tue 00:21, now Mon 22:04:38, 4 runs x 3 threads
run           state                            it    s/it   mean mT   N_green  F $/vox   hours  expected   latest     
hframe_thin   running                      25/150     150     92.68         1 2.91e+03    1.20  unknown    Tue 00:21  
hframe_medium running                      21/150     152     98.05         1 2.95e+03    1.16  unknown    Tue 00:21  
hframe_thick  running                      32/150     116    137.07        11      307    1.20  unknown    Tue 00:21  
noise0        running                      45/150      83    111.23         1 4.26e+03    1.20  unknown    Tue 00:21  
[2J[Hsession planx_ms2: started Mon 20:51, budget ends Tue 00:21, now Mon 22:05:08, 4 runs x 3 threads
run           state                            it    s/it   mean mT   N_green  F $/vox   hours  expected   latest     
hframe_thin   running                      25/150     150     92.68         1 2.91e+03    1.20  unknown    Tue 00:21  
hframe_medium running                      22/150     158     98.16         1 2.95e+03    1.22  unknown    Tue 00:21  
hframe_thick  running                      32/150     116    137.07        11      307    1.20  unknown    Tue 00:21  
noise0        running                      45/150      83    111.23         1 4.26e+03    1.20  unknown    Tue 00:21  
[2J[Hsession planx_ms2: started Mon 20:51, budget ends Tue 00:21, now Mon 22:05:38, 4 runs x 3 threads
run           state                            it    s/it   mean mT   N_green  F $/vox   hours  expected   latest     
hframe_thin   running                      25/150     150     92.68         1 2.91e+03    1.20  unknown    Tue 00:21  
hframe_medium running                      22/150     158     98.16         1 2.95e+03    1.22  unknown    Tue 00:21  
hframe_thick  running                      32/150     116    137.07        11      307    1.20  unknown    Tue 00:21  
noise0        running                      46/150      83    112.59         1 4.27e+03    1.22  unknown    Tue 00:21  
[2J[Hsession planx_ms2: started Mon 20:51, budget ends Tue 00:21, now Mon 22:06:08, 4 runs x 3 threads
run           state                            it    s/it   mean mT   N_green  F $/vox   hours  expected   latest     
hframe_thin   running                      25/150     150     92.68         1 2.91e+03    1.20  unknown    Tue 00:21  
hframe_medium running                      22/150     158     98.16         1 2.95e+03    1.22  unknown    Tue 00:21  
hframe_thick  running                      33/150     121    137.23        10      339    1.23  unknown    Tue 00:21  
noise0        running                      46/150      83    112.59         1 4.27e+03    1.22  unknown    Tue 00:21  
[2J[Hsession planx_ms2: started Mon 20:51, budget ends Tue 00:21, now Mon 22:06:38, 4 runs x 3 threads
run           state                            it    s/it   mean mT   N_green  F $/vox   hours  expected   latest     
hframe_thin   running                      25/150     150     92.68         1 2.91e+03    1.20  unknown    Tue 00:21  
hframe_medium running                      22/150     158     98.16         1 2.95e+03    1.22  unknown    Tue 00:21  
hframe_thick  running                      33/150     121    137.23        10      339    1.23  unknown    Tue 00:21  
noise0        running                      47/150      81    114.22         1 4.29e+03    1.24  unknown    Tue 00:21  
[2J[Hsession planx_ms2: started Mon 20:51, budget ends Tue 00:21, now Mon 22:07:08, 4 runs x 3 threads
run           state                            it    s/it   mean mT   N_green  F $/vox   hours  expected   latest     
hframe_thin   running                      25/150     150     92.68         1 2.91e+03    1.20  unknown    Tue 00:21  
hframe_medium running                      23/150     152     98.32         1 2.95e+03    1.25  unknown    Tue 00:21  
hframe_thick  running                      33/150     121    137.23        10      339    1.23  unknown    Tue 00:21  
noise0        running                      47/150      81    114.22         1 4.29e+03    1.24  unknown    Tue 00:21  
[2J[Hsession planx_ms2: started Mon 20:51, budget ends Tue 00:21, now Mon 22:07:38, 4 runs x 3 threads
run           state                            it    s/it   mean mT   N_green  F $/vox   hours  expected   latest     
hframe_thin   running                      26/150     150     93.04         0      inf    1.26  unknown    Tue 00:21  
hframe_medium running                      23/150     152     98.32         1 2.95e+03    1.25  unknown    Tue 00:21  
hframe_thick  running                      34/150     121    137.41         9      376    1.26  unknown    Tue 00:21  
noise0        running                      47/150      81    114.22         1 4.29e+03    1.24  unknown    Tue 00:21  
[2J[Hsession planx_ms2: started Mon 20:51, budget ends Tue 00:21, now Mon 22:08:08, 4 runs x 3 threads
run           state                            it    s/it   mean mT   N_green  F $/vox   hours  expected   latest     
hframe_thin   running                      26/150     150     93.04         0      inf    1.26  unknown    Tue 00:21  
hframe_medium running                      23/150     152     98.32         1 2.95e+03    1.25  unknown    Tue 00:21  
hframe_thick  running                      34/150     121    137.41         9      376    1.26  unknown    Tue 00:21  
noise0        running                      48/150      81    116.00         2 2.15e+03    1.27  unknown    Tue 00:21  
[2J[Hsession planx_ms2: started Mon 20:51, budget ends Tue 00:21, now Mon 22:08:38, 4 runs x 3 threads
run           state                            it    s/it   mean mT   N_green  F $/vox   hours  expected   latest     
hframe_thin   running                      26/150     150     93.04         0      inf    1.26  unknown    Tue 00:21  
hframe_medium running                      23/150     152     98.32         1 2.95e+03    1.25  unknown    Tue 00:21  
hframe_thick  running                      34/150     121    137.41         9      376    1.26  unknown    Tue 00:21  
noise0        running                      48/150      81    116.00         2 2.15e+03    1.27  unknown    Tue 00:21  
[2J[Hsession planx_ms2: started Mon 20:51, budget ends Tue 00:21, now Mon 22:09:08, 4 runs x 3 threads
run           state                            it    s/it   mean mT   N_green  F $/vox   hours  expected   latest     
hframe_thin   running                      27/150     148     93.70         0      inf    1.29  unknown    Tue 00:21  
hframe_medium running                      23/150     152     98.32         1 2.95e+03    1.25  unknown    Tue 00:21  
hframe_thick  running                      34/150     121    137.41         9      376    1.26  unknown    Tue 00:21  
noise0        running                      49/150      81    118.05         8      539    1.28  unknown    Tue 00:21  
[2J[Hsession planx_ms2: started Mon 20:51, budget ends Tue 00:21, now Mon 22:09:38, 4 runs x 3 threads
run           state                            it    s/it   mean mT   N_green  F $/vox   hours  expected   latest     
hframe_thin   running                      27/150     148     93.70         0      inf    1.29  unknown    Tue 00:21  
hframe_medium running                      23/150     152     98.32         1 2.95e+03    1.25  unknown    Tue 00:21  
hframe_thick  running                      34/150     121    137.41         9      376    1.26  unknown    Tue 00:21  
noise0        running                      49/150      81    118.05         8      539    1.28  unknown    Tue 00:21  
[2J[Hsession planx_ms2: started Mon 20:51, budget ends Tue 00:21, now Mon 22:10:08, 4 runs x 3 threads
run           state                            it    s/it   mean mT   N_green  F $/vox   hours  expected   latest     
hframe_thin   running                      27/150     148     93.70         0      inf    1.29  unknown    Tue 00:21  
hframe_medium running                      24/150     152     98.43         1 2.95e+03    1.31  unknown    Tue 00:21  
hframe_thick  running                      35/150     126    137.50         8      423    1.30  unknown    Tue 00:21  
noise0        running                      50/150      81    120.04         6      720    1.31  unknown    Tue 00:21  
[2J[Hsession planx_ms2: started Mon 20:51, budget ends Tue 00:21, now Mon 22:10:38, 4 runs x 3 threads
run           state                            it    s/it   mean mT   N_green  F $/vox   hours  expected   latest     
hframe_thin   running                      27/150     148     93.70         0      inf    1.29  unknown    Tue 00:21  
hframe_medium running                      24/150     152     98.43         1 2.95e+03    1.31  unknown    Tue 00:21  
hframe_thick  running                      35/150     126    137.50         8      423    1.30  unknown    Tue 00:21  
noise0        running                      50/150      81    120.04         6      720    1.31  unknown    Tue 00:21  
[2J[Hsession planx_ms2: started Mon 20:51, budget ends Tue 00:21, now Mon 22:11:08, 4 runs x 3 threads
run           state                            it    s/it   mean mT   N_green  F $/vox   hours  expected   latest     
hframe_thin   running                      27/150     148     93.70         0      inf    1.29  unknown    Tue 00:21  
hframe_medium running                      24/150     152     98.43         1 2.95e+03    1.31  unknown    Tue 00:21  
hframe_thick  running                      35/150     126    137.50         8      423    1.30  unknown    Tue 00:21  
noise0        running                      50/150      81    120.04         6      720    1.31  unknown    Tue 00:21  
[2J[Hsession planx_ms2: started Mon 20:51, budget ends Tue 00:21, now Mon 22:11:38, 4 runs x 3 threads
run           state                            it    s/it   mean mT   N_green  F $/vox   hours  expected   latest     
hframe_thin   running                      28/150     143     94.15         1 2.93e+03    1.33  unknown    Tue 00:21  
hframe_medium running                      24/150     152     98.43         1 2.95e+03    1.31  unknown    Tue 00:21  
hframe_thick  running                      36/150     126    137.70         6      563    1.33  unknown    Tue 00:21  
noise0        running                      50/150      81    120.04         6      720    1.31  unknown    Tue 00:21  
[2J[Hsession planx_ms2: started Mon 20:51, budget ends Tue 00:21, now Mon 22:12:08, 4 runs x 3 threads
run           state                            it    s/it   mean mT   N_green  F $/vox   hours  expected   latest     
hframe_thin   running                      28/150     143     94.15         1 2.93e+03    1.33  unknown    Tue 00:21  
hframe_medium running                      24/150     152     98.43         1 2.95e+03    1.31  unknown    Tue 00:21  
hframe_thick  running                      36/150     126    137.70         6      563    1.33  unknown    Tue 00:21  
noise0        running                      51/150      81    121.75         1 4.33e+03    1.33  unknown    Tue 00:21  
[2J[Hsession planx_ms2: started Mon 20:51, budget ends Tue 00:21, now Mon 22:12:38, 4 runs x 3 threads
run           state                            it    s/it   mean mT   N_green  F $/vox   hours  expected   latest     
hframe_thin   running                      28/150     143     94.15         1 2.93e+03    1.33  unknown    Tue 00:21  
hframe_medium running                      24/150     152     98.43         1 2.95e+03    1.31  unknown    Tue 00:21  
hframe_thick  running                      36/150     126    137.70         6      563    1.33  unknown    Tue 00:21  
noise0        running                      51/150      81    121.75         1 4.33e+03    1.33  unknown    Tue 00:21  
[2J[Hsession planx_ms2: started Mon 20:51, budget ends Tue 00:21, now Mon 22:13:08, 4 runs x 3 threads
run           state                            it    s/it   mean mT   N_green  F $/vox   hours  expected   latest     
hframe_thin   running                      28/150     143     94.15         1 2.93e+03    1.33  unknown    Tue 00:21  
hframe_medium running                      25/150     161     98.44         1 2.95e+03    1.35  unknown    Tue 00:21  
hframe_thick  running                      36/150     126    137.70         6      563    1.33  unknown    Tue 00:21  
noise0        running                      52/150      82    123.40         4 1.08e+03    1.36  unknown    Tue 00:21  
[2J[Hsession planx_ms2: started Mon 20:51, budget ends Tue 00:21, now Mon 22:13:38, 4 runs x 3 threads
run           state                            it    s/it   mean mT   N_green  F $/vox   hours  expected   latest     
hframe_thin   running                      28/150     143     94.15         1 2.93e+03    1.33  unknown    Tue 00:21  
hframe_medium running                      25/150     161     98.44         1 2.95e+03    1.35  unknown    Tue 00:21  
hframe_thick  running                      36/150     126    137.70         6      563    1.33  unknown    Tue 00:21  
noise0        running                      52/150      82    123.40         4 1.08e+03    1.36  unknown    Tue 00:21  
[2J[Hsession planx_ms2: started Mon 20:51, budget ends Tue 00:21, now Mon 22:14:08, 4 runs x 3 threads
run           state                            it    s/it   mean mT   N_green  F $/vox   hours  expected   latest     
hframe_thin   running                      28/150     143     94.15         1 2.93e+03    1.33  unknown    Tue 00:21  
hframe_medium running                      25/150     161     98.44         1 2.95e+03    1.35  unknown    Tue 00:21  
hframe_thick  running                      37/150     146    137.82         5      674    1.37  unknown    Tue 00:21  
noise0        running                      52/150      82    123.40         4 1.08e+03    1.36  unknown    Tue 00:21  
[2J[Hsession planx_ms2: started Mon 20:51, budget ends Tue 00:21, now Mon 22:14:38, 4 runs x 3 threads
run           state                            it    s/it   mean mT   N_green  F $/vox   hours  expected   latest     
hframe_thin   running                      28/150     143     94.15         1 2.93e+03    1.33  unknown    Tue 00:21  
hframe_medium running                      26/150     161     98.41         1 2.95e+03    1.38  unknown    Tue 00:21  
hframe_thick  running                      37/150     146    137.82         5      674    1.37  unknown    Tue 00:21  
noise0        running                      53/150      78    125.22         1 4.35e+03    1.38  unknown    Tue 00:21  
[2J[Hsession planx_ms2: started Mon 20:51, budget ends Tue 00:21, now Mon 22:15:08, 4 runs x 3 threads
run           state                            it    s/it   mean mT   N_green  F $/vox   hours  expected   latest     
hframe_thin   running                      28/150     143     94.15         1 2.93e+03    1.33  unknown    Tue 00:21  
hframe_medium running                      26/150     161     98.41         1 2.95e+03    1.38  unknown    Tue 00:21  
hframe_thick  running                      37/150     146    137.82         5      674    1.37  unknown    Tue 00:21  
noise0        running                      53/150      78    125.22         1 4.35e+03    1.38  unknown    Tue 00:21  
[2J[Hsession planx_ms2: started Mon 20:51, budget ends Tue 00:21, now Mon 22:15:38, 4 runs x 3 threads
run           state                            it    s/it   mean mT   N_green  F $/vox   hours  expected   latest     
hframe_thin   running                      29/150     143     94.73         1 2.93e+03    1.39  unknown    Tue 00:21  
hframe_medium running                      26/150     161     98.41         1 2.95e+03    1.38  unknown    Tue 00:21  
hframe_thick  running                      37/150     146    137.82         5      674    1.37  unknown    Tue 00:21  
noise0        running                      53/150      78    125.22         1 4.35e+03    1.38  unknown    Tue 00:21  
[2J[Hsession planx_ms2: started Mon 20:51, budget ends Tue 00:21, now Mon 22:16:08, 4 runs x 3 threads
run           state                            it    s/it   mean mT   N_green  F $/vox   hours  expected   latest     
hframe_thin   running                      29/150     143     94.73         1 2.93e+03    1.39  unknown    Tue 00:21  
hframe_medium running                      26/150     161     98.41         1 2.95e+03    1.38  unknown    Tue 00:21  
hframe_thick  running                      37/150     146    137.82         5      674    1.37  unknown    Tue 00:21  
noise0        running                      54/150      77    127.62         5      872    1.40  unknown    Tue 00:18  
[2J[Hsession planx_ms2: started Mon 20:51, budget ends Tue 00:21, now Mon 22:16:38, 4 runs x 3 threads
run           state                            it    s/it   mean mT   N_green  F $/vox   hours  expected   latest     
hframe_thin   running                      29/150     143     94.73         1 2.93e+03    1.39  unknown    Tue 00:21  
hframe_medium running                      26/150     161     98.41         1 2.95e+03    1.38  unknown    Tue 00:21  
hframe_thick  running                      38/150     146    137.87         6      564    1.41  unknown    Tue 00:21  
noise0        running                      54/150      77    127.62         5      872    1.40  unknown    Tue 00:18  
[2J[Hsession planx_ms2: started Mon 20:51, budget ends Tue 00:21, now Mon 22:17:08, 4 runs x 3 threads
run           state                            it    s/it   mean mT   N_green  F $/vox   hours  expected   latest     
hframe_thin   running                      29/150     143     94.73         1 2.93e+03    1.39  unknown    Tue 00:21  
hframe_medium running                      26/150     161     98.41         1 2.95e+03    1.38  unknown    Tue 00:21  
hframe_thick  running                      38/150     146    137.87         6      564    1.41  unknown    Tue 00:21  
noise0        running                      54/150      77    127.62         5      872    1.40  unknown    Tue 00:18  
[2J[Hsession planx_ms2: started Mon 20:51, budget ends Tue 00:21, now Mon 22:17:38, 4 runs x 3 threads
run           state                            it    s/it   mean mT   N_green  F $/vox   hours  expected   latest     
hframe_thin   running                      29/150     143     94.73         1 2.93e+03    1.39  unknown    Tue 00:21  
hframe_medium running                      27/150     161     98.48         1 2.95e+03    1.43  unknown    Tue 00:21  
hframe_thick  running                      38/150     146    137.87         6      564    1.41  unknown    Tue 00:21  
noise0        running                      55/150      77    130.12         4 1.09e+03    1.42  unknown    Tue 00:18  
[2J[Hsession planx_ms2: started Mon 20:51, budget ends Tue 00:21, now Mon 22:18:08, 4 runs x 3 threads
run           state                            it    s/it   mean mT   N_green  F $/vox   hours  expected   latest     
hframe_thin   running                      29/150     143     94.73         1 2.93e+03    1.39  unknown    Tue 00:21  
hframe_medium running                      27/150     161     98.48         1 2.95e+03    1.43  unknown    Tue 00:21  
hframe_thick  running                      39/150     133    138.07        10      337    1.44  unknown    Tue 00:21  
noise0        running                      55/150      77    130.12         4 1.09e+03    1.42  unknown    Tue 00:18  
[2J[Hsession planx_ms2: started Mon 20:51, budget ends Tue 00:21, now Mon 22:18:38, 4 runs x 3 threads
run           state                            it    s/it   mean mT   N_green  F $/vox   hours  expected   latest     
hframe_thin   running                      29/150     143     94.73         1 2.93e+03    1.39  unknown    Tue 00:21  
hframe_medium running                      27/150     161     98.48         1 2.95e+03    1.43  unknown    Tue 00:21  
hframe_thick  running                      39/150     133    138.07        10      337    1.44  unknown    Tue 00:21  
noise0        running                      56/150      77    132.18         2 2.19e+03    1.45  unknown    Tue 00:18  
[2J[Hsession planx_ms2: started Mon 20:51, budget ends Tue 00:21, now Mon 22:19:08, 4 runs x 3 threads
run           state                            it    s/it   mean mT   N_green  F $/vox   hours  expected   latest     
hframe_thin   running                      30/150     143     95.18         0      inf    1.45  unknown    Tue 00:21  
hframe_medium running                      27/150     161     98.48         1 2.95e+03    1.43  unknown    Tue 00:21  
hframe_thick  running                      39/150     133    138.07        10      337    1.44  unknown    Tue 00:21  
noise0        running                      56/150      77    132.18         2 2.19e+03    1.45  unknown    Tue 00:18  
[2J[Hsession planx_ms2: started Mon 20:51, budget ends Tue 00:21, now Mon 22:19:38, 4 runs x 3 threads
run           state                            it    s/it   mean mT   N_green  F $/vox   hours  expected   latest     
hframe_thin   running                      30/150     143     95.18         0      inf    1.45  unknown    Tue 00:21  
hframe_medium running                      27/150     161     98.48         1 2.95e+03    1.43  unknown    Tue 00:21  
hframe_thick  running                      39/150     133    138.07        10      337    1.44  unknown    Tue 00:21  
noise0        running                      56/150      77    132.18         2 2.19e+03    1.45  unknown    Tue 00:18  
[2J[Hsession planx_ms2: started Mon 20:51, budget ends Tue 00:21, now Mon 22:20:08, 4 runs x 3 threads
run           state                            it    s/it   mean mT   N_green  F $/vox   hours  expected   latest     
hframe_thin   running                      30/150     143     95.18         0      inf    1.45  unknown    Tue 00:21  
hframe_medium running                      27/150     161     98.48         1 2.95e+03    1.43  unknown    Tue 00:21  
hframe_thick  running                      40/150     126    138.00         4      847    1.47  unknown    Tue 00:21  
noise0        running                      57/150      77    134.20         2  2.2e+03    1.47  unknown    Tue 00:18  
[2J[Hsession planx_ms2: started Mon 20:51, budget ends Tue 00:21, now Mon 22:20:38, 4 runs x 3 threads
run           state                            it    s/it   mean mT   N_green  F $/vox   hours  expected   latest     
hframe_thin   running                      30/150     143     95.18         0      inf    1.45  unknown    Tue 00:21  
hframe_medium running                      28/150     161     98.53         1 2.95e+03    1.48  unknown    Tue 00:21  
hframe_thick  running                      40/150     126    138.00         4      847    1.47  unknown    Tue 00:21  
noise0        running                      57/150      77    134.20         2  2.2e+03    1.47  unknown    Tue 00:18  
[2J[Hsession planx_ms2: started Mon 20:51, budget ends Tue 00:21, now Mon 22:21:08, 4 runs x 3 threads
run           state                            it    s/it   mean mT   N_green  F $/vox   hours  expected   latest     
hframe_thin   running                      30/150     143     95.18         0      inf    1.45  unknown    Tue 00:21  
hframe_medium running                      28/150     161     98.53         1 2.95e+03    1.48  unknown    Tue 00:21  
hframe_thick  running                      41/150     121    138.28        16      211    1.49  unknown    Tue 00:21  
noise0        running                      57/150      77    134.20         2  2.2e+03    1.47  unknown    Tue 00:18  
[2J[Hsession planx_ms2: started Mon 20:51, budget ends Tue 00:21, now Mon 22:21:38, 4 runs x 3 threads
run           state                            it    s/it   mean mT   N_green  F $/vox   hours  expected   latest     
hframe_thin   running                      30/150     143     95.18         0      inf    1.45  unknown    Tue 00:21  
hframe_medium running                      28/150     161     98.53         1 2.95e+03    1.48  unknown    Tue 00:21  
hframe_thick  running                      41/150     121    138.28        16      211    1.49  unknown    Tue 00:21  
noise0        running                      58/150      78    136.08         2 2.21e+03    1.49  unknown    Tue 00:21  
[2J[Hsession planx_ms2: started Mon 20:51, budget ends Tue 00:21, now Mon 22:22:08, 4 runs x 3 threads
run           state                            it    s/it   mean mT   N_green  F $/vox   hours  expected   latest     
hframe_thin   running                      30/150     143     95.18         0      inf    1.45  unknown    Tue 00:21  
hframe_medium running                      29/150     152     98.60         1 2.95e+03    1.50  unknown    Tue 00:21  
hframe_thick  running                      41/150     121    138.28        16      211    1.49  unknown    Tue 00:21  
noise0        running                      58/150      78    136.08         2 2.21e+03    1.49  unknown    Tue 00:21  
[2J[Hsession planx_ms2: started Mon 20:51, budget ends Tue 00:21, now Mon 22:22:38, 4 runs x 3 threads
run           state                            it    s/it   mean mT   N_green  F $/vox   hours  expected   latest     
hframe_thin   running                      30/150     143     95.18         0      inf    1.45  unknown    Tue 00:21  
hframe_medium running                      29/150     152     98.60         1 2.95e+03    1.50  unknown    Tue 00:21  
hframe_thick  running                      41/150     121    138.28        16      211    1.49  unknown    Tue 00:21  
noise0        running                      58/150      78    136.08         2 2.21e+03    1.49  unknown    Tue 00:21  
[2J[Hsession planx_ms2: started Mon 20:51, budget ends Tue 00:21, now Mon 22:23:08, 4 runs x 3 threads
run           state                            it    s/it   mean mT   N_green  F $/vox   hours  expected   latest     
hframe_thin   running                      31/150     143     95.34         0      inf    1.52  unknown    Tue 00:21  
hframe_medium running                      29/150     152     98.60         1 2.95e+03    1.50  unknown    Tue 00:21  
hframe_thick  running                      41/150     121    138.28        16      211    1.49  unknown    Tue 00:21  
noise0        running                      59/150      78    137.96         1 4.43e+03    1.52  unknown    Tue 00:21  
[2J[Hsession planx_ms2: started Mon 20:51, budget ends Tue 00:21, now Mon 22:23:38, 4 runs x 3 threads
run           state                            it    s/it   mean mT   N_green  F $/vox   hours  expected   latest     
hframe_thin   running                      31/150     143     95.34         0      inf    1.52  unknown    Tue 00:21  
hframe_medium running                      29/150     152     98.60         1 2.95e+03    1.50  unknown    Tue 00:21  
hframe_thick  running                      41/150     121    138.28        16      211    1.49  unknown    Tue 00:21  
noise0        running                      59/150      78    137.96         1 4.43e+03    1.52  unknown    Tue 00:21  
[2J[Hsession planx_ms2: started Mon 20:51, budget ends Tue 00:21, now Mon 22:24:08, 4 runs x 3 threads
run           state                            it    s/it   mean mT   N_green  F $/vox   hours  expected   latest     
hframe_thin   running                      31/150     143     95.34         0      inf    1.52  unknown    Tue 00:21  
hframe_medium running                      30/150     124     98.65         1 2.95e+03    1.53  unknown    Tue 00:21  
hframe_thick  running                      42/150     126    138.29        10      338    1.54  unknown    Tue 00:21  
noise0        running                      59/150      78    137.96         1 4.43e+03    1.52  unknown    Tue 00:21  
[2J[Hsession planx_ms2: started Mon 20:51, budget ends Tue 00:21, now Mon 22:24:38, 4 runs x 3 threads
run           state                            it    s/it   mean mT   N_green  F $/vox   hours  expected   latest     
hframe_thin   running                      31/150     143     95.34         0      inf    1.52  unknown    Tue 00:21  
hframe_medium running                      30/150     124     98.65         1 2.95e+03    1.53  unknown    Tue 00:21  
hframe_thick  running                      42/150     126    138.29        10      338    1.54  unknown    Tue 00:21  
noise0        running                      59/150      78    137.96         1 4.43e+03    1.52  unknown    Tue 00:21  
[2J[Hsession planx_ms2: started Mon 20:51, budget ends Tue 00:21, now Mon 22:25:08, 4 runs x 3 threads
run           state                            it    s/it   mean mT   N_green  F $/vox   hours  expected   latest     
hframe_thin   running                      32/150     143     95.58         0      inf    1.55  unknown    Tue 00:21  
hframe_medium running                      30/150     124     98.65         1 2.95e+03    1.53  unknown    Tue 00:21  
hframe_thick  running                      42/150     126    138.29        10      338    1.54  unknown    Tue 00:21  
noise0        running                      60/150      78    139.97         2 2.22e+03    1.55  unknown    Tue 00:21  
[2J[Hsession planx_ms2: started Mon 20:51, budget ends Tue 00:21, now Mon 22:25:38, 4 runs x 3 threads
run           state                            it    s/it   mean mT   N_green  F $/vox   hours  expected   latest     
hframe_thin   running                      32/150     143     95.58         0      inf    1.55  unknown    Tue 00:21  
hframe_medium running                      30/150     124     98.65         1 2.95e+03    1.53  unknown    Tue 00:21  
hframe_thick  running                      42/150     126    138.29        10      338    1.54  unknown    Tue 00:21  
noise0        running                      60/150      78    139.97         2 2.22e+03    1.55  unknown    Tue 00:21  
[2J[Hsession planx_ms2: started Mon 20:51, budget ends Tue 00:21, now Mon 22:26:08, 4 runs x 3 threads
run           state                            it    s/it   mean mT   N_green  F $/vox   hours  expected   latest     
hframe_thin   running                      32/150     143     95.58         0      inf    1.55  unknown    Tue 00:21  
hframe_medium running                      31/150     124     98.68         1 2.95e+03    1.57  unknown    Tue 00:21  
hframe_thick  running                      42/150     126    138.29        10      338    1.54  unknown    Tue 00:21  
noise0        running                      61/150      78    159.25         1 4.46e+03    1.57  unknown    Tue 00:21  
[2J[Hsession planx_ms2: started Mon 20:51, budget ends Tue 00:21, now Mon 22:26:38, 4 runs x 3 threads
run           state                            it    s/it   mean mT   N_green  F $/vox   hours  expected   latest     
hframe_thin   running                      32/150     143     95.58         0      inf    1.55  unknown    Tue 00:21  
hframe_medium running                      31/150     124     98.68         1 2.95e+03    1.57  unknown    Tue 00:21  
hframe_thick  running                      43/150     126    138.41        16      211    1.58  unknown    Tue 00:21  
noise0        running                      61/150      78    159.25         1 4.46e+03    1.57  unknown    Tue 00:21  
[2J[Hsession planx_ms2: started Mon 20:51, budget ends Tue 00:21, now Mon 22:27:08, 4 runs x 3 threads
run           state                            it    s/it   mean mT   N_green  F $/vox   hours  expected   latest     
hframe_thin   running                      33/150     139     95.68         1 2.94e+03    1.58  unknown    Tue 00:21  
hframe_medium running                      31/150     124     98.68         1 2.95e+03    1.57  unknown    Tue 00:21  
hframe_thick  running                      43/150     126    138.41        16      211    1.58  unknown    Tue 00:21  
noise0        running                      61/150      78    159.25         1 4.46e+03    1.57  unknown    Tue 00:21  
[2J[Hsession planx_ms2: started Mon 20:51, budget ends Tue 00:21, now Mon 22:27:38, 4 runs x 3 threads
run           state                            it    s/it   mean mT   N_green  F $/vox   hours  expected   latest     
hframe_thin   running                      33/150     139     95.68         1 2.94e+03    1.58  unknown    Tue 00:21  
hframe_medium running                      31/150     124     98.68         1 2.95e+03    1.57  unknown    Tue 00:21  
hframe_thick  running                      43/150     126    138.41        16      211    1.58  unknown    Tue 00:21  
noise0        running                      62/150      79    142.46         4 1.11e+03    1.60  unknown    Tue 00:21  
[2J[Hsession planx_ms2: started Mon 20:51, budget ends Tue 00:21, now Mon 22:28:08, 4 runs x 3 threads
run           state                            it    s/it   mean mT   N_green  F $/vox   hours  expected   latest     
hframe_thin   running                      33/150     139     95.68         1 2.94e+03    1.58  unknown    Tue 00:21  
hframe_medium running                      32/150     124     98.71         1 2.95e+03    1.61  unknown    Tue 00:21  
hframe_thick  running                      44/150     118    138.52        16      210    1.60  unknown    Tue 00:21  
noise0        running                      62/150      79    142.46         4 1.11e+03    1.60  unknown    Tue 00:21  
[2J[Hsession planx_ms2: started Mon 20:51, budget ends Tue 00:21, now Mon 22:28:38, 4 runs x 3 threads
run           state                            it    s/it   mean mT   N_green  F $/vox   hours  expected   latest     
hframe_thin   running                      33/150     139     95.68         1 2.94e+03    1.58  unknown    Tue 00:21  
hframe_medium running                      32/150     124     98.71         1 2.95e+03    1.61  unknown    Tue 00:21  
hframe_thick  running                      44/150     118    138.52        16      210    1.60  unknown    Tue 00:21  
noise0        running                      62/150      79    142.46         4 1.11e+03    1.60  unknown    Tue 00:21  
[2J[Hsession planx_ms2: started Mon 20:51, budget ends Tue 00:21, now Mon 22:29:08, 4 runs x 3 threads
run           state                            it    s/it   mean mT   N_green  F $/vox   hours  expected   latest     
hframe_thin   running                      34/150     133     95.81         2 1.47e+03    1.62  unknown    Tue 00:21  
hframe_medium running                      32/150     124     98.71         1 2.95e+03    1.61  unknown    Tue 00:21  
hframe_thick  running                      44/150     118    138.52        16      210    1.60  unknown    Tue 00:21  
noise0        running                      62/150      79    142.46         4 1.11e+03    1.60  unknown    Tue 00:21  
[2J[Hsession planx_ms2: started Mon 20:51, budget ends Tue 00:21, now Mon 22:29:38, 4 runs x 3 threads
run           state                            it    s/it   mean mT   N_green  F $/vox   hours  expected   latest     
hframe_thin   running                      34/150     133     95.81         2 1.47e+03    1.62  unknown    Tue 00:21  
hframe_medium running                      33/150     124     98.75         1 2.95e+03    1.63  unknown    Tue 00:21  
hframe_thick  running                      44/150     118    138.52        16      210    1.60  unknown    Tue 00:21  
noise0        running                      63/150      81    144.57         3 1.49e+03    1.63  unknown    Tue 00:21  
[2J[Hsession planx_ms2: started Mon 20:51, budget ends Tue 00:21, now Mon 22:30:08, 4 runs x 3 threads
run           state                            it    s/it   mean mT   N_green  F $/vox   hours  expected   latest     
hframe_thin   running                      34/150     133     95.81         2 1.47e+03    1.62  unknown    Tue 00:21  
hframe_medium running                      33/150     124     98.75         1 2.95e+03    1.63  unknown    Tue 00:21  
hframe_thick  running                      45/150     118    138.59        16      211    1.64  unknown    Tue 00:21  
noise0        running                      63/150      81    144.57         3 1.49e+03    1.63  unknown    Tue 00:21  
[2J[Hsession planx_ms2: started Mon 20:51, budget ends Tue 00:21, now Mon 22:30:38, 4 runs x 3 threads
run           state                            it    s/it   mean mT   N_green  F $/vox   hours  expected   latest     
hframe_thin   running                      34/150     133     95.81         2 1.47e+03    1.62  unknown    Tue 00:21  
hframe_medium running                      33/150     124     98.75         1 2.95e+03    1.63  unknown    Tue 00:21  
hframe_thick  running                      45/150     118    138.59        16      211    1.64  unknown    Tue 00:21  
noise0        running                      63/150      81    144.57         3 1.49e+03    1.63  unknown    Tue 00:21  
[2J[Hsession planx_ms2: started Mon 20:51, budget ends Tue 00:21, now Mon 22:31:08, 4 runs x 3 threads
run           state                            it    s/it   mean mT   N_green  F $/vox   hours  expected   latest     
hframe_thin   running                      34/150     133     95.81         2 1.47e+03    1.62  unknown    Tue 00:21  
hframe_medium running                      34/150     120     98.77         1 2.94e+03    1.66  unknown    Tue 00:21  
hframe_thick  running                      45/150     118    138.59        16      211    1.64  unknown    Tue 00:21  
noise0        running                      64/150      82    158.84         2 2.24e+03    1.66  unknown    Tue 00:21  
[2J[Hsession planx_ms2: started Mon 20:51, budget ends Tue 00:21, now Mon 22:31:38, 4 runs x 3 threads
run           state                            it    s/it   mean mT   N_green  F $/vox   hours  expected   latest     
hframe_thin   running                      34/150     133     95.81         2 1.47e+03    1.62  unknown    Tue 00:21  
hframe_medium running                      34/150     120     98.77         1 2.94e+03    1.66  unknown    Tue 00:21  
hframe_thick  running                      46/150     111    138.72        18      187    1.66  unknown    Tue 00:21  
noise0        running                      64/150      82    158.84         2 2.24e+03    1.66  unknown    Tue 00:21  
[2J[Hsession planx_ms2: started Mon 20:51, budget ends Tue 00:21, now Mon 22:32:08, 4 runs x 3 threads
run           state                            it    s/it   mean mT   N_green  F $/vox   hours  expected   latest     
hframe_thin   running                      34/150     133     95.81         2 1.47e+03    1.62  unknown    Tue 00:21  
hframe_medium running                      34/150     120     98.77         1 2.94e+03    1.66  unknown    Tue 00:21  
hframe_thick  running                      46/150     111    138.72        18      187    1.66  unknown    Tue 00:21  
noise0        running                      64/150      82    158.84         2 2.24e+03    1.66  unknown    Tue 00:21  
[2J[Hsession planx_ms2: started Mon 20:51, budget ends Tue 00:21, now Mon 22:32:38, 4 runs x 3 threads
run           state                            it    s/it   mean mT   N_green  F $/vox   hours  expected   latest     
hframe_thin   running                      35/150     133     95.90         0      inf    1.68  unknown    Tue 00:21  
hframe_medium running                      34/150     120     98.77         1 2.94e+03    1.66  unknown    Tue 00:21  
hframe_thick  running                      46/150     111    138.72        18      187    1.66  unknown    Tue 00:21  
noise0        running                      64/150      82    158.84         2 2.24e+03    1.66  unknown    Tue 00:21  
[2J[Hsession planx_ms2: started Mon 20:51, budget ends Tue 00:21, now Mon 22:33:08, 4 runs x 3 threads
run           state                            it    s/it   mean mT   N_green  F $/vox   hours  expected   latest     
hframe_thin   running                      35/150     133     95.90         0      inf    1.68  unknown    Tue 00:21  
hframe_medium running                      34/150     120     98.77         1 2.94e+03    1.66  unknown    Tue 00:21  
hframe_thick  running                      46/150     111    138.72        18      187    1.66  unknown    Tue 00:21  
noise0        running                      64/150      82    158.84         2 2.24e+03    1.66  unknown    Tue 00:21  
[2J[Hsession planx_ms2: started Mon 20:51, budget ends Tue 00:21, now Mon 22:33:38, 4 runs x 3 threads
run           state                            it    s/it   mean mT   N_green  F $/vox   hours  expected   latest     
hframe_thin   running                      35/150     133     95.90         0      inf    1.68  unknown    Tue 00:21  
hframe_medium running                      35/150     120     98.81         1 2.94e+03    1.70  unknown    Tue 00:21  
hframe_thick  running                      47/150     118    138.75        16      211    1.70  unknown    Tue 00:21  
noise0        running                      65/150      84    159.09         1 4.48e+03    1.69  unknown    Tue 00:21  
[2J[Hsession planx_ms2: started Mon 20:51, budget ends Tue 00:21, now Mon 22:34:08, 4 runs x 3 threads
run           state                            it    s/it   mean mT   N_green  F $/vox   hours  expected   latest     
hframe_thin   running                      35/150     133     95.90         0      inf    1.68  unknown    Tue 00:21  
hframe_medium running                      35/150     120     98.81         1 2.94e+03    1.70  unknown    Tue 00:21  
hframe_thick  running                      47/150     118    138.75        16      211    1.70  unknown    Tue 00:21  
noise0        running                      65/150      84    159.09         1 4.48e+03    1.69  unknown    Tue 00:21  
[2J[Hsession planx_ms2: started Mon 20:51, budget ends Tue 00:21, now Mon 22:34:38, 4 runs x 3 threads
run           state                            it    s/it   mean mT   N_green  F $/vox   hours  expected   latest     
hframe_thin   running                      36/150     133     95.96         6      490    1.71  unknown    Tue 00:21  
hframe_medium running                      35/150     120     98.81         1 2.94e+03    1.70  unknown    Tue 00:21  
hframe_thick  running                      47/150     118    138.75        16      211    1.70  unknown    Tue 00:21  
noise0        running                      65/150      84    159.09         1 4.48e+03    1.69  unknown    Tue 00:21  
[2J[Hsession planx_ms2: started Mon 20:51, budget ends Tue 00:21, now Mon 22:35:08, 4 runs x 3 threads
run           state                            it    s/it   mean mT   N_green  F $/vox   hours  expected   latest     
hframe_thin   running                      36/150     133     95.96         6      490    1.71  unknown    Tue 00:21  
hframe_medium running                      36/150     120     98.84         1 2.94e+03    1.72  unknown    Tue 00:21  
hframe_thick  running                      47/150     118    138.75        16      211    1.70  unknown    Tue 00:21  
noise0        running                      65/150      84    159.09         1 4.48e+03    1.69  unknown    Tue 00:21  
[2J[Hsession planx_ms2: started Mon 20:51, budget ends Tue 00:21, now Mon 22:35:38, 4 runs x 3 threads
run           state                            it    s/it   mean mT   N_green  F $/vox   hours  expected   latest     
hframe_thin   running                      36/150     133     95.96         6      490    1.71  unknown    Tue 00:21  
hframe_medium running                      36/150     120     98.84         1 2.94e+03    1.72  unknown    Tue 00:21  
hframe_thick  running                      47/150     118    138.75        16      211    1.70  unknown    Tue 00:21  
noise0        running                      65/150      84    159.09         1 4.48e+03    1.69  unknown    Tue 00:21  
[2J[Hsession planx_ms2: started Mon 20:51, budget ends Tue 00:21, now Mon 22:36:08, 4 runs x 3 threads
run           state                            it    s/it   mean mT   N_green  F $/vox   hours  expected   latest     
hframe_thin   running                      36/150     133     95.96         6      490    1.71  unknown    Tue 00:21  
hframe_medium running                      36/150     120     98.84         1 2.94e+03    1.72  unknown    Tue 00:21  
hframe_thick  running                      47/150     118    138.75        16      211    1.70  unknown    Tue 00:21  
noise0        running                      65/150      84    159.09         1 4.48e+03    1.69  unknown    Tue 00:21  
[2J[Hsession planx_ms2: started Mon 20:51, budget ends Tue 00:21, now Mon 22:36:38, 4 runs x 3 threads
run           state                            it    s/it   mean mT   N_green  F $/vox   hours  expected   latest     
hframe_thin   running                      37/150     126     96.05         0      inf    1.74  unknown    Tue 00:21  
hframe_medium running                      37/150     117     98.84         1 2.94e+03    1.75  unknown    Tue 00:21  
hframe_thick  running                      48/150     118    138.91         8      420    1.74  unknown    Tue 00:21  
noise0        running                      66/150      84    159.09         1 4.48e+03    1.75  unknown    Tue 00:21  
[2J[Hsession planx_ms2: started Mon 20:51, budget ends Tue 00:21, now Mon 22:37:08, 4 runs x 3 threads
run           state                            it    s/it   mean mT   N_green  F $/vox   hours  expected   latest     
hframe_thin   running                      37/150     126     96.05         0      inf    1.74  unknown    Tue 00:21  
hframe_medium running                      37/150     117     98.84         1 2.94e+03    1.75  unknown    Tue 00:21  
hframe_thick  running                      48/150     118    138.91         8      420    1.74  unknown    Tue 00:21  
noise0        running                      66/150      84    159.09         1 4.48e+03    1.75  unknown    Tue 00:21  
[2J[Hsession planx_ms2: started Mon 20:51, budget ends Tue 00:21, now Mon 22:37:38, 4 runs x 3 threads
run           state                            it    s/it   mean mT   N_green  F $/vox   hours  expected   latest     
hframe_thin   running                      37/150     126     96.05         0      inf    1.74  unknown    Tue 00:21  
hframe_medium running                      37/150     117     98.84         1 2.94e+03    1.75  unknown    Tue 00:21  
hframe_thick  running                      48/150     118    138.91         8      420    1.74  unknown    Tue 00:21  
noise0        running                      66/150      84    159.09         1 4.48e+03    1.75  unknown    Tue 00:21  
[2J[Hsession planx_ms2: started Mon 20:51, budget ends Tue 00:21, now Mon 22:38:08, 4 runs x 3 threads
run           state                            it    s/it   mean mT   N_green  F $/vox   hours  expected   latest     
hframe_thin   running                      37/150     126     96.05         0      inf    1.74  unknown    Tue 00:21  
hframe_medium running                      37/150     117     98.84         1 2.94e+03    1.75  unknown    Tue 00:21  
hframe_thick  running                      48/150     118    138.91         8      420    1.74  unknown    Tue 00:21  
noise0        running                      67/150      84    159.09         1 4.48e+03    1.77  unknown    Tue 00:21  
[2J[Hsession planx_ms2: started Mon 20:51, budget ends Tue 00:21, now Mon 22:38:38, 4 runs x 3 threads
run           state                            it    s/it   mean mT   N_green  F $/vox   hours  expected   latest     
hframe_thin   running                      37/150     126     96.05         0      inf    1.74  unknown    Tue 00:21  
hframe_medium running                      37/150     117     98.84         1 2.94e+03    1.75  unknown    Tue 00:21  
hframe_thick  running                      48/150     118    138.91         8      420    1.74  unknown    Tue 00:21  
noise0        running                      67/150      84    159.09         1 4.48e+03    1.77  unknown    Tue 00:21  
[2J[Hsession planx_ms2: started Mon 20:51, budget ends Tue 00:21, now Mon 22:39:08, 4 runs x 3 threads
run           state                            it    s/it   mean mT   N_green  F $/vox   hours  expected   latest     
hframe_thin   running                      37/150     126     96.05         0      inf    1.74  unknown    Tue 00:21  
hframe_medium running                      38/150     117     98.88         1 2.94e+03    1.79  unknown    Tue 00:21  
hframe_thick  running                      48/150     118    138.91         8      420    1.74  unknown    Tue 00:21  
noise0        running                      67/150      84    159.09         1 4.48e+03    1.77  unknown    Tue 00:21  
[2J[Hsession planx_ms2: started Mon 20:51, budget ends Tue 00:21, now Mon 22:39:38, 4 runs x 3 threads
run           state                            it    s/it   mean mT   N_green  F $/vox   hours  expected   latest     
hframe_thin   running                      37/150     126     96.05         0      inf    1.74  unknown    Tue 00:21  
hframe_medium running                      38/150     117     98.88         1 2.94e+03    1.79  unknown    Tue 00:21  
hframe_thick  running                      49/150     118    138.96        12      281    1.79  unknown    Tue 00:21  
noise0        running                      67/150      84    159.09         1 4.48e+03    1.77  unknown    Tue 00:21  
[2J[Hsession planx_ms2: started Mon 20:51, budget ends Tue 00:21, now Mon 22:40:08, 4 runs x 3 threads
run           state                            it    s/it   mean mT   N_green  F $/vox   hours  expected   latest     
hframe_thin   running                      38/150     139     96.10         1 2.94e+03    1.80  unknown    Tue 00:21  
hframe_medium running                      38/150     117     98.88         1 2.94e+03    1.79  unknown    Tue 00:21  
hframe_thick  running                      49/150     118    138.96        12      281    1.79  unknown    Tue 00:21  
noise0        running                      67/150      84    159.09         1 4.48e+03    1.77  unknown    Tue 00:21  
[2J[Hsession planx_ms2: started Mon 20:51, budget ends Tue 00:21, now Mon 22:40:38, 4 runs x 3 threads
run           state                            it    s/it   mean mT   N_green  F $/vox   hours  expected   latest     
hframe_thin   running                      38/150     139     96.10         1 2.94e+03    1.80  unknown    Tue 00:21  
hframe_medium running                      38/150     117     98.88         1 2.94e+03    1.79  unknown    Tue 00:21  
hframe_thick  running                      49/150     118    138.96        12      281    1.79  unknown    Tue 00:21  
noise0        running                      67/150      84    159.09         1 4.48e+03    1.77  unknown    Tue 00:21  
[2J[Hsession planx_ms2: started Mon 20:51, budget ends Tue 00:21, now Mon 22:41:08, 4 runs x 3 threads
run           state                            it    s/it   mean mT   N_green  F $/vox   hours  expected   latest     
hframe_thin   running                      38/150     139     96.10         1 2.94e+03    1.80  unknown    Tue 00:21  
hframe_medium running                      39/150     111     98.90         1 2.94e+03    1.82  unknown    Tue 00:21  
hframe_thick  running                      49/150     118    138.96        12      281    1.79  unknown    Tue 00:21  
noise0        running                      67/150      84    159.09         1 4.48e+03    1.77  unknown    Tue 00:21  
[2J[Hsession planx_ms2: started Mon 20:51, budget ends Tue 00:21, now Mon 22:41:38, 4 runs x 3 threads
run           state                            it    s/it   mean mT   N_green  F $/vox   hours  expected   latest     
hframe_thin   running                      39/150     139     96.17         1 2.94e+03    1.83  unknown    Tue 00:21  
hframe_medium running                      39/150     111     98.90         1 2.94e+03    1.82  unknown    Tue 00:21  
hframe_thick  running                      50/150     118    139.11        12      280    1.83  unknown    Tue 00:21  
noise0        running                      67/150      84    159.09         1 4.48e+03    1.77  unknown    Tue 00:21  
[2J[Hsession planx_ms2: started Mon 20:51, budget ends Tue 00:21, now Mon 22:42:08, 4 runs x 3 threads
run           state                            it    s/it   mean mT   N_green  F $/vox   hours  expected   latest     
hframe_thin   running                      39/150     139     96.17         1 2.94e+03    1.83  unknown    Tue 00:21  
hframe_medium running                      39/150     111     98.90         1 2.94e+03    1.82  unknown    Tue 00:21  
hframe_thick  running                      50/150     118    139.11        12      280    1.83  unknown    Tue 00:21  
noise0        running                      67/150      84    159.09         1 4.48e+03    1.77  unknown    Tue 00:21  
[2J[Hsession planx_ms2: started Mon 20:51, budget ends Tue 00:21, now Mon 22:42:38, 4 runs x 3 threads
run           state                            it    s/it   mean mT   N_green  F $/vox   hours  expected   latest     
hframe_thin   running                      39/150     139     96.17         1 2.94e+03    1.83  unknown    Tue 00:21  
hframe_medium running                      39/150     111     98.90         1 2.94e+03    1.82  unknown    Tue 00:21  
hframe_thick  running                      50/150     118    139.11        12      280    1.83  unknown    Tue 00:21  
noise0        running                      67/150      84    159.09         1 4.48e+03    1.77  unknown    Tue 00:21  
[2J[Hsession planx_ms2: started Mon 20:51, budget ends Tue 00:21, now Mon 22:43:08, 4 runs x 3 threads
run           state                            it    s/it   mean mT   N_green  F $/vox   hours  expected   latest     
hframe_thin   running                      39/150     139     96.17         1 2.94e+03    1.83  unknown    Tue 00:21  
hframe_medium running                      40/150     111     98.92         1 2.94e+03    1.85  unknown    Tue 00:21  
hframe_thick  running                      51/150     118    139.03        12      281    1.85  unknown    Tue 00:21  
noise0        running                      67/150      84    159.09         1 4.48e+03    1.77  unknown    Tue 00:21  
[2J[Hsession planx_ms2: started Mon 20:51, budget ends Tue 00:21, now Mon 22:43:38, 4 runs x 3 threads
run           state                            it    s/it   mean mT   N_green  F $/vox   hours  expected   latest     
hframe_thin   running                      40/150     128     96.17         0      inf    1.86  unknown    Tue 00:21  
hframe_medium running                      40/150     111     98.92         1 2.94e+03    1.85  unknown    Tue 00:21  
hframe_thick  running                      51/150     118    139.03        12      281    1.85  unknown    Tue 00:21  
noise0        running                      67/150      84    159.09         1 4.48e+03    1.77  unknown    Tue 00:21  
[2J[Hsession planx_ms2: started Mon 20:51, budget ends Tue 00:21, now Mon 22:44:08, 4 runs x 3 threads
run           state                            it    s/it   mean mT   N_green  F $/vox   hours  expected   latest     
hframe_thin   running                      40/150     128     96.17         0      inf    1.86  unknown    Tue 00:21  
hframe_medium running                      41/150     111     98.95         1 2.94e+03    1.87  unknown    Tue 00:21  
hframe_thick  running                      52/150     118    159.33         4      840    1.87  unknown    Tue 00:21  
noise0        running                      67/150      84    159.09         1 4.48e+03    1.77  unknown    Tue 00:21  
[2J[Hsession planx_ms2: started Mon 20:51, budget ends Tue 00:21, now Mon 22:44:38, 4 runs x 3 threads
run           state                            it    s/it   mean mT   N_green  F $/vox   hours  expected   latest     
hframe_thin   running                      40/150     128     96.17         0      inf    1.86  unknown    Tue 00:21  
hframe_medium running                      41/150     111     98.95         1 2.94e+03    1.87  unknown    Tue 00:21  
hframe_thick  running                      52/150     118    159.33         4      840    1.87  unknown    Tue 00:21  
noise0        running                      67/150      84    159.09         1 4.48e+03    1.77  unknown    Tue 00:21  
[2J[Hsession planx_ms2: started Mon 20:51, budget ends Tue 00:21, now Mon 22:45:08, 4 runs x 3 threads
run           state                            it    s/it   mean mT   N_green  F $/vox   hours  expected   latest     
hframe_thin   running                      40/150     128     96.17         0      inf    1.86  unknown    Tue 00:21  
hframe_medium running                      41/150     111     98.95         1 2.94e+03    1.87  unknown    Tue 00:21  
hframe_thick  running                      52/150     118    159.33         4      840    1.87  unknown    Tue 00:21  
noise0        running                      67/150      84    159.09         1 4.48e+03    1.77  unknown    Tue 00:21  
[2J[Hsession planx_ms2: started Mon 20:51, budget ends Tue 00:21, now Mon 22:45:38, 4 runs x 3 threads
run           state                            it    s/it   mean mT   N_green  F $/vox   hours  expected   latest     
hframe_thin   running                      40/150     128     96.17         0      inf    1.86  unknown    Tue 00:21  
hframe_medium running                      41/150     111     98.95         1 2.94e+03    1.87  unknown    Tue 00:21  
hframe_thick  running                      52/150     118    159.33         4      840    1.87  unknown    Tue 00:21  
noise0        running                      67/150      84    159.09         1 4.48e+03    1.77  unknown    Tue 00:21  
[2J[Hsession planx_ms2: started Mon 20:51, budget ends Tue 00:21, now Mon 22:46:08, 4 runs x 3 threads
run           state                            it    s/it   mean mT   N_green  F $/vox   hours  expected   latest     
hframe_thin   running                      40/150     128     96.17         0      inf    1.86  unknown    Tue 00:21  
hframe_medium running                      42/150     111     98.97         1 2.94e+03    1.91  unknown    Tue 00:21  
hframe_thick  running                      52/150     118    159.33         4      840    1.87  unknown    Tue 00:21  
noise0        running                      67/150      84    159.09         1 4.48e+03    1.77  unknown    Tue 00:21  
[2J[Hsession planx_ms2: started Mon 20:51, budget ends Tue 00:21, now Mon 22:46:38, 4 runs x 3 threads
run           state                            it    s/it   mean mT   N_green  F $/vox   hours  expected   latest     
hframe_thin   running                      40/150     128     96.17         0      inf    1.86  unknown    Tue 00:21  
hframe_medium running                      42/150     111     98.97         1 2.94e+03    1.91  unknown    Tue 00:21  
hframe_thick  running                      52/150     118    159.33         4      840    1.87  unknown    Tue 00:21  
noise0        running                      67/150      84    159.09         1 4.48e+03    1.77  unknown    Tue 00:21  
[2J[Hsession planx_ms2: started Mon 20:51, budget ends Tue 00:21, now Mon 22:47:08, 4 runs x 3 threads
run           state                            it    s/it   mean mT   N_green  F $/vox   hours  expected   latest     
hframe_thin   running                      40/150     128     96.17         0      inf    1.86  unknown    Tue 00:21  
hframe_medium running                      42/150     111     98.97         1 2.94e+03    1.91  unknown    Tue 00:21  
hframe_thick  running                      52/150     118    159.33         4      840    1.87  unknown    Tue 00:21  
noise0        running                      67/150      84    159.09         1 4.48e+03    1.77  unknown    Tue 00:21  
[2J[Hsession planx_ms2: started Mon 20:51, budget ends Tue 00:21, now Mon 22:47:38, 4 runs x 3 threads
run           state                            it    s/it   mean mT   N_green  F $/vox   hours  expected   latest     
hframe_thin   running                      40/150     128     96.17         0      inf    1.86  unknown    Tue 00:21  
hframe_medium running                      43/150      98     99.00         1 2.94e+03    1.93  unknown    Tue 00:21  
hframe_thick  running                      53/150     118    139.11         8      419    1.93  unknown    Tue 00:21  
noise0        running                      67/150      84    159.09         1 4.48e+03    1.77  unknown    Tue 00:21  
[2J[Hsession planx_ms2: started Mon 20:51, budget ends Tue 00:21, now Mon 22:48:08, 4 runs x 3 threads
run           state                            it    s/it   mean mT   N_green  F $/vox   hours  expected   latest     
hframe_thin   running                      41/150     128     96.26         0      inf    1.93  unknown    Tue 00:21  
hframe_medium running                      43/150      98     99.00         1 2.94e+03    1.93  unknown    Tue 00:21  
hframe_thick  running                      53/150     118    139.11         8      419    1.93  unknown    Tue 00:21  
noise0        running                      67/150      84    159.09         1 4.48e+03    1.77  unknown    Tue 00:21  
[2J[Hsession planx_ms2: started Mon 20:51, budget ends Tue 00:21, now Mon 22:48:38, 4 runs x 3 threads
run           state                            it    s/it   mean mT   N_green  F $/vox   hours  expected   latest     
hframe_thin   running                      41/150     128     96.26         0      inf    1.93  unknown    Tue 00:21  
hframe_medium running                      43/150      98     99.00         1 2.94e+03    1.93  unknown    Tue 00:21  
hframe_thick  running                      54/150     118    139.11        16      211    1.95  unknown    Tue 00:21  
noise0        running                      67/150      84    159.09         1 4.48e+03    1.77  unknown    Tue 00:21  
[2J[Hsession planx_ms2: started Mon 20:51, budget ends Tue 00:21, now Mon 22:49:08, 4 runs x 3 threads
run           state                            it    s/it   mean mT   N_green  F $/vox   hours  expected   latest     
hframe_thin   running                      41/150     128     96.26         0      inf    1.93  unknown    Tue 00:21  
hframe_medium running                      43/150      98     99.00         1 2.94e+03    1.93  unknown    Tue 00:21  
hframe_thick  running                      54/150     118    139.11        16      211    1.95  unknown    Tue 00:21  
noise0        finished: no descent step    67/150      84    159.09         1 4.48e+03    1.95  unknown    Tue 00:21  
[2J[Hsession planx_ms2: started Mon 20:51, budget ends Tue 00:21, now Mon 22:49:38, 4 runs x 3 threads
run           state                            it    s/it   mean mT   N_green  F $/vox   hours  expected   latest     
hframe_thin   running                      41/150     128     96.26         0      inf    1.93  unknown    Tue 00:21  
hframe_medium running                      44/150     106     99.02         1 2.94e+03    1.96  unknown    Tue 00:21  
hframe_thick  running                      54/150     118    139.11        16      211    1.95  unknown    Tue 00:21  
noise0        finished: no descent step    67/150      84    159.09         1 4.48e+03    1.95  unknown    Tue 00:21  
[2J[Hsession planx_ms2: started Mon 20:51, budget ends Tue 00:21, now Mon 22:50:08, 4 runs x 3 threads
run           state                            it    s/it   mean mT   N_green  F $/vox   hours  expected   latest     
hframe_thin   running                      42/150     132     96.33         0      inf    1.97  unknown    Tue 00:21  
hframe_medium running                      44/150     106     99.02         1 2.94e+03    1.96  unknown    Tue 00:21  
hframe_thick  running                      54/150     118    139.11        16      211    1.95  unknown    Tue 00:21  
noise0        finished: no descent step    67/150      84    159.09         1 4.48e+03    1.95  unknown    Tue 00:21  
[2J[Hsession planx_ms2: started Mon 20:51, budget ends Tue 00:21, now Mon 22:50:39, 4 runs x 3 threads
run           state                            it    s/it   mean mT   N_green  F $/vox   hours  expected   latest     
hframe_thin   running                      42/150     132     96.33         0      inf    1.97  unknown    Tue 00:21  
hframe_medium running                      44/150     106     99.02         1 2.94e+03    1.96  unknown    Tue 00:21  
hframe_thick  running                      54/150     118    139.11        16      211    1.95  unknown    Tue 00:21  
noise0        finished: no descent step    67/150      84    159.09         1 4.48e+03    1.95  unknown    Tue 00:21  
[2J[Hsession planx_ms2: started Mon 20:51, budget ends Tue 00:21, now Mon 22:51:09, 4 runs x 3 threads
run           state                            it    s/it   mean mT   N_green  F $/vox   hours  expected   latest     
hframe_thin   running                      43/150     128     96.42         0      inf    1.99  unknown    Tue 00:21  
hframe_medium running                      45/150     106     99.05         1 2.94e+03    1.98  unknown    Tue 00:21  
hframe_thick  running                      55/150     118    139.28         8      420    1.99  unknown    Tue 00:21  
noise0        finished: no descent step    67/150      84    159.09         1 4.48e+03    1.95  unknown    Tue 00:21  
[2J[Hsession planx_ms2: started Mon 20:51, budget ends Tue 00:21, now Mon 22:51:39, 4 runs x 3 threads
run           state                            it    s/it   mean mT   N_green  F $/vox   hours  expected   latest     
hframe_thin   running                      43/150     128     96.42         0      inf    1.99  unknown    Tue 00:21  
hframe_medium running                      45/150     106     99.05         1 2.94e+03    1.98  unknown    Tue 00:21  
hframe_thick  running                      55/150     118    139.28         8      420    1.99  unknown    Tue 00:21  
noise0        finished: no descent step    67/150      84    159.09         1 4.48e+03    1.95  unknown    Tue 00:21  
[2J[Hsession planx_ms2: started Mon 20:51, budget ends Tue 00:21, now Mon 22:52:09, 4 runs x 3 threads
run           state                            it    s/it   mean mT   N_green  F $/vox   hours  expected   latest     
hframe_thin   running                      43/150     128     96.42         0      inf    1.99  unknown    Tue 00:21  
hframe_medium running                      46/150      89     99.07         1 2.94e+03    2.00  unknown    Tue 00:21  
hframe_thick  running                      55/150     118    139.28         8      420    1.99  unknown    Tue 00:21  
noise0        finished: no descent step    67/150      84    159.09         1 4.48e+03    1.95  unknown    Tue 00:21  
[2J[Hsession planx_ms2: started Mon 20:51, budget ends Tue 00:21, now Mon 22:52:39, 4 runs x 3 threads
run           state                            it    s/it   mean mT   N_green  F $/vox   hours  expected   latest     
hframe_thin   running                      44/150     126     96.49         1 2.94e+03    2.01  unknown    Tue 00:21  
hframe_medium running                      46/150      89     99.07         1 2.94e+03    2.00  unknown    Tue 00:21  
hframe_thick  running                      55/150     118    139.28         8      420    1.99  unknown    Tue 00:21  
noise0        finished: no descent step    67/150      84    159.09         1 4.48e+03    1.95  unknown    Tue 00:21  
[2J[Hsession planx_ms2: started Mon 20:51, budget ends Tue 00:21, now Mon 22:53:09, 4 runs x 3 threads
run           state                            it    s/it   mean mT   N_green  F $/vox   hours  expected   latest     
hframe_thin   running                      44/150     126     96.49         1 2.94e+03    2.01  unknown    Tue 00:21  
hframe_medium running                      46/150      89     99.07         1 2.94e+03    2.00  unknown    Tue 00:21  
hframe_thick  running                      55/150     118    139.28         8      420    1.99  unknown    Tue 00:21  
noise0        finished: no descent step    67/150      84    159.09         1 4.48e+03    1.95  unknown    Tue 00:21  
[2J[Hsession planx_ms2: started Mon 20:51, budget ends Tue 00:21, now Mon 22:53:39, 4 runs x 3 threads
run           state                            it    s/it   mean mT   N_green  F $/vox   hours  expected   latest     
hframe_thin   running                      45/150     119     96.58         1 2.94e+03    2.03  unknown    Tue 00:21  
hframe_medium running                      46/150      89     99.07         1 2.94e+03    2.00  unknown    Tue 00:21  
hframe_thick  running                      55/150     118    139.28         8      420    1.99  unknown    Tue 00:21  
noise0        finished: no descent step    67/150      84    159.09         1 4.48e+03    1.95  unknown    Tue 00:21  
[2J[Hsession planx_ms2: started Mon 20:51, budget ends Tue 00:21, now Mon 22:54:09, 4 runs x 3 threads
run           state                            it    s/it   mean mT   N_green  F $/vox   hours  expected   latest     
hframe_thin   running                      45/150     119     96.58         1 2.94e+03    2.03  unknown    Tue 00:21  
hframe_medium running                      47/150      89     99.09         1 2.94e+03    2.03  unknown    Tue 00:21  
hframe_thick  running                      56/150     128    139.30        12      281    2.03  unknown    Tue 00:21  
noise0        finished: no descent step    67/150      84    159.09         1 4.48e+03    1.95  unknown    Tue 00:21  
[2J[Hsession planx_ms2: started Mon 20:51, budget ends Tue 00:21, now Mon 22:54:39, 4 runs x 3 threads
run           state                            it    s/it   mean mT   N_green  F $/vox   hours  expected   latest     
hframe_thin   running                      45/150     119     96.58         1 2.94e+03    2.03  unknown    Tue 00:21  
hframe_medium running                      47/150      89     99.09         1 2.94e+03    2.03  unknown    Tue 00:21  
hframe_thick  running                      56/150     128    139.30        12      281    2.03  unknown    Tue 00:21  
noise0        finished: no descent step    67/150      84    159.09         1 4.48e+03    1.95  unknown    Tue 00:21  
[2J[Hsession planx_ms2: started Mon 20:51, budget ends Tue 00:21, now Mon 22:55:09, 4 runs x 3 threads
run           state                            it    s/it   mean mT   N_green  F $/vox   hours  expected   latest     
hframe_thin   running                      46/150     116     96.65         0      inf    2.05  unknown    Tue 00:21  
hframe_medium running                      48/150      89     99.12         1 2.94e+03    2.05  unknown    Tue 00:21  
hframe_thick  running                      56/150     128    139.30        12      281    2.03  unknown    Tue 00:21  
noise0        finished: no descent step    67/150      84    159.09         1 4.48e+03    1.95  unknown    Tue 00:21  
[2J[Hsession planx_ms2: started Mon 20:51, budget ends Tue 00:21, now Mon 22:55:39, 4 runs x 3 threads
run           state                            it    s/it   mean mT   N_green  F $/vox   hours  expected   latest     
hframe_thin   running                      46/150     116     96.65         0      inf    2.05  unknown    Tue 00:21  
hframe_medium running                      48/150      89     99.12         1 2.94e+03    2.05  unknown    Tue 00:21  
hframe_thick  running                      57/150     118    139.28        16      211    2.06  unknown    Tue 00:21  
noise0        finished: no descent step    67/150      84    159.09         1 4.48e+03    1.95  unknown    Tue 00:21  
[2J[Hsession planx_ms2: started Mon 20:51, budget ends Tue 00:21, now Mon 22:56:09, 4 runs x 3 threads
run           state                            it    s/it   mean mT   N_green  F $/vox   hours  expected   latest     
hframe_thin   running                      47/150     112     96.74         1 2.94e+03    2.07  unknown    Tue 00:21  
hframe_medium running                      48/150      89     99.12         1 2.94e+03    2.05  unknown    Tue 00:21  
hframe_thick  running                      57/150     118    139.28        16      211    2.06  unknown    Tue 00:21  
noise0        finished: no descent step    67/150      84    159.09         1 4.48e+03    1.95  unknown    Tue 00:21  
[2J[Hsession planx_ms2: started Mon 20:51, budget ends Tue 00:21, now Mon 22:56:39, 4 runs x 3 threads
run           state                            it    s/it   mean mT   N_green  F $/vox   hours  expected   latest     
hframe_thin   running                      47/150     112     96.74         1 2.94e+03    2.07  unknown    Tue 00:21  
hframe_medium running                      48/150      89     99.12         1 2.94e+03    2.05  unknown    Tue 00:21  
hframe_thick  running                      57/150     118    139.28        16      211    2.06  unknown    Tue 00:21  
noise0        finished: no descent step    67/150      84    159.09         1 4.48e+03    1.95  unknown    Tue 00:21  
[2J[Hsession planx_ms2: started Mon 20:51, budget ends Tue 00:21, now Mon 22:57:09, 4 runs x 3 threads
run           state                            it    s/it   mean mT   N_green  F $/vox   hours  expected   latest     
hframe_thin   running                      47/150     112     96.74         1 2.94e+03    2.07  unknown    Tue 00:21  
hframe_medium running                      49/150     106     99.14         1 2.94e+03    2.08  unknown    Tue 00:21  
hframe_thick  running                      57/150     118    139.28        16      211    2.06  unknown    Tue 00:21  
noise0        finished: no descent step    67/150      84    159.09         1 4.48e+03    1.95  unknown    Tue 00:21  
[2J[Hsession planx_ms2: started Mon 20:51, budget ends Tue 00:21, now Mon 22:57:39, 4 runs x 3 threads
run           state                            it    s/it   mean mT   N_green  F $/vox   hours  expected   latest     
hframe_thin   running                      48/150     103     96.86         1 2.94e+03    2.09  unknown    Tue 00:21  
hframe_medium running                      49/150     106     99.14         1 2.94e+03    2.08  unknown    Tue 00:21  
hframe_thick  running                      57/150     118    139.28        16      211    2.06  unknown    Tue 00:21  
noise0        finished: no descent step    67/150      84    159.09         1 4.48e+03    1.95  unknown    Tue 00:21  
[2J[Hsession planx_ms2: started Mon 20:51, budget ends Tue 00:21, now Mon 22:58:09, 4 runs x 3 threads
run           state                            it    s/it   mean mT   N_green  F $/vox   hours  expected   latest     
hframe_thin   running                      48/150     103     96.86         1 2.94e+03    2.09  unknown    Tue 00:21  
hframe_medium running                      50/150      89     99.17         1 2.94e+03    2.10  unknown    Tue 00:21  
hframe_thick  running                      57/150     118    139.28        16      211    2.06  unknown    Tue 00:21  
noise0        finished: no descent step    67/150      84    159.09         1 4.48e+03    1.95  unknown    Tue 00:21  
[2J[Hsession planx_ms2: started Mon 20:51, budget ends Tue 00:21, now Mon 22:58:39, 4 runs x 3 threads
run           state                            it    s/it   mean mT   N_green  F $/vox   hours  expected   latest     
hframe_thin   running                      48/150     103     96.86         1 2.94e+03    2.09  unknown    Tue 00:21  
hframe_medium running                      50/150      89     99.17         1 2.94e+03    2.10  unknown    Tue 00:21  
hframe_thick  running                      57/150     118    139.28        16      211    2.06  unknown    Tue 00:21  
noise0        finished: no descent step    67/150      84    159.09         1 4.48e+03    1.95  unknown    Tue 00:21  
[2J[Hsession planx_ms2: started Mon 20:51, budget ends Tue 00:21, now Mon 22:59:09, 4 runs x 3 threads
run           state                            it    s/it   mean mT   N_green  F $/vox   hours  expected   latest     
hframe_thin   running                      49/150     103     96.95         1 2.94e+03    2.12  unknown    Tue 00:21  
hframe_medium running                      51/150      89     99.19         1 2.94e+03    2.12  unknown    Tue 00:21  
hframe_thick  running                      58/150     118    139.40        16      212    2.12  unknown    Tue 00:21  
noise0        finished: no descent step    67/150      84    159.09         1 4.48e+03    1.95  unknown    Tue 00:21  
[2J[Hsession planx_ms2: started Mon 20:51, budget ends Tue 00:21, now Mon 22:59:39, 4 runs x 3 threads
run           state                            it    s/it   mean mT   N_green  F $/vox   hours  expected   latest     
hframe_thin   running                      49/150     103     96.95         1 2.94e+03    2.12  unknown    Tue 00:21  
hframe_medium running                      51/150      89     99.19         1 2.94e+03    2.12  unknown    Tue 00:21  
hframe_thick  running                      58/150     118    139.40        16      212    2.12  unknown    Tue 00:21  
noise0        finished: no descent step    67/150      84    159.09         1 4.48e+03    1.95  unknown    Tue 00:21  
[2J[Hsession planx_ms2: started Mon 20:51, budget ends Tue 00:21, now Mon 23:00:09, 4 runs x 3 threads
run           state                            it    s/it   mean mT   N_green  F $/vox   hours  expected   latest     
hframe_thin   running                      49/150     103     96.95         1 2.94e+03    2.12  unknown    Tue 00:21  
hframe_medium running                      51/150      89     99.19         1 2.94e+03    2.12  unknown    Tue 00:21  
hframe_thick  running                      58/150     118    139.40        16      212    2.12  unknown    Tue 00:21  
noise0        finished: no descent step    67/150      84    159.09         1 4.48e+03    1.95  unknown    Tue 00:21  
[2J[Hsession planx_ms2: started Mon 20:51, budget ends Tue 00:21, now Mon 23:00:39, 4 runs x 3 threads
run           state                            it    s/it   mean mT   N_green  F $/vox   hours  expected   latest     
hframe_thin   running                      50/150      92     97.08         1 2.94e+03    2.15  unknown    Tue 00:21  
hframe_medium running                      52/150      89     99.22         1 2.94e+03    2.15  unknown    Tue 00:21  
hframe_thick  running                      58/150     118    139.40        16      212    2.12  unknown    Tue 00:21  
noise0        finished: no descent step    67/150      84    159.09         1 4.48e+03    1.95  unknown    Tue 00:21  
[2J[Hsession planx_ms2: started Mon 20:51, budget ends Tue 00:21, now Mon 23:01:09, 4 runs x 3 threads
run           state                            it    s/it   mean mT   N_green  F $/vox   hours  expected   latest     
hframe_thin   running                      50/150      92     97.08         1 2.94e+03    2.15  unknown    Tue 00:21  
hframe_medium running                      52/150      89     99.22         1 2.94e+03    2.15  unknown    Tue 00:21  
hframe_thick  running                      58/150     118    139.40        16      212    2.12  unknown    Tue 00:21  
noise0        finished: no descent step    67/150      84    159.09         1 4.48e+03    1.95  unknown    Tue 00:21  
[2J[Hsession planx_ms2: started Mon 20:51, budget ends Tue 00:21, now Mon 23:01:39, 4 runs x 3 threads
run           state                            it    s/it   mean mT   N_green  F $/vox   hours  expected   latest     
hframe_thin   running                      50/150      92     97.08         1 2.94e+03    2.15  unknown    Tue 00:21  
hframe_medium running                      52/150      89     99.22         1 2.94e+03    2.15  unknown    Tue 00:21  
hframe_thick  running                      59/150     128    139.53        16      212    2.16  unknown    Tue 00:21  
noise0        finished: no descent step    67/150      84    159.09         1 4.48e+03    1.95  unknown    Tue 00:21  
[2J[Hsession planx_ms2: started Mon 20:51, budget ends Tue 00:21, now Mon 23:02:09, 4 runs x 3 threads
run           state                            it    s/it   mean mT   N_green  F $/vox   hours  expected   latest     
hframe_thin   running                      51/150      84     97.25         1 2.94e+03    2.17  unknown    Tue 00:21  
hframe_medium running                      53/150      89     99.24         1 2.94e+03    2.17  unknown    Tue 00:21  
hframe_thick  running                      59/150     128    139.53        16      212    2.16  unknown    Tue 00:21  
noise0        finished: no descent step    67/150      84    159.09         1 4.48e+03    1.95  unknown    Tue 00:21  
[2J[Hsession planx_ms2: started Mon 20:51, budget ends Tue 00:21, now Mon 23:02:39, 4 runs x 3 threads
run           state                            it    s/it   mean mT   N_green  F $/vox   hours  expected   latest     
hframe_thin   running                      51/150      84     97.25         1 2.94e+03    2.17  unknown    Tue 00:21  
hframe_medium running                      53/150      89     99.24         1 2.94e+03    2.17  unknown    Tue 00:21  
hframe_thick  running                      59/150     128    139.53        16      212    2.16  unknown    Tue 00:21  
noise0        finished: no descent step    67/150      84    159.09         1 4.48e+03    1.95  unknown    Tue 00:21  
[2J[Hsession planx_ms2: started Mon 20:51, budget ends Tue 00:21, now Mon 23:03:09, 4 runs x 3 threads
run           state                            it    s/it   mean mT   N_green  F $/vox   hours  expected   latest     
hframe_thin   running                      51/150      84     97.25         1 2.94e+03    2.17  unknown    Tue 00:21  
hframe_medium running                      53/150      89     99.24         1 2.94e+03    2.17  unknown    Tue 00:21  
hframe_thick  running                      59/150     128    139.53        16      212    2.16  unknown    Tue 00:21  
noise0        finished: no descent step    67/150      84    159.09         1 4.48e+03    1.95  unknown    Tue 00:21  
[2J[Hsession planx_ms2: started Mon 20:51, budget ends Tue 00:21, now Mon 23:03:39, 4 runs x 3 threads
run           state                            it    s/it   mean mT   N_green  F $/vox   hours  expected   latest     
hframe_thin   running                      51/150      84     97.25         1 2.94e+03    2.17  unknown    Tue 00:21  
hframe_medium running                      53/150      89     99.24         1 2.94e+03    2.17  unknown    Tue 00:21  
hframe_thick  running                      60/150     128    139.66        16      213    2.19  unknown    Tue 00:21  
noise0        finished: no descent step    67/150      84    159.09         1 4.48e+03    1.95  unknown    Tue 00:21  
[2J[Hsession planx_ms2: started Mon 20:51, budget ends Tue 00:21, now Mon 23:04:09, 4 runs x 3 threads
run           state                            it    s/it   mean mT   N_green  F $/vox   hours  expected   latest     
hframe_thin   running                      51/150      84     97.25         1 2.94e+03    2.17  unknown    Tue 00:21  
hframe_medium running                      54/150      89     99.26         1 2.94e+03    2.21  unknown    Tue 00:21  
hframe_thick  running                      60/150     128    139.66        16      213    2.19  unknown    Tue 00:21  
noise0        finished: no descent step    67/150      84    159.09         1 4.48e+03    1.95  unknown    Tue 00:21  
[2J[Hsession planx_ms2: started Mon 20:51, budget ends Tue 00:21, now Mon 23:04:39, 4 runs x 3 threads
run           state                            it    s/it   mean mT   N_green  F $/vox   hours  expected   latest     
hframe_thin   running                      52/150      84     97.39         1 2.94e+03    2.21  unknown    Tue 00:21  
hframe_medium running                      54/150      89     99.26         1 2.94e+03    2.21  unknown    Tue 00:21  
hframe_thick  running                      60/150     128    139.66        16      213    2.19  unknown    Tue 00:21  
noise0        finished: no descent step    67/150      84    159.09         1 4.48e+03    1.95  unknown    Tue 00:21  
[2J[Hsession planx_ms2: started Mon 20:51, budget ends Tue 00:21, now Mon 23:05:09, 4 runs x 3 threads
run           state                            it    s/it   mean mT   N_green  F $/vox   hours  expected   latest     
hframe_thin   running                      52/150      84     97.39         1 2.94e+03    2.21  unknown    Tue 00:21  
hframe_medium running                      54/150      89     99.26         1 2.94e+03    2.21  unknown    Tue 00:21  
hframe_thick  running                      60/150     128    139.66        16      213    2.19  unknown    Tue 00:21  
noise0        finished: no descent step    67/150      84    159.09         1 4.48e+03    1.95  unknown    Tue 00:21  
[2J[Hsession planx_ms2: started Mon 20:51, budget ends Tue 00:21, now Mon 23:05:39, 4 runs x 3 threads
run           state                            it    s/it   mean mT   N_green  F $/vox   hours  expected   latest     
hframe_thin   running                      52/150      84     97.39         1 2.94e+03    2.21  unknown    Tue 00:21  
hframe_medium running                      55/150      88     99.29         1 2.94e+03    2.23  unknown    Tue 00:21  
hframe_thick  running                      60/150     128    139.66        16      213    2.19  unknown    Tue 00:21  
noise0        finished: no descent step    67/150      84    159.09         1 4.48e+03    1.95  unknown    Tue 00:21  
[2J[Hsession planx_ms2: started Mon 20:51, budget ends Tue 00:21, now Mon 23:06:09, 4 runs x 3 threads
run           state                            it    s/it   mean mT   N_green  F $/vox   hours  expected   latest     
hframe_thin   running                      52/150      84     97.39         1 2.94e+03    2.21  unknown    Tue 00:21  
hframe_medium running                      55/150      88     99.29         1 2.94e+03    2.23  unknown    Tue 00:21  
hframe_thick  running                      61/150     138    139.80        20      170    2.23  unknown    Tue 00:21  
noise0        finished: no descent step    67/150      84    159.09         1 4.48e+03    1.95  unknown    Tue 00:21  
[2J[Hsession planx_ms2: started Mon 20:51, budget ends Tue 00:21, now Mon 23:06:39, 4 runs x 3 threads
run           state                            it    s/it   mean mT   N_green  F $/vox   hours  expected   latest     
hframe_thin   running                      53/150      84     97.58         1 2.94e+03    2.24  unknown    Tue 00:21  
hframe_medium running                      56/150      88     99.33         1 2.94e+03    2.24  unknown    Tue 00:21  
hframe_thick  running                      61/150     138    139.80        20      170    2.23  unknown    Tue 00:21  
noise0        finished: no descent step    67/150      84    159.09         1 4.48e+03    1.95  unknown    Tue 00:21  
[2J[Hsession planx_ms2: started Mon 20:51, budget ends Tue 00:21, now Mon 23:07:09, 4 runs x 3 threads
run           state                            it    s/it   mean mT   N_green  F $/vox   hours  expected   latest     
hframe_thin   running                      53/150      84     97.58         1 2.94e+03    2.24  unknown    Tue 00:21  
hframe_medium running                      56/150      88     99.33         1 2.94e+03    2.24  unknown    Tue 00:21  
hframe_thick  running                      61/150     138    139.80        20      170    2.23  unknown    Tue 00:21  
noise0        finished: no descent step    67/150      84    159.09         1 4.48e+03    1.95  unknown    Tue 00:21  
[2J[Hsession planx_ms2: started Mon 20:51, budget ends Tue 00:21, now Mon 23:07:39, 4 runs x 3 threads
run           state                            it    s/it   mean mT   N_green  F $/vox   hours  expected   latest     
hframe_thin   running                      53/150      84     97.58         1 2.94e+03    2.24  unknown    Tue 00:21  
hframe_medium running                      56/150      88     99.33         1 2.94e+03    2.24  unknown    Tue 00:21  
hframe_thick  running                      62/150     138    139.92         8      425    2.26  unknown    Tue 00:21  
noise0        finished: no descent step    67/150      84    159.09         1 4.48e+03    1.95  unknown    Tue 00:21  
[2J[Hsession planx_ms2: started Mon 20:51, budget ends Tue 00:21, now Mon 23:08:09, 4 runs x 3 threads
run           state                            it    s/it   mean mT   N_green  F $/vox   hours  expected   latest     
hframe_thin   running                      54/150      84     97.82         1 2.94e+03    2.27  unknown    Tue 00:21  
hframe_medium running                      56/150      88     99.33         1 2.94e+03    2.24  unknown    Tue 00:21  
hframe_thick  running                      62/150     138    139.92         8      425    2.26  unknown    Tue 00:21  
noise0        finished: no descent step    67/150      84    159.09         1 4.48e+03    1.95  unknown    Tue 00:21  
[2J[Hsession planx_ms2: started Mon 20:51, budget ends Tue 00:21, now Mon 23:08:39, 4 runs x 3 threads
run           state                            it    s/it   mean mT   N_green  F $/vox   hours  expected   latest     
hframe_thin   running                      54/150      84     97.82         1 2.94e+03    2.27  unknown    Tue 00:21  
hframe_medium running                      57/150      88     99.37         1 2.94e+03    2.28  unknown    Tue 00:21  
hframe_thick  running                      62/150     138    139.92         8      425    2.26  unknown    Tue 00:21  
noise0        finished: no descent step    67/150      84    159.09         1 4.48e+03    1.95  unknown    Tue 00:21  
[2J[Hsession planx_ms2: started Mon 20:51, budget ends Tue 00:21, now Mon 23:09:09, 4 runs x 3 threads
run           state                            it    s/it   mean mT   N_green  F $/vox   hours  expected   latest     
hframe_thin   running                      54/150      84     97.82         1 2.94e+03    2.27  unknown    Tue 00:21  
hframe_medium running                      57/150      88     99.37         1 2.94e+03    2.28  unknown    Tue 00:21  
hframe_thick  running                      63/150     128    140.05         8      426    2.29  unknown    Tue 00:21  
noise0        finished: no descent step    67/150      84    159.09         1 4.48e+03    1.95  unknown    Tue 00:21  
[2J[Hsession planx_ms2: started Mon 20:51, budget ends Tue 00:21, now Mon 23:09:39, 4 runs x 3 threads
run           state                            it    s/it   mean mT   N_green  F $/vox   hours  expected   latest     
hframe_thin   running                      54/150      84     97.82         1 2.94e+03    2.27  unknown    Tue 00:21  
hframe_medium running                      58/150      88     99.42         0      inf    2.30  unknown    Tue 00:21  
hframe_thick  running                      63/150     128    140.05         8      426    2.29  unknown    Tue 00:21  
noise0        finished: no descent step    67/150      84    159.09         1 4.48e+03    1.95  unknown    Tue 00:21  
[2J[Hsession planx_ms2: started Mon 20:51, budget ends Tue 00:21, now Mon 23:10:09, 4 runs x 3 threads
run           state                            it    s/it   mean mT   N_green  F $/vox   hours  expected   latest     
hframe_thin   running                      55/150      84     98.01         1 2.95e+03    2.31  unknown    Tue 00:21  
hframe_medium running                      58/150      88     99.42         0      inf    2.30  unknown    Tue 00:21  
hframe_thick  running                      63/150     128    140.05         8      426    2.29  unknown    Tue 00:21  
noise0        finished: no descent step    67/150      84    159.09         1 4.48e+03    1.95  unknown    Tue 00:21  
[2J[Hsession planx_ms2: started Mon 20:51, budget ends Tue 00:21, now Mon 23:10:39, 4 runs x 3 threads
run           state                            it    s/it   mean mT   N_green  F $/vox   hours  expected   latest     
hframe_thin   running                      55/150      84     98.01         1 2.95e+03    2.31  unknown    Tue 00:21  
hframe_medium running                      58/150      88     99.42         0      inf    2.30  unknown    Tue 00:21  
hframe_thick  running                      64/150     105    140.15        12      285    2.32  unknown    Tue 00:21  
noise0        finished: no descent step    67/150      84    159.09         1 4.48e+03    1.95  unknown    Tue 00:21  
[2J[Hsession planx_ms2: started Mon 20:51, budget ends Tue 00:21, now Mon 23:11:09, 4 runs x 3 threads
run           state                            it    s/it   mean mT   N_green  F $/vox   hours  expected   latest     
hframe_thin   running                      55/150      84     98.01         1 2.95e+03    2.31  unknown    Tue 00:21  
hframe_medium running                      59/150      69     99.50         0      inf    2.32  unknown    Tue 00:21  
hframe_thick  running                      64/150     105    140.15        12      285    2.32  unknown    Tue 00:21  
noise0        finished: no descent step    67/150      84    159.09         1 4.48e+03    1.95  unknown    Tue 00:21  
[2J[Hsession planx_ms2: started Mon 20:51, budget ends Tue 00:21, now Mon 23:11:39, 4 runs x 3 threads
run           state                            it    s/it   mean mT   N_green  F $/vox   hours  expected   latest     
hframe_thin   running                      55/150      84     98.01         1 2.95e+03    2.31  unknown    Tue 00:21  
hframe_medium running                      59/150      69     99.50         0      inf    2.32  unknown    Tue 00:21  
hframe_thick  running                      64/150     105    140.15        12      285    2.32  unknown    Tue 00:21  
noise0        finished: no descent step    67/150      84    159.09         1 4.48e+03    1.95  unknown    Tue 00:21  
[2J[Hsession planx_ms2: started Mon 20:51, budget ends Tue 00:21, now Mon 23:12:09, 4 runs x 3 threads
run           state                            it    s/it   mean mT   N_green  F $/vox   hours  expected   latest     
hframe_thin   running                      56/150      84     98.07         1 2.94e+03    2.33  unknown    Tue 00:21  
hframe_medium running                      60/150      69     99.85         1 2.94e+03    2.34  unknown    Tue 00:21  
hframe_thick  running                      64/150     105    140.15        12      285    2.32  unknown    Tue 00:21  
noise0        finished: no descent step    67/150      84    159.09         1 4.48e+03    1.95  unknown    Tue 00:21  
[2J[Hsession planx_ms2: started Mon 20:51, budget ends Tue 00:21, now Mon 23:12:39, 4 runs x 3 threads
run           state                            it    s/it   mean mT   N_green  F $/vox   hours  expected   latest     
hframe_thin   running                      56/150      84     98.07         1 2.94e+03    2.33  unknown    Tue 00:21  
hframe_medium running                      60/150      69     99.85         1 2.94e+03    2.34  unknown    Tue 00:21  
hframe_thick  running                      64/150     105    140.15        12      285    2.32  unknown    Tue 00:21  
noise0        finished: no descent step    67/150      84    159.09         1 4.48e+03    1.95  unknown    Tue 00:21  
[2J[Hsession planx_ms2: started Mon 20:51, budget ends Tue 00:21, now Mon 23:13:09, 4 runs x 3 threads
run           state                            it    s/it   mean mT   N_green  F $/vox   hours  expected   latest     
hframe_thin   running                      56/150      84     98.07         1 2.94e+03    2.33  unknown    Tue 00:21  
hframe_medium running                      60/150      69     99.85         1 2.94e+03    2.34  unknown    Tue 00:21  
hframe_thick  running                      64/150     105    140.15        12      285    2.32  unknown    Tue 00:21  
noise0        finished: no descent step    67/150      84    159.09         1 4.48e+03    1.95  unknown    Tue 00:21  
[2J[Hsession planx_ms2: started Mon 20:51, budget ends Tue 00:21, now Mon 23:13:39, 4 runs x 3 threads
run           state                            it    s/it   mean mT   N_green  F $/vox   hours  expected   latest     
hframe_thin   running                      56/150      84     98.07         1 2.94e+03    2.33  unknown    Tue 00:21  
hframe_medium running                      61/150      81    100.39         1 2.94e+03    2.36  unknown    Tue 00:21  
hframe_thick  running                      65/150     105    140.39         4      851    2.36  unknown    Tue 00:21  
noise0        finished: no descent step    67/150      84    159.09         1 4.48e+03    1.95  unknown    Tue 00:21  
[2J[Hsession planx_ms2: started Mon 20:51, budget ends Tue 00:21, now Mon 23:14:09, 4 runs x 3 threads
run           state                            it    s/it   mean mT   N_green  F $/vox   hours  expected   latest     
hframe_thin   running                      57/150      84     98.40         0      inf    2.37  unknown    Tue 00:21  
hframe_medium running                      61/150      81    100.39         1 2.94e+03    2.36  unknown    Tue 00:21  
hframe_thick  running                      65/150     105    140.39         4      851    2.36  unknown    Tue 00:21  
noise0        finished: no descent step    67/150      84    159.09         1 4.48e+03    1.95  unknown    Tue 00:21  
[2J[Hsession planx_ms2: started Mon 20:51, budget ends Tue 00:21, now Mon 23:14:39, 4 runs x 3 threads
run           state                            it    s/it   mean mT   N_green  F $/vox   hours  expected   latest     
hframe_thin   running                      57/150      84     98.40         0      inf    2.37  unknown    Tue 00:21  
hframe_medium running                      61/150      81    100.39         1 2.94e+03    2.36  unknown    Tue 00:21  
hframe_thick  running                      65/150     105    140.39         4      851    2.36  unknown    Tue 00:21  
noise0        finished: no descent step    67/150      84    159.09         1 4.48e+03    1.95  unknown    Tue 00:21  
[2J[Hsession planx_ms2: started Mon 20:51, budget ends Tue 00:21, now Mon 23:15:09, 4 runs x 3 threads
run           state                            it    s/it   mean mT   N_green  F $/vox   hours  expected   latest     
hframe_thin   running                      57/150      84     98.40         0      inf    2.37  unknown    Tue 00:21  
hframe_medium running                      62/150      81    101.16         1 2.95e+03    2.39  unknown    Tue 00:21  
hframe_thick  running                      65/150     105    140.39         4      851    2.36  unknown    Tue 00:21  
noise0        finished: no descent step    67/150      84    159.09         1 4.48e+03    1.95  unknown    Tue 00:21  
[2J[Hsession planx_ms2: started Mon 20:51, budget ends Tue 00:21, now Mon 23:15:39, 4 runs x 3 threads
run           state                            it    s/it   mean mT   N_green  F $/vox   hours  expected   latest     
hframe_thin   running                      57/150      84     98.40         0      inf    2.37  unknown    Tue 00:21  
hframe_medium running                      62/150      81    101.16         1 2.95e+03    2.39  unknown    Tue 00:21  
hframe_thick  running                      66/150     126    140.49         6      569    2.40  unknown    Tue 00:21  
noise0        finished: no descent step    67/150      84    159.09         1 4.48e+03    1.95  unknown    Tue 00:21  
[2J[Hsession planx_ms2: started Mon 20:51, budget ends Tue 00:21, now Mon 23:16:09, 4 runs x 3 threads
run           state                            it    s/it   mean mT   N_green  F $/vox   hours  expected   latest     
hframe_thin   running                      58/150      95     98.63         1 2.94e+03    2.40  unknown    Tue 00:21  
hframe_medium running                      62/150      81    101.16         1 2.95e+03    2.39  unknown    Tue 00:21  
hframe_thick  running                      66/150     126    140.49         6      569    2.40  unknown    Tue 00:21  
noise0        finished: no descent step    67/150      84    159.09         1 4.48e+03    1.95  unknown    Tue 00:21  
[2J[Hsession planx_ms2: started Mon 20:51, budget ends Tue 00:21, now Mon 23:16:39, 4 runs x 3 threads
run           state                            it    s/it   mean mT   N_green  F $/vox   hours  expected   latest     
hframe_thin   running                      58/150      95     98.63         1 2.94e+03    2.40  unknown    Tue 00:21  
hframe_medium running                      63/150      81    101.49         1 2.95e+03    2.41  unknown    Tue 00:21  
hframe_thick  running                      66/150     126    140.49         6      569    2.40  unknown    Tue 00:21  
noise0        finished: no descent step    67/150      84    159.09         1 4.48e+03    1.95  unknown    Tue 00:21  
[2J[Hsession planx_ms2: started Mon 20:51, budget ends Tue 00:21, now Mon 23:17:09, 4 runs x 3 threads
run           state                            it    s/it   mean mT   N_green  F $/vox   hours  expected   latest     
hframe_thin   running                      58/150      95     98.63         1 2.94e+03    2.40  unknown    Tue 00:21  
hframe_medium running                      63/150      81    101.49         1 2.95e+03    2.41  unknown    Tue 00:21  
hframe_thick  running                      66/150     126    140.49         6      569    2.40  unknown    Tue 00:21  
noise0        finished: no descent step    67/150      84    159.09         1 4.48e+03    1.95  unknown    Tue 00:21  
[2J[Hsession planx_ms2: started Mon 20:51, budget ends Tue 00:21, now Mon 23:17:39, 4 runs x 3 threads
run           state                            it    s/it   mean mT   N_green  F $/vox   hours  expected   latest     
hframe_thin   running                      58/150      95     98.63         1 2.94e+03    2.40  unknown    Tue 00:21  
hframe_medium running                      63/150      81    101.49         1 2.95e+03    2.41  unknown    Tue 00:21  
hframe_thick  running                      67/150     126    140.61         6      570    2.43  unknown    Tue 00:21  
noise0        finished: no descent step    67/150      84    159.09         1 4.48e+03    1.95  unknown    Tue 00:21  
[2J[Hsession planx_ms2: started Mon 20:51, budget ends Tue 00:21, now Mon 23:18:09, 4 runs x 3 threads
run           state                            it    s/it   mean mT   N_green  F $/vox   hours  expected   latest     
hframe_thin   running                      58/150      95     98.63         1 2.94e+03    2.40  unknown    Tue 00:21  
hframe_medium running                      64/150      81    101.58         2 1.47e+03    2.44  unknown    Tue 00:21  
hframe_thick  running                      67/150     126    140.61         6      570    2.43  unknown    Tue 00:21  
noise0        finished: no descent step    67/150      84    159.09         1 4.48e+03    1.95  unknown    Tue 00:21  
[2J[Hsession planx_ms2: started Mon 20:51, budget ends Tue 00:21, now Mon 23:18:39, 4 runs x 3 threads
run           state                            it    s/it   mean mT   N_green  F $/vox   hours  expected   latest     
hframe_thin   running                      59/150      95     98.98         0      inf    2.44  unknown    Tue 00:21  
hframe_medium running                      64/150      81    101.58         2 1.47e+03    2.44  unknown    Tue 00:21  
hframe_thick  running                      67/150     126    140.61         6      570    2.43  unknown    Tue 00:21  
noise0        finished: no descent step    67/150      84    159.09         1 4.48e+03    1.95  unknown    Tue 00:21  
[2J[Hsession planx_ms2: started Mon 20:51, budget ends Tue 00:21, now Mon 23:19:09, 4 runs x 3 threads
run           state                            it    s/it   mean mT   N_green  F $/vox   hours  expected   latest     
hframe_thin   running                      59/150      95     98.98         0      inf    2.44  unknown    Tue 00:21  
hframe_medium running                      64/150      81    101.58         2 1.47e+03    2.44  unknown    Tue 00:21  
hframe_thick  running                      67/150     126    140.61         6      570    2.43  unknown    Tue 00:21  
noise0        finished: no descent step    67/150      84    159.09         1 4.48e+03    1.95  unknown    Tue 00:21  
[2J[Hsession planx_ms2: started Mon 20:51, budget ends Tue 00:21, now Mon 23:19:39, 4 runs x 3 threads
run           state                            it    s/it   mean mT   N_green  F $/vox   hours  expected   latest     
hframe_thin   running                      59/150      95     98.98         0      inf    2.44  unknown    Tue 00:21  
hframe_medium running                      65/150      82    101.66         2 1.47e+03    2.46  unknown    Tue 00:21  
hframe_thick  running                      68/150     122    140.98         7      487    2.46  unknown    Tue 00:21  
noise0        finished: no descent step    67/150      84    159.09         1 4.48e+03    1.95  unknown    Tue 00:21  
[2J[Hsession planx_ms2: started Mon 20:51, budget ends Tue 00:21, now Mon 23:20:09, 4 runs x 3 threads
run           state                            it    s/it   mean mT   N_green  F $/vox   hours  expected   latest     
hframe_thin   running                      59/150      95     98.98         0      inf    2.44  unknown    Tue 00:21  
hframe_medium running                      65/150      82    101.66         2 1.47e+03    2.46  unknown    Tue 00:21  
hframe_thick  running                      68/150     122    140.98         7      487    2.46  unknown    Tue 00:21  
noise0        finished: no descent step    67/150      84    159.09         1 4.48e+03    1.95  unknown    Tue 00:21  
[2J[Hsession planx_ms2: started Mon 20:51, budget ends Tue 00:21, now Mon 23:20:39, 4 runs x 3 threads
run           state                            it    s/it   mean mT   N_green  F $/vox   hours  expected   latest     
hframe_thin   running                      60/150     105     99.15         1 2.95e+03    2.48  unknown    Tue 00:21  
hframe_medium running                      65/150      82    101.66         2 1.47e+03    2.46  unknown    Tue 00:21  
hframe_thick  running                      68/150     122    140.98         7      487    2.46  unknown    Tue 00:21  
noise0        finished: no descent step    67/150      84    159.09         1 4.48e+03    1.95  unknown    Tue 00:21  
[2J[Hsession planx_ms2: started Mon 20:51, budget ends Tue 00:21, now Mon 23:21:09, 4 runs x 3 threads
run           state                            it    s/it   mean mT   N_green  F $/vox   hours  expected   latest     
hframe_thin   running                      60/150     105     99.15         1 2.95e+03    2.48  unknown    Tue 00:21  
hframe_medium running                      66/150      83    101.71         1 2.95e+03    2.49  unknown    Tue 00:21  
hframe_thick  running                      68/150     122    140.98         7      487    2.46  unknown    Tue 00:21  
noise0        finished: no descent step    67/150      84    159.09         1 4.48e+03    1.95  unknown    Tue 00:21  
[2J[Hsession planx_ms2: started Mon 20:51, budget ends Tue 00:21, now Mon 23:21:39, 4 runs x 3 threads
run           state                            it    s/it   mean mT   N_green  F $/vox   hours  expected   latest     
hframe_thin   running                      60/150     105     99.15         1 2.95e+03    2.48  unknown    Tue 00:21  
hframe_medium running                      66/150      83    101.71         1 2.95e+03    2.49  unknown    Tue 00:21  
hframe_thick  running                      68/150     122    140.98         7      487    2.46  unknown    Tue 00:21  
noise0        finished: no descent step    67/150      84    159.09         1 4.48e+03    1.95  unknown    Tue 00:21  
[2J[Hsession planx_ms2: started Mon 20:51, budget ends Tue 00:21, now Mon 23:22:09, 4 runs x 3 threads
run           state                            it    s/it   mean mT   N_green  F $/vox   hours  expected   latest     
hframe_thin   running                      60/150     105     99.15         1 2.95e+03    2.48  unknown    Tue 00:21  
hframe_medium running                      66/150      83    101.71         1 2.95e+03    2.49  unknown    Tue 00:21  
hframe_thick  running                      68/150     122    140.98         7      487    2.46  unknown    Tue 00:21  
noise0        finished: no descent step    67/150      84    159.09         1 4.48e+03    1.95  unknown    Tue 00:21  
[2J[Hsession planx_ms2: started Mon 20:51, budget ends Tue 00:21, now Mon 23:22:39, 4 runs x 3 threads
run           state                            it    s/it   mean mT   N_green  F $/vox   hours  expected   latest     
hframe_thin   running                      61/150     107     99.27         1 2.95e+03    2.51  unknown    Tue 00:21  
hframe_medium running                      67/150      82    101.78         1 2.95e+03    2.51  unknown    Tue 00:21  
hframe_thick  running                      69/150     126    158.61         2 1.71e+03    2.51  unknown    Tue 00:21  
noise0        finished: no descent step    67/150      84    159.09         1 4.48e+03    1.95  unknown    Tue 00:21  
[2J[Hsession planx_ms2: started Mon 20:51, budget ends Tue 00:21, now Mon 23:23:09, 4 runs x 3 threads
run           state                            it    s/it   mean mT   N_green  F $/vox   hours  expected   latest     
hframe_thin   running                      61/150     107     99.27         1 2.95e+03    2.51  unknown    Tue 00:21  
hframe_medium running                      67/150      82    101.78         1 2.95e+03    2.51  unknown    Tue 00:21  
hframe_thick  running                      69/150     126    158.61         2 1.71e+03    2.51  unknown    Tue 00:21  
noise0        finished: no descent step    67/150      84    159.09         1 4.48e+03    1.95  unknown    Tue 00:21  
[2J[Hsession planx_ms2: started Mon 20:51, budget ends Tue 00:21, now Mon 23:23:39, 4 runs x 3 threads
run           state                            it    s/it   mean mT   N_green  F $/vox   hours  expected   latest     
hframe_thin   running                      61/150     107     99.27         1 2.95e+03    2.51  unknown    Tue 00:21  
hframe_medium running                      68/150      81    101.88         1 2.95e+03    2.53  unknown    Tue 00:21  
hframe_thick  running                      69/150     126    158.61         2 1.71e+03    2.51  unknown    Tue 00:21  
noise0        finished: no descent step    67/150      84    159.09         1 4.48e+03    1.95  unknown    Tue 00:21  
[2J[Hsession planx_ms2: started Mon 20:51, budget ends Tue 00:21, now Mon 23:24:09, 4 runs x 3 threads
run           state                            it    s/it   mean mT   N_green  F $/vox   hours  expected   latest     
hframe_thin   running                      61/150     107     99.27         1 2.95e+03    2.51  unknown    Tue 00:21  
hframe_medium running                      68/150      81    101.88         1 2.95e+03    2.53  unknown    Tue 00:21  
hframe_thick  running                      69/150     126    158.61         2 1.71e+03    2.51  unknown    Tue 00:21  
noise0        finished: no descent step    67/150      84    159.09         1 4.48e+03    1.95  unknown    Tue 00:21  
[2J[Hsession planx_ms2: started Mon 20:51, budget ends Tue 00:21, now Mon 23:24:39, 4 runs x 3 threads
run           state                            it    s/it   mean mT   N_green  F $/vox   hours  expected   latest     
hframe_thin   running                      62/150     114     99.32         1 2.95e+03    2.55  unknown    Tue 00:21  
hframe_medium running                      68/150      81    101.88         1 2.95e+03    2.53  unknown    Tue 00:21  
hframe_thick  running                      69/150     126    158.61         2 1.71e+03    2.51  unknown    Tue 00:21  
noise0        finished: no descent step    67/150      84    159.09         1 4.48e+03    1.95  unknown    Tue 00:21  
[2J[Hsession planx_ms2: started Mon 20:51, budget ends Tue 00:21, now Mon 23:25:09, 4 runs x 3 threads
run           state                            it    s/it   mean mT   N_green  F $/vox   hours  expected   latest     
hframe_thin   running                      62/150     114     99.32         1 2.95e+03    2.55  unknown    Tue 00:21  
hframe_medium running                      69/150      80    102.02         1 2.95e+03    2.55  unknown    Tue 00:21  
hframe_thick  running                      70/150     126    141.32         8      425    2.55  unknown    Tue 00:21  
noise0        finished: no descent step    67/150      84    159.09         1 4.48e+03    1.95  unknown    Tue 00:21  
[2J[Hsession planx_ms2: started Mon 20:51, budget ends Tue 00:21, now Mon 23:25:39, 4 runs x 3 threads
run           state                            it    s/it   mean mT   N_green  F $/vox   hours  expected   latest     
hframe_thin   running                      62/150     114     99.32         1 2.95e+03    2.55  unknown    Tue 00:21  
hframe_medium running                      69/150      80    102.02         1 2.95e+03    2.55  unknown    Tue 00:21  
hframe_thick  running                      70/150     126    141.32         8      425    2.55  unknown    Tue 00:21  
noise0        finished: no descent step    67/150      84    159.09         1 4.48e+03    1.95  unknown    Tue 00:21  
[2J[Hsession planx_ms2: started Mon 20:51, budget ends Tue 00:21, now Mon 23:26:09, 4 runs x 3 threads
run           state                            it    s/it   mean mT   N_green  F $/vox   hours  expected   latest     
hframe_thin   running                      63/150     114     99.38         1 2.95e+03    2.57  unknown    Tue 00:21  
hframe_medium running                      69/150      80    102.02         1 2.95e+03    2.55  unknown    Tue 00:21  
hframe_thick  running                      70/150     126    141.32         8      425    2.55  unknown    Tue 00:21  
noise0        finished: no descent step    67/150      84    159.09         1 4.48e+03    1.95  unknown    Tue 00:21  
[2J[Hsession planx_ms2: started Mon 20:51, budget ends Tue 00:21, now Mon 23:26:39, 4 runs x 3 threads
run           state                            it    s/it   mean mT   N_green  F $/vox   hours  expected   latest     
hframe_thin   running                      63/150     114     99.38         1 2.95e+03    2.57  unknown    Tue 00:21  
hframe_medium running                      69/150      80    102.02         1 2.95e+03    2.55  unknown    Tue 00:21  
hframe_thick  running                      71/150     122    141.39         8      426    2.58  unknown    Tue 00:21  
noise0        finished: no descent step    67/150      84    159.09         1 4.48e+03    1.95  unknown    Tue 00:21  
[2J[Hsession planx_ms2: started Mon 20:51, budget ends Tue 00:21, now Mon 23:27:09, 4 runs x 3 threads
run           state                            it    s/it   mean mT   N_green  F $/vox   hours  expected   latest     
hframe_thin   running                      63/150     114     99.38         1 2.95e+03    2.57  unknown    Tue 00:21  
hframe_medium running                      69/150      80    102.02         1 2.95e+03    2.55  unknown    Tue 00:21  
hframe_thick  running                      71/150     122    141.39         8      426    2.58  unknown    Tue 00:21  
noise0        finished: no descent step    67/150      84    159.09         1 4.48e+03    1.95  unknown    Tue 00:21  
[2J[Hsession planx_ms2: started Mon 20:51, budget ends Tue 00:21, now Mon 23:27:39, 4 runs x 3 threads
run           state                            it    s/it   mean mT   N_green  F $/vox   hours  expected   latest     
hframe_thin   running                      63/150     114     99.38         1 2.95e+03    2.57  unknown    Tue 00:21  
hframe_medium running                      70/150      81    102.89         0      inf    2.59  unknown    Tue 00:21  
hframe_thick  running                      71/150     122    141.39         8      426    2.58  unknown    Tue 00:21  
noise0        finished: no descent step    67/150      84    159.09         1 4.48e+03    1.95  unknown    Tue 00:21  
[2J[Hsession planx_ms2: started Mon 20:51, budget ends Tue 00:21, now Mon 23:28:09, 4 runs x 3 threads
run           state                            it    s/it   mean mT   N_green  F $/vox   hours  expected   latest     
hframe_thin   running                      64/150     114     99.44         0      inf    2.61  unknown    Tue 00:21  
hframe_medium running                      70/150      81    102.89         0      inf    2.59  unknown    Tue 00:21  
hframe_thick  running                      72/150     122    141.44         5      683    2.60  unknown    Tue 00:21  
noise0        finished: no descent step    67/150      84    159.09         1 4.48e+03    1.95  unknown    Tue 00:21  
[2J[Hsession planx_ms2: started Mon 20:51, budget ends Tue 00:21, now Mon 23:28:39, 4 runs x 3 threads
run           state                            it    s/it   mean mT   N_green  F $/vox   hours  expected   latest     
hframe_thin   running                      64/150     114     99.44         0      inf    2.61  unknown    Tue 00:21  
hframe_medium running                      70/150      81    102.89         0      inf    2.59  unknown    Tue 00:21  
hframe_thick  running                      72/150     122    141.44         5      683    2.60  unknown    Tue 00:21  
noise0        finished: no descent step    67/150      84    159.09         1 4.48e+03    1.95  unknown    Tue 00:21  
[2J[Hsession planx_ms2: started Mon 20:51, budget ends Tue 00:21, now Mon 23:29:09, 4 runs x 3 threads
run           state                            it    s/it   mean mT   N_green  F $/vox   hours  expected   latest     
hframe_thin   running                      64/150     114     99.44         0      inf    2.61  unknown    Tue 00:21  
hframe_medium running                      70/150      81    102.89         0      inf    2.59  unknown    Tue 00:21  
hframe_thick  running                      72/150     122    141.44         5      683    2.60  unknown    Tue 00:21  
noise0        finished: no descent step    67/150      84    159.09         1 4.48e+03    1.95  unknown    Tue 00:21  
[2J[Hsession planx_ms2: started Mon 20:51, budget ends Tue 00:21, now Mon 23:29:39, 4 runs x 3 threads
run           state                            it    s/it   mean mT   N_green  F $/vox   hours  expected   latest     
hframe_thin   running                      64/150     114     99.44         0      inf    2.61  unknown    Tue 00:21  
hframe_medium running                      71/150      82    103.88         1 2.97e+03    2.63  unknown    Tue 00:21  
hframe_thick  running                      73/150     117    141.58         8      426    2.63  unknown    Tue 00:21  
noise0        finished: no descent step    67/150      84    159.09         1 4.48e+03    1.95  unknown    Tue 00:21  
[2J[Hsession planx_ms2: started Mon 20:51, budget ends Tue 00:21, now Mon 23:30:09, 4 runs x 3 threads
run           state                            it    s/it   mean mT   N_green  F $/vox   hours  expected   latest     
hframe_thin   running                      64/150     114     99.44         0      inf    2.61  unknown    Tue 00:21  
hframe_medium running                      71/150      82    103.88         1 2.97e+03    2.63  unknown    Tue 00:21  
hframe_thick  running                      73/150     117    141.58         8      426    2.63  unknown    Tue 00:21  
noise0        finished: no descent step    67/150      84    159.09         1 4.48e+03    1.95  unknown    Tue 00:21  
[2J[Hsession planx_ms2: started Mon 20:51, budget ends Tue 00:21, now Mon 23:30:39, 4 runs x 3 threads
run           state                            it    s/it   mean mT   N_green  F $/vox   hours  expected   latest     
hframe_thin   running                      64/150     114     99.44         0      inf    2.61  unknown    Tue 00:21  
hframe_medium running                      71/150      82    103.88         1 2.97e+03    2.63  unknown    Tue 00:21  
hframe_thick  running                      73/150     117    141.58         8      426    2.63  unknown    Tue 00:21  
noise0        finished: no descent step    67/150      84    159.09         1 4.48e+03    1.95  unknown    Tue 00:21  
[2J[Hsession planx_ms2: started Mon 20:51, budget ends Tue 00:21, now Mon 23:31:09, 4 runs x 3 threads
run           state                            it    s/it   mean mT   N_green  F $/vox   hours  expected   latest     
hframe_thin   running                      65/150     115     99.46         2 1.47e+03    2.65  unknown    Tue 00:21  
hframe_medium running                      71/150      82    103.88         1 2.97e+03    2.63  unknown    Tue 00:21  
hframe_thick  running                      73/150     117    141.58         8      426    2.63  unknown    Tue 00:21  
noise0        finished: no descent step    67/150      84    159.09         1 4.48e+03    1.95  unknown    Tue 00:21  
[2J[Hsession planx_ms2: started Mon 20:51, budget ends Tue 00:21, now Mon 23:31:39, 4 runs x 3 threads
run           state                            it    s/it   mean mT   N_green  F $/vox   hours  expected   latest     
hframe_thin   running                      65/150     115     99.46         2 1.47e+03    2.65  unknown    Tue 00:21  
hframe_medium running                      72/150      82    104.50         1 2.98e+03    2.66  unknown    Tue 00:21  
hframe_thick  running                      74/150     112    141.68         8      427    2.66  unknown    Tue 00:21  
noise0        finished: no descent step    67/150      84    159.09         1 4.48e+03    1.95  unknown    Tue 00:21  
[2J[Hsession planx_ms2: started Mon 20:51, budget ends Tue 00:21, now Mon 23:32:09, 4 runs x 3 threads
run           state                            it    s/it   mean mT   N_green  F $/vox   hours  expected   latest     
hframe_thin   running                      66/150     115     99.46         1 2.95e+03    2.67  unknown    Tue 00:21  
hframe_medium running                      72/150      82    104.50         1 2.98e+03    2.66  unknown    Tue 00:21  
hframe_thick  running                      74/150     112    141.68         8      427    2.66  unknown    Tue 00:21  
noise0        finished: no descent step    67/150      84    159.09         1 4.48e+03    1.95  unknown    Tue 00:21  
[2J[Hsession planx_ms2: started Mon 20:51, budget ends Tue 00:21, now Mon 23:32:39, 4 runs x 3 threads
run           state                            it    s/it   mean mT   N_green  F $/vox   hours  expected   latest     
hframe_thin   running                      66/150     115     99.46         1 2.95e+03    2.67  unknown    Tue 00:21  
hframe_medium running                      72/150      82    104.50         1 2.98e+03    2.66  unknown    Tue 00:21  
hframe_thick  running                      74/150     112    141.68         8      427    2.66  unknown    Tue 00:21  
noise0        finished: no descent step    67/150      84    159.09         1 4.48e+03    1.95  unknown    Tue 00:21  
[2J[Hsession planx_ms2: started Mon 20:51, budget ends Tue 00:21, now Mon 23:33:09, 4 runs x 3 threads
run           state                            it    s/it   mean mT   N_green  F $/vox   hours  expected   latest     
hframe_thin   running                      67/150     114     99.50         2 1.47e+03    2.69  unknown    Tue 00:21  
hframe_medium running                      73/150      83    105.42         1 2.99e+03    2.69  unknown    Tue 00:21  
hframe_thick  running                      74/150     112    141.68         8      427    2.66  unknown    Tue 00:21  
noise0        finished: no descent step    67/150      84    159.09         1 4.48e+03    1.95  unknown    Tue 00:21  
[2J[Hsession planx_ms2: started Mon 20:51, budget ends Tue 00:21, now Mon 23:33:39, 4 runs x 3 threads
run           state                            it    s/it   mean mT   N_green  F $/vox   hours  expected   latest     
hframe_thin   running                      67/150     114     99.50         2 1.47e+03    2.69  unknown    Tue 00:21  
hframe_medium running                      73/150      83    105.42         1 2.99e+03    2.69  unknown    Tue 00:21  
hframe_thick  running                      75/150     117    141.89         4      852    2.69  unknown    Tue 00:21  
noise0        finished: no descent step    67/150      84    159.09         1 4.48e+03    1.95  unknown    Tue 00:21  
[2J[Hsession planx_ms2: started Mon 20:51, budget ends Tue 00:21, now Mon 23:34:09, 4 runs x 3 threads
run           state                            it    s/it   mean mT   N_green  F $/vox   hours  expected   latest     
hframe_thin   running                      67/150     114     99.50         2 1.47e+03    2.69  unknown    Tue 00:21  
hframe_medium running                      73/150      83    105.42         1 2.99e+03    2.69  unknown    Tue 00:21  
hframe_thick  running                      75/150     117    141.89         4      852    2.69  unknown    Tue 00:21  
noise0        finished: no descent step    67/150      84    159.09         1 4.48e+03    1.95  unknown    Tue 00:21  
[2J[Hsession planx_ms2: started Mon 20:51, budget ends Tue 00:21, now Mon 23:34:39, 4 runs x 3 threads
run           state                            it    s/it   mean mT   N_green  F $/vox   hours  expected   latest     
hframe_thin   running                      68/150     114     99.53         2 1.47e+03    2.71  unknown    Tue 00:21  
hframe_medium running                      73/150      83    105.42         1 2.99e+03    2.69  unknown    Tue 00:21  
hframe_thick  running                      75/150     117    141.89         4      852    2.69  unknown    Tue 00:21  
noise0        finished: no descent step    67/150      84    159.09         1 4.48e+03    1.95  unknown    Tue 00:21  
[2J[Hsession planx_ms2: started Mon 20:51, budget ends Tue 00:21, now Mon 23:35:09, 4 runs x 3 threads
run           state                            it    s/it   mean mT   N_green  F $/vox   hours  expected   latest     
hframe_thin   running                      68/150     114     99.53         2 1.47e+03    2.71  unknown    Tue 00:21  
hframe_medium running                      73/150      83    105.42         1 2.99e+03    2.69  unknown    Tue 00:21  
hframe_thick  running                      75/150     117    141.89         4      852    2.69  unknown    Tue 00:21  
noise0        finished: no descent step    67/150      84    159.09         1 4.48e+03    1.95  unknown    Tue 00:21  
[2J[Hsession planx_ms2: started Mon 20:51, budget ends Tue 00:21, now Mon 23:35:39, 4 runs x 3 threads
run           state                            it    s/it   mean mT   N_green  F $/vox   hours  expected   latest     
hframe_thin   running                      69/150     114     99.57         1 2.94e+03    2.73  unknown    Tue 00:21  
hframe_medium running                      74/150      84    105.92         0      inf    2.73  unknown    Tue 00:21  
hframe_thick  running                      76/150     112    141.93         6      570    2.72  unknown    Tue 00:21  
noise0        finished: no descent step    67/150      84    159.09         1 4.48e+03    1.95  unknown    Tue 00:21  
[2J[Hsession planx_ms2: started Mon 20:51, budget ends Tue 00:21, now Mon 23:36:09, 4 runs x 3 threads
run           state                            it    s/it   mean mT   N_green  F $/vox   hours  expected   latest     
hframe_thin   running                      69/150     114     99.57         1 2.94e+03    2.73  unknown    Tue 00:21  
hframe_medium running                      74/150      84    105.92         0      inf    2.73  unknown    Tue 00:21  
hframe_thick  running                      76/150     112    141.93         6      570    2.72  unknown    Tue 00:21  
noise0        finished: no descent step    67/150      84    159.09         1 4.48e+03    1.95  unknown    Tue 00:21  
[2J[Hsession planx_ms2: started Mon 20:51, budget ends Tue 00:21, now Mon 23:36:39, 4 runs x 3 threads
run           state                            it    s/it   mean mT   N_green  F $/vox   hours  expected   latest     
hframe_thin   running                      70/150     107     99.60         2 1.47e+03    2.75  unknown    Tue 00:21  
hframe_medium running                      74/150      84    105.92         0      inf    2.73  unknown    Tue 00:21  
hframe_thick  running                      76/150     112    141.93         6      570    2.72  unknown    Tue 00:21  
noise0        finished: no descent step    67/150      84    159.09         1 4.48e+03    1.95  unknown    Tue 00:21  
[2J[Hsession planx_ms2: started Mon 20:51, budget ends Tue 00:21, now Mon 23:37:09, 4 runs x 3 threads
run           state                            it    s/it   mean mT   N_green  F $/vox   hours  expected   latest     
hframe_thin   running                      70/150     107     99.60         2 1.47e+03    2.75  unknown    Tue 00:21  
hframe_medium running                      74/150      84    105.92         0      inf    2.73  unknown    Tue 00:21  
hframe_thick  running                      76/150     112    141.93         6      570    2.72  unknown    Tue 00:21  
noise0        finished: no descent step    67/150      84    159.09         1 4.48e+03    1.95  unknown    Tue 00:21  
[2J[Hsession planx_ms2: started Mon 20:51, budget ends Tue 00:21, now Mon 23:37:39, 4 runs x 3 threads
run           state                            it    s/it   mean mT   N_green  F $/vox   hours  expected   latest     
hframe_thin   running                      71/150     107     99.66         2 1.47e+03    2.76  unknown    Tue 00:21  
hframe_medium running                      75/150      94    107.03         2 1.51e+03    2.76  unknown    Tue 00:21  
hframe_thick  running                      77/150     117    142.24         6      568    2.76  unknown    Tue 00:21  
noise0        finished: no descent step    67/150      84    159.09         1 4.48e+03    1.95  unknown    Tue 00:21  
[2J[Hsession planx_ms2: started Mon 20:51, budget ends Tue 00:21, now Mon 23:38:09, 4 runs x 3 threads
run           state                            it    s/it   mean mT   N_green  F $/vox   hours  expected   latest     
hframe_thin   running                      71/150     107     99.66         2 1.47e+03    2.76  unknown    Tue 00:21  
hframe_medium running                      75/150      94    107.03         2 1.51e+03    2.76  unknown    Tue 00:21  
hframe_thick  running                      77/150     117    142.24         6      568    2.76  unknown    Tue 00:21  
noise0        finished: no descent step    67/150      84    159.09         1 4.48e+03    1.95  unknown    Tue 00:21  
[2J[Hsession planx_ms2: started Mon 20:51, budget ends Tue 00:21, now Mon 23:38:39, 4 runs x 3 threads
run           state                            it    s/it   mean mT   N_green  F $/vox   hours  expected   latest     
hframe_thin   running                      71/150     107     99.66         2 1.47e+03    2.76  unknown    Tue 00:21  
hframe_medium running                      75/150      94    107.03         2 1.51e+03    2.76  unknown    Tue 00:21  
hframe_thick  running                      77/150     117    142.24         6      568    2.76  unknown    Tue 00:21  
noise0        finished: no descent step    67/150      84    159.09         1 4.48e+03    1.95  unknown    Tue 00:21  
[2J[Hsession planx_ms2: started Mon 20:51, budget ends Tue 00:21, now Mon 23:39:09, 4 runs x 3 threads
run           state                            it    s/it   mean mT   N_green  F $/vox   hours  expected   latest     
hframe_thin   running                      71/150     107     99.66         2 1.47e+03    2.76  unknown    Tue 00:21  
hframe_medium running                      76/150      94    108.22         2 1.51e+03    2.79  unknown    Tue 00:21  
hframe_thick  running                      77/150     117    142.24         6      568    2.76  unknown    Tue 00:21  
noise0        finished: no descent step    67/150      84    159.09         1 4.48e+03    1.95  unknown    Tue 00:21  
[2J[Hsession planx_ms2: started Mon 20:51, budget ends Tue 00:21, now Mon 23:39:39, 4 runs x 3 threads
run           state                            it    s/it   mean mT   N_green  F $/vox   hours  expected   latest     
hframe_thin   running                      72/150     107     99.70         2 1.47e+03    2.80  unknown    Tue 00:21  
hframe_medium running                      76/150      94    108.22         2 1.51e+03    2.79  unknown    Tue 00:21  
hframe_thick  running                      78/150     119    142.28         8      427    2.80  unknown    Tue 00:21  
noise0        finished: no descent step    67/150      84    159.09         1 4.48e+03    1.95  unknown    Tue 00:21  
[2J[Hsession planx_ms2: started Mon 20:51, budget ends Tue 00:21, now Mon 23:40:09, 4 runs x 3 threads
run           state                            it    s/it   mean mT   N_green  F $/vox   hours  expected   latest     
hframe_thin   running                      72/150     107     99.70         2 1.47e+03    2.80  unknown    Tue 00:21  
hframe_medium running                      76/150      94    108.22         2 1.51e+03    2.79  unknown    Tue 00:21  
hframe_thick  running                      78/150     119    142.28         8      427    2.80  unknown    Tue 00:21  
noise0        finished: no descent step    67/150      84    159.09         1 4.48e+03    1.95  unknown    Tue 00:21  
[2J[Hsession planx_ms2: started Mon 20:51, budget ends Tue 00:21, now Mon 23:40:39, 4 runs x 3 threads
run           state                            it    s/it   mean mT   N_green  F $/vox   hours  expected   latest     
hframe_thin   running                      73/150      79     99.73         1 2.94e+03    2.81  unknown    Tue 00:21  
hframe_medium running                      77/150      94    109.40         1 3.04e+03    2.81  unknown    Tue 00:21  
hframe_thick  running                      78/150     119    142.28         8      427    2.80  unknown    Tue 00:21  
noise0        finished: no descent step    67/150      84    159.09         1 4.48e+03    1.95  unknown    Tue 00:21  
[2J[Hsession planx_ms2: started Mon 20:51, budget ends Tue 00:21, now Mon 23:41:09, 4 runs x 3 threads
run           state                            it    s/it   mean mT   N_green  F $/vox   hours  expected   latest     
hframe_thin   running                      73/150      79     99.73         1 2.94e+03    2.81  unknown    Tue 00:21  
hframe_medium running                      77/150      94    109.40         1 3.04e+03    2.81  unknown    Tue 00:21  
hframe_thick  running                      78/150     119    142.28         8      427    2.80  unknown    Tue 00:21  
noise0        finished: no descent step    67/150      84    159.09         1 4.48e+03    1.95  unknown    Tue 00:21  
[2J[Hsession planx_ms2: started Mon 20:51, budget ends Tue 00:21, now Mon 23:41:39, 4 runs x 3 threads
run           state                            it    s/it   mean mT   N_green  F $/vox   hours  expected   latest     
hframe_thin   running                      73/150      79     99.73         1 2.94e+03    2.81  unknown    Tue 00:21  
hframe_medium running                      77/150      94    109.40         1 3.04e+03    2.81  unknown    Tue 00:21  
hframe_thick  running                      79/150     119    142.52         4      853    2.83  unknown    Tue 00:21  
noise0        finished: no descent step    67/150      84    159.09         1 4.48e+03    1.95  unknown    Tue 00:21  
[2J[Hsession planx_ms2: started Mon 20:51, budget ends Tue 00:21, now Mon 23:42:09, 4 runs x 3 threads
run           state                            it    s/it   mean mT   N_green  F $/vox   hours  expected   latest     
hframe_thin   running                      74/150      70     99.78         2 1.47e+03    2.83  unknown    Tue 00:21  
hframe_medium running                      77/150      94    109.40         1 3.04e+03    2.81  unknown    Tue 00:21  
hframe_thick  running                      79/150     119    142.52         4      853    2.83  unknown    Tue 00:21  
noise0        finished: no descent step    67/150      84    159.09         1 4.48e+03    1.95  unknown    Tue 00:21  
[2J[Hsession planx_ms2: started Mon 20:51, budget ends Tue 00:21, now Mon 23:42:39, 4 runs x 3 threads
run           state                            it    s/it   mean mT   N_green  F $/vox   hours  expected   latest     
hframe_thin   running                      74/150      70     99.78         2 1.47e+03    2.83  unknown    Tue 00:21  
hframe_medium running                      78/150     101    110.60         0      inf    2.84  unknown    Tue 00:21  
hframe_thick  running                      79/150     119    142.52         4      853    2.83  unknown    Tue 00:21  
noise0        finished: no descent step    67/150      84    159.09         1 4.48e+03    1.95  unknown    Tue 00:21  
[2J[Hsession planx_ms2: started Mon 20:51, budget ends Tue 00:21, now Mon 23:43:09, 4 runs x 3 threads
run           state                            it    s/it   mean mT   N_green  F $/vox   hours  expected   latest     
hframe_thin   running                      75/150      65     99.83         0      inf    2.85  unknown    Tue 00:21  
hframe_medium running                      78/150     101    110.60         0      inf    2.84  unknown    Tue 00:21  
hframe_thick  running                      79/150     119    142.52         4      853    2.83  unknown    Tue 00:21  
noise0        finished: no descent step    67/150      84    159.09         1 4.48e+03    1.95  unknown    Tue 00:21  
[2J[Hsession planx_ms2: started Mon 20:51, budget ends Tue 00:21, now Mon 23:43:39, 4 runs x 3 threads
run           state                            it    s/it   mean mT   N_green  F $/vox   hours  expected   latest     
hframe_thin   running                      75/150      65     99.83         0      inf    2.85  unknown    Tue 00:21  
hframe_medium running                      78/150     101    110.60         0      inf    2.84  unknown    Tue 00:21  
hframe_thick  running                      79/150     119    142.52         4      853    2.83  unknown    Tue 00:21  
noise0        finished: no descent step    67/150      84    159.09         1 4.48e+03    1.95  unknown    Tue 00:21  
[2J[Hsession planx_ms2: started Mon 20:51, budget ends Tue 00:21, now Mon 23:44:09, 4 runs x 3 threads
run           state                            it    s/it   mean mT   N_green  F $/vox   hours  expected   latest     
hframe_thin   running                      75/150      65     99.83         0      inf    2.85  unknown    Tue 00:21  
hframe_medium running                      79/150     102    111.18         1 3.07e+03    2.87  unknown    Tue 00:21  
hframe_thick  running                      79/150     119    142.52         4      853    2.83  unknown    Tue 00:21  
noise0        finished: no descent step    67/150      84    159.09         1 4.48e+03    1.95  unknown    Tue 00:21  
[2J[Hsession planx_ms2: started Mon 20:51, budget ends Tue 00:21, now Mon 23:44:39, 4 runs x 3 threads
run           state                            it    s/it   mean mT   N_green  F $/vox   hours  expected   latest     
hframe_thin   running                      75/150      65     99.83         0      inf    2.85  unknown    Tue 00:21  
hframe_medium running                      79/150     102    111.18         1 3.07e+03    2.87  unknown    Tue 00:21  
hframe_thick  running                      80/150     119    142.56         3 1.14e+03    2.88  unknown    Tue 00:21  
noise0        finished: no descent step    67/150      84    159.09         1 4.48e+03    1.95  unknown    Tue 00:21  
[2J[Hsession planx_ms2: started Mon 20:51, budget ends Tue 00:21, now Mon 23:45:09, 4 runs x 3 threads
run           state                            it    s/it   mean mT   N_green  F $/vox   hours  expected   latest     
hframe_thin   running                      76/150      65     99.85         0      inf    2.88  unknown    Tue 00:21  
hframe_medium running                      79/150     102    111.18         1 3.07e+03    2.87  unknown    Tue 00:21  
hframe_thick  running                      80/150     119    142.56         3 1.14e+03    2.88  unknown    Tue 00:21  
noise0        finished: no descent step    67/150      84    159.09         1 4.48e+03    1.95  unknown    Tue 00:21  
[2J[Hsession planx_ms2: started Mon 20:51, budget ends Tue 00:21, now Mon 23:45:39, 4 runs x 3 threads
run           state                            it    s/it   mean mT   N_green  F $/vox   hours  expected   latest     
hframe_thin   running                      76/150      65     99.85         0      inf    2.88  unknown    Tue 00:21  
hframe_medium running                      79/150     102    111.18         1 3.07e+03    2.87  unknown    Tue 00:21  
hframe_thick  running                      80/150     119    142.56         3 1.14e+03    2.88  unknown    Tue 00:21  
noise0        finished: no descent step    67/150      84    159.09         1 4.48e+03    1.95  unknown    Tue 00:21  
[2J[Hsession planx_ms2: started Mon 20:51, budget ends Tue 00:21, now Mon 23:46:09, 4 runs x 3 threads
run           state                            it    s/it   mean mT   N_green  F $/vox   hours  expected   latest     
hframe_thin   running                      77/150      65     99.88         4      734    2.90  unknown    Tue 00:21  
hframe_medium running                      79/150     102    111.18         1 3.07e+03    2.87  unknown    Tue 00:21  
hframe_thick  running                      81/150     117    142.75         3 1.14e+03    2.90  unknown    Tue 00:21  
noise0        finished: no descent step    67/150      84    159.09         1 4.48e+03    1.95  unknown    Tue 00:21  
[2J[Hsession planx_ms2: started Mon 20:51, budget ends Tue 00:21, now Mon 23:46:39, 4 runs x 3 threads
run           state                            it    s/it   mean mT   N_green  F $/vox   hours  expected   latest     
hframe_thin   running                      77/150      65     99.88         4      734    2.90  unknown    Tue 00:21  
hframe_medium running                      80/150     103    111.90         1 3.08e+03    2.91  unknown    Tue 00:21  
hframe_thick  running                      81/150     117    142.75         3 1.14e+03    2.90  unknown    Tue 00:21  
noise0        finished: no descent step    67/150      84    159.09         1 4.48e+03    1.95  unknown    Tue 00:21  
[2J[Hsession planx_ms2: started Mon 20:51, budget ends Tue 00:21, now Mon 23:47:09, 4 runs x 3 threads
run           state                            it    s/it   mean mT   N_green  F $/vox   hours  expected   latest     
hframe_thin   running                      78/150      65     99.94         0      inf    2.92  unknown    Tue 00:21  
hframe_medium running                      80/150     103    111.90         1 3.08e+03    2.91  unknown    Tue 00:21  
hframe_thick  running                      81/150     117    142.75         3 1.14e+03    2.90  unknown    Tue 00:21  
noise0        finished: no descent step    67/150      84    159.09         1 4.48e+03    1.95  unknown    Tue 00:21  
[2J[Hsession planx_ms2: started Mon 20:51, budget ends Tue 00:21, now Mon 23:47:39, 4 runs x 3 threads
run           state                            it    s/it   mean mT   N_green  F $/vox   hours  expected   latest     
hframe_thin   running                      78/150      65     99.94         0      inf    2.92  unknown    Tue 00:21  
hframe_medium running                      80/150     103    111.90         1 3.08e+03    2.91  unknown    Tue 00:21  
hframe_thick  running                      82/150     116    142.75         4      855    2.93  unknown    Tue 00:21  
noise0        finished: no descent step    67/150      84    159.09         1 4.48e+03    1.95  unknown    Tue 00:21  
[2J[Hsession planx_ms2: started Mon 20:51, budget ends Tue 00:21, now Mon 23:48:09, 4 runs x 3 threads
run           state                            it    s/it   mean mT   N_green  F $/vox   hours  expected   latest     
hframe_thin   running                      78/150      65     99.94         0      inf    2.92  unknown    Tue 00:21  
hframe_medium running                      80/150     103    111.90         1 3.08e+03    2.91  unknown    Tue 00:21  
hframe_thick  running                      82/150     116    142.75         4      855    2.93  unknown    Tue 00:21  
noise0        finished: no descent step    67/150      84    159.09         1 4.48e+03    1.95  unknown    Tue 00:21  
[2J[Hsession planx_ms2: started Mon 20:51, budget ends Tue 00:21, now Mon 23:48:39, 4 runs x 3 threads
run           state                            it    s/it   mean mT   N_green  F $/vox   hours  expected   latest     
hframe_thin   running                      78/150      65     99.94         0      inf    2.92  unknown    Tue 00:21  
hframe_medium running                      81/150     103    113.54         3 1.03e+03    2.94  unknown    Tue 00:21  
hframe_thick  running                      82/150     116    142.75         4      855    2.93  unknown    Tue 00:21  
noise0        finished: no descent step    67/150      84    159.09         1 4.48e+03    1.95  unknown    Tue 00:21  
[2J[Hsession planx_ms2: started Mon 20:51, budget ends Tue 00:21, now Mon 23:49:09, 4 runs x 3 threads
run           state                            it    s/it   mean mT   N_green  F $/vox   hours  expected   latest     
hframe_thin   running                      79/150      65     99.95         2 1.47e+03    2.95  unknown    Tue 00:21  
hframe_medium running                      81/150     103    113.54         3 1.03e+03    2.94  unknown    Tue 00:21  
hframe_thick  running                      83/150     112    143.06         6      568    2.95  unknown    Tue 00:21  
noise0        finished: no descent step    67/150      84    159.09         1 4.48e+03    1.95  unknown    Tue 00:21  
[2J[Hsession planx_ms2: started Mon 20:51, budget ends Tue 00:21, now Mon 23:49:39, 4 runs x 3 threads
run           state                            it    s/it   mean mT   N_green  F $/vox   hours  expected   latest     
hframe_thin   running                      79/150      65     99.95         2 1.47e+03    2.95  unknown    Tue 00:21  
hframe_medium running                      81/150     103    113.54         3 1.03e+03    2.94  unknown    Tue 00:21  
hframe_thick  running                      83/150     112    143.06         6      568    2.95  unknown    Tue 00:21  
noise0        finished: no descent step    67/150      84    159.09         1 4.48e+03    1.95  unknown    Tue 00:21  
[2J[Hsession planx_ms2: started Mon 20:51, budget ends Tue 00:21, now Mon 23:50:09, 4 runs x 3 threads
run           state                            it    s/it   mean mT   N_green  F $/vox   hours  expected   latest     
hframe_thin   running                      80/150      65     99.99         0      inf    2.97  unknown    Tue 00:21  
hframe_medium running                      81/150     103    113.54         3 1.03e+03    2.94  unknown    Tue 00:21  
hframe_thick  running                      83/150     112    143.06         6      568    2.95  unknown    Tue 00:21  
noise0        finished: no descent step    67/150      84    159.09         1 4.48e+03    1.95  unknown    Tue 00:21  
[2J[Hsession planx_ms2: started Mon 20:51, budget ends Tue 00:21, now Mon 23:50:39, 4 runs x 3 threads
run           state                            it    s/it   mean mT   N_green  F $/vox   hours  expected   latest     
hframe_thin   running                      80/150      65     99.99         0      inf    2.97  unknown    Tue 00:21  
hframe_medium running                      82/150     108    114.71         1 3.11e+03    2.98  unknown    Tue 00:21  
hframe_thick  running                      84/150     105    159.13         3 1.14e+03    2.98  unknown    Tue 00:21  
noise0        finished: no descent step    67/150      84    159.09         1 4.48e+03    1.95  unknown    Tue 00:21  
[2J[Hsession planx_ms2: started Mon 20:51, budget ends Tue 00:21, now Mon 23:51:09, 4 runs x 3 threads
run           state                            it    s/it   mean mT   N_green  F $/vox   hours  expected   latest     
hframe_thin   running                      80/150      65     99.99         0      inf    2.97  unknown    Tue 00:21  
hframe_medium running                      82/150     108    114.71         1 3.11e+03    2.98  unknown    Tue 00:21  
hframe_thick  running                      84/150     105    159.13         3 1.14e+03    2.98  unknown    Tue 00:21  
noise0        finished: no descent step    67/150      84    159.09         1 4.48e+03    1.95  unknown    Tue 00:21  
[2J[Hsession planx_ms2: started Mon 20:51, budget ends Tue 00:21, now Mon 23:51:39, 4 runs x 3 threads
run           state                            it    s/it   mean mT   N_green  F $/vox   hours  expected   latest     
hframe_thin   running                      80/150      65     99.99         0      inf    2.97  unknown    Tue 00:21  
hframe_medium running                      82/150     108    114.71         1 3.11e+03    2.98  unknown    Tue 00:21  
hframe_thick  running                      84/150     105    159.13         3 1.14e+03    2.98  unknown    Tue 00:21  
noise0        finished: no descent step    67/150      84    159.09         1 4.48e+03    1.95  unknown    Tue 00:21  
[2J[Hsession planx_ms2: started Mon 20:51, budget ends Tue 00:21, now Mon 23:52:09, 4 runs x 3 threads
run           state                            it    s/it   mean mT   N_green  F $/vox   hours  expected   latest     
hframe_thin   running                      80/150      65     99.99         0      inf    2.97  unknown    Tue 00:21  
hframe_medium running                      82/150     108    114.71         1 3.11e+03    2.98  unknown    Tue 00:21  
hframe_thick  running                      85/150      92    143.35        14      244    3.00  unknown    Tue 00:21  
noise0        finished: no descent step    67/150      84    159.09         1 4.48e+03    1.95  unknown    Tue 00:21  
[2J[Hsession planx_ms2: started Mon 20:51, budget ends Tue 00:21, now Mon 23:52:39, 4 runs x 3 threads
run           state                            it    s/it   mean mT   N_green  F $/vox   hours  expected   latest     
hframe_thin   running                      81/150      65    100.01         0      inf    3.01  unknown    Tue 00:21  
hframe_medium running                      82/150     108    114.71         1 3.11e+03    2.98  unknown    Tue 00:21  
hframe_thick  running                      85/150      92    143.35        14      244    3.00  unknown    Tue 00:21  
noise0        finished: no descent step    67/150      84    159.09         1 4.48e+03    1.95  unknown    Tue 00:21  
[2J[Hsession planx_ms2: started Mon 20:51, budget ends Tue 00:21, now Mon 23:53:09, 4 runs x 3 threads
run           state                            it    s/it   mean mT   N_green  F $/vox   hours  expected   latest     
hframe_thin   running                      81/150      65    100.01         0      inf    3.01  unknown    Tue 00:21  
hframe_medium running                      82/150     108    114.71         1 3.11e+03    2.98  unknown    Tue 00:21  
hframe_thick  running                      85/150      92    143.35        14      244    3.00  unknown    Tue 00:21  
noise0        finished: no descent step    67/150      84    159.09         1 4.48e+03    1.95  unknown    Tue 00:21  
[2J[Hsession planx_ms2: started Mon 20:51, budget ends Tue 00:21, now Mon 23:53:39, 4 runs x 3 threads
run           state                            it    s/it   mean mT   N_green  F $/vox   hours  expected   latest     
hframe_thin   running                      82/150      65    100.03         1 2.93e+03    3.03  unknown    Tue 00:21  
hframe_medium running                      83/150     114    115.22         2 1.56e+03    3.03  unknown    Tue 00:21  
hframe_thick  running                      85/150      92    143.35        14      244    3.00  unknown    Tue 00:21  
noise0        finished: no descent step    67/150      84    159.09         1 4.48e+03    1.95  unknown    Tue 00:21  
[2J[Hsession planx_ms2: started Mon 20:51, budget ends Tue 00:21, now Mon 23:54:09, 4 runs x 3 threads
run           state                            it    s/it   mean mT   N_green  F $/vox   hours  expected   latest     
hframe_thin   running                      82/150      65    100.03         1 2.93e+03    3.03  unknown    Tue 00:21  
hframe_medium running                      83/150     114    115.22         2 1.56e+03    3.03  unknown    Tue 00:21  
hframe_thick  running                      85/150      92    143.35        14      244    3.00  unknown    Tue 00:21  
noise0        finished: no descent step    67/150      84    159.09         1 4.48e+03    1.95  unknown    Tue 00:21  
[2J[Hsession planx_ms2: started Mon 20:51, budget ends Tue 00:21, now Mon 23:54:39, 4 runs x 3 threads
run           state                            it    s/it   mean mT   N_green  F $/vox   hours  expected   latest     
hframe_thin   running                      83/150      65    100.06         0      inf    3.05  unknown    Tue 00:21  
hframe_medium running                      83/150     114    115.22         2 1.56e+03    3.03  unknown    Tue 00:21  
hframe_thick  running                      85/150      92    143.35        14      244    3.00  unknown    Tue 00:21  
noise0        finished: no descent step    67/150      84    159.09         1 4.48e+03    1.95  unknown    Tue 00:21  
[2J[Hsession planx_ms2: started Mon 20:51, budget ends Tue 00:21, now Mon 23:55:09, 4 runs x 3 threads
run           state                            it    s/it   mean mT   N_green  F $/vox   hours  expected   latest     
hframe_thin   running                      83/150      65    100.06         0      inf    3.05  unknown    Tue 00:21  
hframe_medium running                      83/150     114    115.22         2 1.56e+03    3.03  unknown    Tue 00:21  
hframe_thick  running                      86/150     105    143.56         6      568    3.05  unknown    Tue 00:21  
noise0        finished: no descent step    67/150      84    159.09         1 4.48e+03    1.95  unknown    Tue 00:21  
[2J[Hsession planx_ms2: started Mon 20:51, budget ends Tue 00:21, now Mon 23:55:39, 4 runs x 3 threads
run           state                            it    s/it   mean mT   N_green  F $/vox   hours  expected   latest     
hframe_thin   running                      84/150      65    100.11         2 1.47e+03    3.06  unknown    Tue 00:21  
hframe_medium running                      84/150     114    115.65         2 1.56e+03    3.06  unknown    Tue 00:21  
hframe_thick  running                      86/150     105    143.56         6      568    3.05  unknown    Tue 00:21  
noise0        finished: no descent step    67/150      84    159.09         1 4.48e+03    1.95  unknown    Tue 00:21  
[2J[Hsession planx_ms2: started Mon 20:51, budget ends Tue 00:21, now Mon 23:56:09, 4 runs x 3 threads
run           state                            it    s/it   mean mT   N_green  F $/vox   hours  expected   latest     
hframe_thin   running                      84/150      65    100.11         2 1.47e+03    3.06  unknown    Tue 00:21  
hframe_medium running                      84/150     114    115.65         2 1.56e+03    3.06  unknown    Tue 00:21  
hframe_thick  running                      86/150     105    143.56         6      568    3.05  unknown    Tue 00:21  
noise0        finished: no descent step    67/150      84    159.09         1 4.48e+03    1.95  unknown    Tue 00:21  
[2J[Hsession planx_ms2: started Mon 20:51, budget ends Tue 00:21, now Mon 23:56:39, 4 runs x 3 threads
run           state                            it    s/it   mean mT   N_green  F $/vox   hours  expected   latest     
hframe_thin   running                      84/150      65    100.11         2 1.47e+03    3.06  unknown    Tue 00:21  
hframe_medium running                      84/150     114    115.65         2 1.56e+03    3.06  unknown    Tue 00:21  
hframe_thick  running                      87/150     105    143.56         6      569    3.08  unknown    Tue 00:21  
noise0        finished: no descent step    67/150      84    159.09         1 4.48e+03    1.95  unknown    Tue 00:21  
[2J[Hsession planx_ms2: started Mon 20:51, budget ends Tue 00:21, now Mon 23:57:09, 4 runs x 3 threads
run           state                            it    s/it   mean mT   N_green  F $/vox   hours  expected   latest     
hframe_thin   running                      85/150      65    100.17         0      inf    3.09  unknown    Tue 00:21  
hframe_medium running                      84/150     114    115.65         2 1.56e+03    3.06  unknown    Tue 00:21  
hframe_thick  running                      87/150     105    143.56         6      569    3.08  unknown    Tue 00:21  
noise0        finished: no descent step    67/150      84    159.09         1 4.48e+03    1.95  unknown    Tue 00:21  
[2J[Hsession planx_ms2: started Mon 20:51, budget ends Tue 00:21, now Mon 23:57:39, 4 runs x 3 threads
run           state                            it    s/it   mean mT   N_green  F $/vox   hours  expected   latest     
hframe_thin   running                      85/150      65    100.17         0      inf    3.09  unknown    Tue 00:21  
hframe_medium running                      84/150     114    115.65         2 1.56e+03    3.06  unknown    Tue 00:21  
hframe_thick  running                      87/150     105    143.56         6      569    3.08  unknown    Tue 00:21  
noise0        finished: no descent step    67/150      84    159.09         1 4.48e+03    1.95  unknown    Tue 00:21  
[2J[Hsession planx_ms2: started Mon 20:51, budget ends Tue 00:21, now Mon 23:58:09, 4 runs x 3 threads
run           state                            it    s/it   mean mT   N_green  F $/vox   hours  expected   latest     
hframe_thin   running                      85/150      65    100.17         0      inf    3.09  unknown    Tue 00:21  
hframe_medium running                      84/150     114    115.65         2 1.56e+03    3.06  unknown    Tue 00:21  
hframe_thick  running                      87/150     105    143.56         6      569    3.08  unknown    Tue 00:21  
noise0        finished: no descent step    67/150      84    159.09         1 4.48e+03    1.95  unknown    Tue 00:21  
[2J[Hsession planx_ms2: started Mon 20:51, budget ends Tue 00:21, now Mon 23:58:39, 4 runs x 3 threads
run           state                            it    s/it   mean mT   N_green  F $/vox   hours  expected   latest     
hframe_thin   running                      85/150      65    100.17         0      inf    3.09  unknown    Tue 00:21  
hframe_medium running                      84/150     114    115.65         2 1.56e+03    3.06  unknown    Tue 00:21  
hframe_thick  running                      88/150     105    143.66         6      568    3.11  unknown    Tue 00:21  
noise0        finished: no descent step    67/150      84    159.09         1 4.48e+03    1.95  unknown    Tue 00:21  
[2J[Hsession planx_ms2: started Mon 20:51, budget ends Tue 00:21, now Mon 23:59:09, 4 runs x 3 threads
run           state                            it    s/it   mean mT   N_green  F $/vox   hours  expected   latest     
hframe_thin   running                      86/150      66    100.20         2 1.47e+03    3.12  unknown    Tue 00:21  
hframe_medium running                      84/150     114    115.65         2 1.56e+03    3.06  unknown    Tue 00:21  
hframe_thick  running                      88/150     105    143.66         6      568    3.11  unknown    Tue 00:21  
noise0        finished: no descent step    67/150      84    159.09         1 4.48e+03    1.95  unknown    Tue 00:21  
[2J[Hsession planx_ms2: started Mon 20:51, budget ends Tue 00:21, now Mon 23:59:40, 4 runs x 3 threads
run           state                            it    s/it   mean mT   N_green  F $/vox   hours  expected   latest     
hframe_thin   running                      86/150      66    100.20         2 1.47e+03    3.12  unknown    Tue 00:21  
hframe_medium running                      85/150     114    115.80         2 1.56e+03    3.13  unknown    Tue 00:21  
hframe_thick  running                      88/150     105    143.66         6      568    3.11  unknown    Tue 00:21  
noise0        finished: no descent step    67/150      84    159.09         1 4.48e+03    1.95  unknown    Tue 00:21  
[2J[Hsession planx_ms2: started Mon 20:51, budget ends Tue 00:21, now Tue 00:00:10, 4 runs x 3 threads
run           state                            it    s/it   mean mT   N_green  F $/vox   hours  expected   latest     
hframe_thin   running                      87/150      66    100.25         1 2.93e+03    3.14  unknown    Tue 00:21  
hframe_medium running                      85/150     114    115.80         2 1.56e+03    3.13  unknown    Tue 00:21  
hframe_thick  running                      89/150     101    143.62         6      570    3.14  unknown    Tue 00:21  
noise0        finished: no descent step    67/150      84    159.09         1 4.48e+03    1.95  unknown    Tue 00:21  
[2J[Hsession planx_ms2: started Mon 20:51, budget ends Tue 00:21, now Tue 00:00:40, 4 runs x 3 threads
run           state                            it    s/it   mean mT   N_green  F $/vox   hours  expected   latest     
hframe_thin   running                      87/150      66    100.25         1 2.93e+03    3.14  unknown    Tue 00:21  
hframe_medium running                      85/150     114    115.80         2 1.56e+03    3.13  unknown    Tue 00:21  
hframe_thick  running                      89/150     101    143.62         6      570    3.14  unknown    Tue 00:21  
noise0        finished: no descent step    67/150      84    159.09         1 4.48e+03    1.95  unknown    Tue 00:21  
[2J[Hsession planx_ms2: started Mon 20:51, budget ends Tue 00:21, now Tue 00:01:10, 4 runs x 3 threads
run           state                            it    s/it   mean mT   N_green  F $/vox   hours  expected   latest     
hframe_thin   running                      87/150      66    100.25         1 2.93e+03    3.14  unknown    Tue 00:21  
hframe_medium running                      85/150     114    115.80         2 1.56e+03    3.13  unknown    Tue 00:21  
hframe_thick  running                      89/150     101    143.62         6      570    3.14  unknown    Tue 00:21  
noise0        finished: no descent step    67/150      84    159.09         1 4.48e+03    1.95  unknown    Tue 00:21  
[2J[Hsession planx_ms2: started Mon 20:51, budget ends Tue 00:21, now Tue 00:01:40, 4 runs x 3 threads
run           state                            it    s/it   mean mT   N_green  F $/vox   hours  expected   latest     
hframe_thin   running                      87/150      66    100.25         1 2.93e+03    3.14  unknown    Tue 00:21  
hframe_medium running                      85/150     114    115.80         2 1.56e+03    3.13  unknown    Tue 00:21  
hframe_thick  running                      90/150      97    143.83         7      488    3.16  unknown    Tue 00:21  
noise0        finished: no descent step    67/150      84    159.09         1 4.48e+03    1.95  unknown    Tue 00:21  
[2J[Hsession planx_ms2: started Mon 20:51, budget ends Tue 00:21, now Tue 00:02:10, 4 runs x 3 threads
run           state                            it    s/it   mean mT   N_green  F $/vox   hours  expected   latest     
hframe_thin   running                      88/150      69    100.29         1 2.93e+03    3.17  unknown    Tue 00:21  
hframe_medium running                      86/150     114    115.97         3 1.04e+03    3.17  unknown    Tue 00:21  
hframe_thick  running                      90/150      97    143.83         7      488    3.16  unknown    Tue 00:21  
noise0        finished: no descent step    67/150      84    159.09         1 4.48e+03    1.95  unknown    Tue 00:21  
[2J[Hsession planx_ms2: started Mon 20:51, budget ends Tue 00:21, now Tue 00:02:40, 4 runs x 3 threads
run           state                            it    s/it   mean mT   N_green  F $/vox   hours  expected   latest     
hframe_thin   running                      88/150      69    100.29         1 2.93e+03    3.17  unknown    Tue 00:21  
hframe_medium running                      86/150     114    115.97         3 1.04e+03    3.17  unknown    Tue 00:21  
hframe_thick  running                      90/150      97    143.83         7      488    3.16  unknown    Tue 00:21  
noise0        finished: no descent step    67/150      84    159.09         1 4.48e+03    1.95  unknown    Tue 00:21  
[2J[Hsession planx_ms2: started Mon 20:51, budget ends Tue 00:21, now Tue 00:03:10, 4 runs x 3 threads
run           state                            it    s/it   mean mT   N_green  F $/vox   hours  expected   latest     
hframe_thin   running                      88/150      69    100.29         1 2.93e+03    3.17  unknown    Tue 00:21  
hframe_medium running                      86/150     114    115.97         3 1.04e+03    3.17  unknown    Tue 00:21  
hframe_thick  running                      90/150      97    143.83         7      488    3.16  unknown    Tue 00:21  
noise0        finished: no descent step    67/150      84    159.09         1 4.48e+03    1.95  unknown    Tue 00:21  
[2J[Hsession planx_ms2: started Mon 20:51, budget ends Tue 00:21, now Tue 00:03:40, 4 runs x 3 threads
run           state                            it    s/it   mean mT   N_green  F $/vox   hours  expected   latest     
hframe_thin   running                      89/150      75    100.35         1 2.93e+03    3.19  unknown    Tue 00:21  
hframe_medium running                      86/150     114    115.97         3 1.04e+03    3.17  unknown    Tue 00:21  
hframe_thick  running                      90/150      97    143.83         7      488    3.16  unknown    Tue 00:21  
noise0        finished: no descent step    67/150      84    159.09         1 4.48e+03    1.95  unknown    Tue 00:21  
[2J[Hsession planx_ms2: started Mon 20:51, budget ends Tue 00:21, now Tue 00:04:10, 4 runs x 3 threads
run           state                            it    s/it   mean mT   N_green  F $/vox   hours  expected   latest     
hframe_thin   running                      89/150      75    100.35         1 2.93e+03    3.19  unknown    Tue 00:21  
hframe_medium running                      87/150     121    116.08         1 3.13e+03    3.21  unknown    Tue 00:21  
hframe_thick  running                      91/150      97    143.88         3 1.14e+03    3.20  unknown    Tue 00:21  
noise0        finished: no descent step    67/150      84    159.09         1 4.48e+03    1.95  unknown    Tue 00:21  
[2J[Hsession planx_ms2: started Mon 20:51, budget ends Tue 00:21, now Tue 00:04:40, 4 runs x 3 threads
run           state                            it    s/it   mean mT   N_green  F $/vox   hours  expected   latest     
hframe_thin   running                      89/150      75    100.35         1 2.93e+03    3.19  unknown    Tue 00:21  
hframe_medium running                      87/150     121    116.08         1 3.13e+03    3.21  unknown    Tue 00:21  
hframe_thick  running                      91/150      97    143.88         3 1.14e+03    3.20  unknown    Tue 00:21  
noise0        finished: no descent step    67/150      84    159.09         1 4.48e+03    1.95  unknown    Tue 00:21  
[2J[Hsession planx_ms2: started Mon 20:51, budget ends Tue 00:21, now Tue 00:05:10, 4 runs x 3 threads
run           state                            it    s/it   mean mT   N_green  F $/vox   hours  expected   latest     
hframe_thin   running                      89/150      75    100.35         1 2.93e+03    3.19  unknown    Tue 00:21  
hframe_medium running                      87/150     121    116.08         1 3.13e+03    3.21  unknown    Tue 00:21  
hframe_thick  running                      91/150      97    143.88         3 1.14e+03    3.20  unknown    Tue 00:21  
noise0        finished: no descent step    67/150      84    159.09         1 4.48e+03    1.95  unknown    Tue 00:21  
[2J[Hsession planx_ms2: started Mon 20:51, budget ends Tue 00:21, now Tue 00:05:40, 4 runs x 3 threads
run           state                            it    s/it   mean mT   N_green  F $/vox   hours  expected   latest     
hframe_thin   running                      89/150      75    100.35         1 2.93e+03    3.19  unknown    Tue 00:21  
hframe_medium running                      87/150     121    116.08         1 3.13e+03    3.21  unknown    Tue 00:21  
hframe_thick  running                      92/150      93    143.91         3 1.14e+03    3.23  unknown    Tue 00:21  
noise0        finished: no descent step    67/150      84    159.09         1 4.48e+03    1.95  unknown    Tue 00:21  
[2J[Hsession planx_ms2: started Mon 20:51, budget ends Tue 00:21, now Tue 00:06:10, 4 runs x 3 threads
run           state                            it    s/it   mean mT   N_green  F $/vox   hours  expected   latest     
hframe_thin   running                      89/150      75    100.35         1 2.93e+03    3.19  unknown    Tue 00:21  
hframe_medium running                      88/150     121    116.19         6      519    3.24  unknown    Tue 00:21  
hframe_thick  running                      92/150      93    143.91         3 1.14e+03    3.23  unknown    Tue 00:21  
noise0        finished: no descent step    67/150      84    159.09         1 4.48e+03    1.95  unknown    Tue 00:21  
[2J[Hsession planx_ms2: started Mon 20:51, budget ends Tue 00:21, now Tue 00:06:40, 4 runs x 3 threads
run           state                            it    s/it   mean mT   N_green  F $/vox   hours  expected   latest     
hframe_thin   running                      90/150      78    100.36         1 2.93e+03    3.25  unknown    Tue 00:21  
hframe_medium running                      88/150     121    116.19         6      519    3.24  unknown    Tue 00:21  
hframe_thick  running                      92/150      93    143.91         3 1.14e+03    3.23  unknown    Tue 00:21  
noise0        finished: no descent step    67/150      84    159.09         1 4.48e+03    1.95  unknown    Tue 00:21  
[2J[Hsession planx_ms2: started Mon 20:51, budget ends Tue 00:21, now Tue 00:07:10, 4 runs x 3 threads
run           state                            it    s/it   mean mT   N_green  F $/vox   hours  expected   latest     
hframe_thin   running                      90/150      78    100.36         1 2.93e+03    3.25  unknown    Tue 00:21  
hframe_medium running                      88/150     121    116.19         6      519    3.24  unknown    Tue 00:21  
hframe_thick  running                      92/150      93    143.91         3 1.14e+03    3.23  unknown    Tue 00:21  
noise0        finished: no descent step    67/150      84    159.09         1 4.48e+03    1.95  unknown    Tue 00:21  
[2J[Hsession planx_ms2: started Mon 20:51, budget ends Tue 00:21, now Tue 00:07:40, 4 runs x 3 threads
run           state                            it    s/it   mean mT   N_green  F $/vox   hours  expected   latest     
hframe_thin   running                      90/150      78    100.36         1 2.93e+03    3.25  unknown    Tue 00:21  
hframe_medium running                      88/150     121    116.19         6      519    3.24  unknown    Tue 00:21  
hframe_thick  running                      93/150      93    144.02         3 1.14e+03    3.26  unknown    Tue 00:21  
noise0        finished: no descent step    67/150      84    159.09         1 4.48e+03    1.95  unknown    Tue 00:21  
[2J[Hsession planx_ms2: started Mon 20:51, budget ends Tue 00:21, now Tue 00:08:10, 4 runs x 3 threads
run           state                            it    s/it   mean mT   N_green  F $/vox   hours  expected   latest     
hframe_thin   running                      91/150      75    100.38         0      inf    3.27  unknown    Tue 00:21  
hframe_medium running                      89/150     116    116.35         2 1.56e+03    3.27  unknown    Tue 00:21  
hframe_thick  running                      93/150      93    144.02         3 1.14e+03    3.26  unknown    Tue 00:21  
noise0        finished: no descent step    67/150      84    159.09         1 4.48e+03    1.95  unknown    Tue 00:21  
[2J[Hsession planx_ms2: started Mon 20:51, budget ends Tue 00:21, now Tue 00:08:40, 4 runs x 3 threads
run           state                            it    s/it   mean mT   N_green  F $/vox   hours  expected   latest     
hframe_thin   running                      91/150      75    100.38         0      inf    3.27  unknown    Tue 00:21  
hframe_medium running                      89/150     116    116.35         2 1.56e+03    3.27  unknown    Tue 00:21  
hframe_thick  running                      93/150      93    144.02         3 1.14e+03    3.26  unknown    Tue 00:21  
noise0        finished: no descent step    67/150      84    159.09         1 4.48e+03    1.95  unknown    Tue 00:21  
[2J[Hsession planx_ms2: started Mon 20:51, budget ends Tue 00:21, now Tue 00:09:10, 4 runs x 3 threads
run           state                            it    s/it   mean mT   N_green  F $/vox   hours  expected   latest     
hframe_thin   running                      92/150      78    100.38         1 2.93e+03    3.29  unknown    Tue 00:21  
hframe_medium running                      89/150     116    116.35         2 1.56e+03    3.27  unknown    Tue 00:21  
hframe_thick  running                      93/150      93    144.02         3 1.14e+03    3.26  unknown    Tue 00:21  
noise0        finished: no descent step    67/150      84    159.09         1 4.48e+03    1.95  unknown    Tue 00:21  
[2J[Hsession planx_ms2: started Mon 20:51, budget ends Tue 00:21, now Tue 00:09:40, 4 runs x 3 threads
run           state                            it    s/it   mean mT   N_green  F $/vox   hours  expected   latest     
hframe_thin   running                      92/150      78    100.38         1 2.93e+03    3.29  unknown    Tue 00:21  
hframe_medium running                      90/150     116    116.46         6      519    3.29  unknown    Tue 00:21  
hframe_thick  running                      93/150      93    144.02         3 1.14e+03    3.26  unknown    Tue 00:21  
noise0        finished: no descent step    67/150      84    159.09         1 4.48e+03    1.95  unknown    Tue 00:21  
[2J[Hsession planx_ms2: started Mon 20:51, budget ends Tue 00:21, now Tue 00:10:10, 4 runs x 3 threads
run           state                            it    s/it   mean mT   N_green  F $/vox   hours  expected   latest     
hframe_thin   running                      92/150      78    100.38         1 2.93e+03    3.29  unknown    Tue 00:21  
hframe_medium running                      90/150     116    116.46         6      519    3.29  unknown    Tue 00:21  
hframe_thick  running                      93/150      93    144.02         3 1.14e+03    3.26  unknown    Tue 00:21  
noise0        finished: no descent step    67/150      84    159.09         1 4.48e+03    1.95  unknown    Tue 00:21  
[2J[Hsession planx_ms2: started Mon 20:51, budget ends Tue 00:21, now Tue 00:10:40, 4 runs x 3 threads
run           state                            it    s/it   mean mT   N_green  F $/vox   hours  expected   latest     
hframe_thin   running                      93/150      78    100.39         0      inf    3.31  unknown    Tue 00:21  
hframe_medium running                      90/150     116    116.46         6      519    3.29  unknown    Tue 00:21  
hframe_thick  running                      93/150      93    144.02         3 1.14e+03    3.26  unknown    Tue 00:21  
noise0        finished: no descent step    67/150      84    159.09         1 4.48e+03    1.95  unknown    Tue 00:21  
[2J[Hsession planx_ms2: started Mon 20:51, budget ends Tue 00:21, now Tue 00:11:10, 4 runs x 3 threads
run           state                            it    s/it   mean mT   N_green  F $/vox   hours  expected   latest     
hframe_thin   running                      93/150      78    100.39         0      inf    3.31  unknown    Tue 00:21  
hframe_medium running                      91/150     116    116.54         6      520    3.32  unknown    Tue 00:21  
hframe_thick  running                      93/150      93    144.02         3 1.14e+03    3.26  unknown    Tue 00:21  
noise0        finished: no descent step    67/150      84    159.09         1 4.48e+03    1.95  unknown    Tue 00:21  
[2J[Hsession planx_ms2: started Mon 20:51, budget ends Tue 00:21, now Tue 00:11:40, 4 runs x 3 threads
run           state                            it    s/it   mean mT   N_green  F $/vox   hours  expected   latest     
hframe_thin   running                      93/150      78    100.39         0      inf    3.31  unknown    Tue 00:21  
hframe_medium running                      91/150     116    116.54         6      520    3.32  unknown    Tue 00:21  
hframe_thick  running                      93/150      93    144.02         3 1.14e+03    3.26  unknown    Tue 00:21  
noise0        finished: no descent step    67/150      84    159.09         1 4.48e+03    1.95  unknown    Tue 00:21  
[2J[Hsession planx_ms2: started Mon 20:51, budget ends Tue 00:21, now Tue 00:12:10, 4 runs x 3 threads
run           state                            it    s/it   mean mT   N_green  F $/vox   hours  expected   latest     
hframe_thin   running                      94/150      78    100.41         1 2.93e+03    3.34  unknown    Tue 00:21  
hframe_medium running                      91/150     116    116.54         6      520    3.32  unknown    Tue 00:21  
hframe_thick  running                      93/150      93    144.02         3 1.14e+03    3.26  unknown    Tue 00:21  
noise0        finished: no descent step    67/150      84    159.09         1 4.48e+03    1.95  unknown    Tue 00:21  
[2J[Hsession planx_ms2: started Mon 20:51, budget ends Tue 00:21, now Tue 00:12:40, 4 runs x 3 threads
run           state                            it    s/it   mean mT   N_green  F $/vox   hours  expected   latest     
hframe_thin   running                      94/150      78    100.41         1 2.93e+03    3.34  unknown    Tue 00:21  
hframe_medium running                      92/150     116    116.66         4      777    3.34  unknown    Tue 00:21  
hframe_thick  running                      93/150      93    144.02         3 1.14e+03    3.26  unknown    Tue 00:21  
noise0        finished: no descent step    67/150      84    159.09         1 4.48e+03    1.95  unknown    Tue 00:21  
[2J[Hsession planx_ms2: started Mon 20:51, budget ends Tue 00:21, now Tue 00:13:10, 4 runs x 3 threads
run           state                            it    s/it   mean mT   N_green  F $/vox   hours  expected   latest     
hframe_thin   running                      94/150      78    100.41         1 2.93e+03    3.34  unknown    Tue 00:21  
hframe_medium running                      92/150     116    116.66         4      777    3.34  unknown    Tue 00:21  
hframe_thick  running                      93/150      93    144.02         3 1.14e+03    3.26  unknown    Tue 00:21  
noise0        finished: no descent step    67/150      84    159.09         1 4.48e+03    1.95  unknown    Tue 00:21  
[2J[Hsession planx_ms2: started Mon 20:51, budget ends Tue 00:21, now Tue 00:13:40, 4 runs x 3 threads
run           state                            it    s/it   mean mT   N_green  F $/vox   hours  expected   latest     
hframe_thin   running                      95/150      78    100.41         0      inf    3.36  unknown    Tue 00:21  
hframe_medium running                      92/150     116    116.66         4      777    3.34  unknown    Tue 00:21  
hframe_thick  running                      93/150      93    144.02         3 1.14e+03    3.26  unknown    Tue 00:21  
noise0        finished: no descent step    67/150      84    159.09         1 4.48e+03    1.95  unknown    Tue 00:21  
[2J[Hsession planx_ms2: started Mon 20:51, budget ends Tue 00:21, now Tue 00:14:10, 4 runs x 3 threads
run           state                            it    s/it   mean mT   N_green  F $/vox   hours  expected   latest     
hframe_thin   running                      95/150      78    100.41         0      inf    3.36  unknown    Tue 00:21  
hframe_medium running                      92/150     116    116.66         4      777    3.34  unknown    Tue 00:21  
hframe_thick  running                      93/150      93    144.02         3 1.14e+03    3.26  unknown    Tue 00:21  
noise0        finished: no descent step    67/150      84    159.09         1 4.48e+03    1.95  unknown    Tue 00:21  
[2J[Hsession planx_ms2: started Mon 20:51, budget ends Tue 00:21, now Tue 00:14:40, 4 runs x 3 threads
run           state                            it    s/it   mean mT   N_green  F $/vox   hours  expected   latest     
hframe_thin   running                      96/150      75    100.43         1 2.93e+03    3.38  unknown    Tue 00:21  
hframe_medium running                      92/150     116    116.66         4      777    3.34  unknown    Tue 00:21  
hframe_thick  running                      93/150      93    144.02         3 1.14e+03    3.26  unknown    Tue 00:21  
noise0        finished: no descent step    67/150      84    159.09         1 4.48e+03    1.95  unknown    Tue 00:21  
[2J[Hsession planx_ms2: started Mon 20:51, budget ends Tue 00:21, now Tue 00:15:10, 4 runs x 3 threads
run           state                            it    s/it   mean mT   N_green  F $/vox   hours  expected   latest     
hframe_thin   running                      96/150      75    100.43         1 2.93e+03    3.38  unknown    Tue 00:21  
hframe_medium running                      93/150     121    116.91         5      623    3.38  unknown    Tue 00:21  
hframe_thick  running                      95/150      93    144.04         3 1.14e+03    3.39  unknown    Tue 00:21  
noise0        finished: no descent step    67/150      84    159.09         1 4.48e+03    1.95  unknown    Tue 00:21  
[2J[Hsession planx_ms2: started Mon 20:51, budget ends Tue 00:21, now Tue 00:15:40, 4 runs x 3 threads
run           state                            it    s/it   mean mT   N_green  F $/vox   hours  expected   latest     
hframe_thin   running                      96/150      75    100.43         1 2.93e+03    3.38  unknown    Tue 00:21  
hframe_medium running                      93/150     121    116.91         5      623    3.38  unknown    Tue 00:21  
hframe_thick  running                      95/150      93    144.04         3 1.14e+03    3.39  unknown    Tue 00:21  
noise0        finished: no descent step    67/150      84    159.09         1 4.48e+03    1.95  unknown    Tue 00:21  
[2J[Hsession planx_ms2: started Mon 20:51, budget ends Tue 00:21, now Tue 00:16:10, 4 runs x 3 threads
run           state                            it    s/it   mean mT   N_green  F $/vox   hours  expected   latest     
hframe_thin   running                      97/150      78    100.44         1 2.93e+03    3.40  unknown    Tue 00:21  
hframe_medium running                      93/150     121    116.91         5      623    3.38  unknown    Tue 00:21  
hframe_thick  running                      95/150      93    144.04         3 1.14e+03    3.39  unknown    Tue 00:21  
noise0        finished: no descent step    67/150      84    159.09         1 4.48e+03    1.95  unknown    Tue 00:21  
[2J[Hsession planx_ms2: started Mon 20:51, budget ends Tue 00:21, now Tue 00:16:40, 4 runs x 3 threads
run           state                            it    s/it   mean mT   N_green  F $/vox   hours  expected   latest     
hframe_thin   running                      97/150      78    100.44         1 2.93e+03    3.40  unknown    Tue 00:21  
hframe_medium running                      94/150     121    117.07         4      778    3.41  unknown    Tue 00:21  
hframe_thick  running                      95/150      93    144.04         3 1.14e+03    3.39  unknown    Tue 00:21  
noise0        finished: no descent step    67/150      84    159.09         1 4.48e+03    1.95  unknown    Tue 00:21  
[2J[Hsession planx_ms2: started Mon 20:51, budget ends Tue 00:21, now Tue 00:17:10, 4 runs x 3 threads
run           state                            it    s/it   mean mT   N_green  F $/vox   hours  expected   latest     
hframe_thin   running                      98/150      78    100.44         1 2.93e+03    3.42  unknown    Tue 00:21  
hframe_medium running                      94/150     121    117.07         4      778    3.41  unknown    Tue 00:21  
hframe_thick  running                      96/150      93    144.08         3 1.14e+03    3.42  unknown    Tue 00:21  
noise0        finished: no descent step    67/150      84    159.09         1 4.48e+03    1.95  unknown    Tue 00:21  
[2J[Hsession planx_ms2: started Mon 20:51, budget ends Tue 00:21, now Tue 00:17:40, 4 runs x 3 threads
run           state                            it    s/it   mean mT   N_green  F $/vox   hours  expected   latest     
hframe_thin   running                      98/150      78    100.44         1 2.93e+03    3.42  unknown    Tue 00:21  
hframe_medium running                      94/150     121    117.07         4      778    3.41  unknown    Tue 00:21  
hframe_thick  running                      96/150      93    144.08         3 1.14e+03    3.42  unknown    Tue 00:21  
noise0        finished: no descent step    67/150      84    159.09         1 4.48e+03    1.95  unknown    Tue 00:21  
[2J[Hsession planx_ms2: started Mon 20:51, budget ends Tue 00:21, now Tue 00:18:10, 4 runs x 3 threads
run           state                            it    s/it   mean mT   N_green  F $/vox   hours  expected   latest     
hframe_thin   running                      99/150      78    100.46         1 2.92e+03    3.44  unknown    Tue 00:21  
hframe_medium running                      94/150     121    117.07         4      778    3.41  unknown    Tue 00:21  
hframe_thick  running                      97/150      93    144.08         3 1.14e+03    3.44  unknown    Tue 00:21  
noise0        finished: no descent step    67/150      84    159.09         1 4.48e+03    1.95  unknown    Tue 00:21  
[2J[Hsession planx_ms2: started Mon 20:51, budget ends Tue 00:21, now Tue 00:18:40, 4 runs x 3 threads
run           state                            it    s/it   mean mT   N_green  F $/vox   hours  expected   latest     
hframe_thin   running                      99/150      78    100.46         1 2.92e+03    3.44  unknown    Tue 00:21  
hframe_medium running                      94/150     121    117.07         4      778    3.41  unknown    Tue 00:21  
hframe_thick  running                      97/150      93    144.08         3 1.14e+03    3.44  unknown    Tue 00:21  
noise0        finished: no descent step    67/150      84    159.09         1 4.48e+03    1.95  unknown    Tue 00:21  
[2J[Hsession planx_ms2: started Mon 20:51, budget ends Tue 00:21, now Tue 00:19:10, 4 runs x 3 threads
run           state                            it    s/it   mean mT   N_green  F $/vox   hours  expected   latest     
hframe_thin   running                      99/150      78    100.46         1 2.92e+03    3.44  unknown    Tue 00:21  
hframe_medium running                      94/150     121    117.07         4      778    3.41  unknown    Tue 00:21  
hframe_thick  running                      97/150      93    144.08         3 1.14e+03    3.44  unknown    Tue 00:21  
noise0        finished: no descent step    67/150      84    159.09         1 4.48e+03    1.95  unknown    Tue 00:21  
[2J[Hsession planx_ms2: started Mon 20:51, budget ends Tue 00:21, now Tue 00:19:40, 4 runs x 3 threads
run           state                            it    s/it   mean mT   N_green  F $/vox   hours  expected   latest     
hframe_thin   running                     100/150      83    100.46         1 2.92e+03    3.46  unknown    Tue 00:21  
hframe_medium running                      94/150     121    117.07         4      778    3.41  unknown    Tue 00:21  
hframe_thick  finished: time budget        98/150      93    144.12         4      854    3.47  unknown    Tue 00:21  
noise0        finished: no descent step    67/150      84    159.09         1 4.48e+03    1.95  unknown    Tue 00:21  
[2J[Hsession planx_ms2: started Mon 20:51, budget ends Tue 00:21, now Tue 00:20:10, 4 runs x 3 threads
run           state                            it    s/it   mean mT   N_green  F $/vox   hours  expected   latest     
hframe_thin   running                     100/150      83    100.46         1 2.92e+03    3.46  unknown    Tue 00:21  
hframe_medium finished: time budget        95/150     121    117.19         4      779    3.47  unknown    Tue 00:21  
hframe_thick  finished: time budget        98/150      93    144.12         4      854    3.47  unknown    Tue 00:21  
noise0        finished: no descent step    67/150      84    159.09         1 4.48e+03    1.95  unknown    Tue 00:21  
[2J[Hsession planx_ms2: started Mon 20:51, budget ends Tue 00:21, now Tue 00:20:40, 4 runs x 3 threads
run           state                            it    s/it   mean mT   N_green  F $/vox   hours  expected   latest     
hframe_thin   finished: time budget       101/150      78    100.49         1 2.92e+03    3.48  unknown    Tue 00:21  
hframe_medium finished: time budget        95/150     121    117.19         4      779    3.47  unknown    Tue 00:21  
hframe_thick  finished: time budget        98/150      93    144.12         4      854    3.47  unknown    Tue 00:21  
noise0        finished: no descent step    67/150      84    159.09         1 4.48e+03    1.95  unknown    Tue 00:21  
[2J[Hsession planx_ms2: started Tue 00:20, budget ends Tue 03:50, now Tue 00:20:40, 4 runs x 3 threads
run           state                            it    s/it   mean mT   N_green  F $/vox   hours  expected   latest     
noise1        starting                                                                                                
noise2        starting                                                                                                
noise3        starting                                                                                                
noise4        starting                                                                                                
[2J[Hsession planx_ms2: started Tue 00:20, budget ends Tue 03:50, now Tue 00:21:10, 4 runs x 3 threads
run           state                            it    s/it   mean mT   N_green  F $/vox   hours  expected   latest     
noise1        starting                                                                                                
noise2        starting                                                                                                
noise3        starting                                                                                                
noise4        starting                                                                                                
[2J[Hsession planx_ms2: started Tue 00:20, budget ends Tue 03:50, now Tue 00:21:40, 4 runs x 3 threads
run           state                            it    s/it   mean mT   N_green  F $/vox   hours  expected   latest     
noise1        starting                                                                                                
noise2        starting                                                                                                
noise3        starting                                                                                                
noise4        starting                                                                                                
[2J[Hsession planx_ms2: started Tue 00:20, budget ends Tue 03:50, now Tue 00:22:10, 4 runs x 3 threads
run           state                            it    s/it   mean mT   N_green  F $/vox   hours  expected   latest     
noise1        starting                                                                                                
noise2        starting                                                                                                
noise3        starting                                                                                                
noise4        starting                                                                                                
[2J[Hsession planx_ms2: started Tue 00:20, budget ends Tue 03:50, now Tue 00:22:40, 4 runs x 3 threads
run           state                            it    s/it   mean mT   N_green  F $/vox   hours  expected   latest     
noise1        starting                                                                                                
noise2        starting                                                                                                
noise3        starting                                                                                                
noise4        starting                                                                                                
[2J[Hsession planx_ms2: started Tue 00:20, budget ends Tue 03:50, now Tue 00:23:10, 4 runs x 3 threads
run           state                            it    s/it   mean mT   N_green  F $/vox   hours  expected   latest     
noise1        starting                                                                                                
noise2        running                       0/150             18.64         0      inf    0.03  unknown    Tue 03:50  
noise3        running                       0/150              1.18         0      inf    0.04  unknown    Tue 03:50  
noise4        running                       0/150              1.88         0      inf    0.04  unknown    Tue 03:50  
[2J[Hsession planx_ms2: started Tue 00:20, budget ends Tue 03:50, now Tue 00:23:40, 4 runs x 3 threads
run           state                            it    s/it   mean mT   N_green  F $/vox   hours  expected   latest     
noise1        running                       0/150              3.33         0      inf    0.04  unknown    Tue 03:50  
noise2        running                       0/150             18.64         0      inf    0.03  unknown    Tue 03:50  
noise3        running                       0/150              1.18         0      inf    0.04  unknown    Tue 03:50  
noise4        running                       0/150              1.88         0      inf    0.04  unknown    Tue 03:50  
[2J[Hsession planx_ms2: started Tue 00:20, budget ends Tue 03:50, now Tue 00:24:10, 4 runs x 3 threads
run           state                            it    s/it   mean mT   N_green  F $/vox   hours  expected   latest     
noise1        running                       0/150              3.33         0      inf    0.04  unknown    Tue 03:50  
noise2        running                       0/150             18.64         0      inf    0.03  unknown    Tue 03:50  
noise3        running                       0/150              1.18         0      inf    0.04  unknown    Tue 03:50  
noise4        running                       0/150              1.88         0      inf    0.04  unknown    Tue 03:50  
[2J[Hsession planx_ms2: started Tue 00:20, budget ends Tue 03:50, now Tue 00:24:40, 4 runs x 3 threads
run           state                            it    s/it   mean mT   N_green  F $/vox   hours  expected   latest     
noise1        running                       1/150      80      3.98         0      inf    0.06  unknown    Tue 03:42  
noise2        running                       1/150     100     25.93         0      inf    0.06  unknown    Tue 03:50  
noise3        running                       1/150      89      1.55         0      inf    0.06  unknown    Tue 03:50  
noise4        running                       1/150      88      2.30         0      inf    0.06  unknown    Tue 03:50  
[2J[Hsession planx_ms2: started Tue 00:20, budget ends Tue 03:50, now Tue 00:25:10, 4 runs x 3 threads
run           state                            it    s/it   mean mT   N_green  F $/vox   hours  expected   latest     
noise1        running                       1/150      80      3.98         0      inf    0.06  unknown    Tue 03:42  
noise2        running                       1/150     100     25.93         0      inf    0.06  unknown    Tue 03:50  
noise3        running                       1/150      89      1.55         0      inf    0.06  unknown    Tue 03:50  
noise4        running                       1/150      88      2.30         0      inf    0.06  unknown    Tue 03:50  
[2J[Hsession planx_ms2: started Tue 00:20, budget ends Tue 03:50, now Tue 00:25:40, 4 runs x 3 threads
run           state                            it    s/it   mean mT   N_green  F $/vox   hours  expected   latest     
noise1        running                       1/150      80      3.98         0      inf    0.06  unknown    Tue 03:42  
noise2        running                       1/150     100     25.93         0      inf    0.06  unknown    Tue 03:50  
noise3        running                       1/150      89      1.55         0      inf    0.06  unknown    Tue 03:50  
noise4        running                       1/150      88      2.30         0      inf    0.06  unknown    Tue 03:50  
[2J[Hsession planx_ms2: started Tue 00:20, budget ends Tue 03:50, now Tue 00:26:10, 4 runs x 3 threads
run           state                            it    s/it   mean mT   N_green  F $/vox   hours  expected   latest     
noise1        running                       1/150      80      3.98         0      inf    0.06  unknown    Tue 03:42  
noise2        running                       1/150     100     25.93         0      inf    0.06  unknown    Tue 03:50  
noise3        running                       2/150      83      1.98         0      inf    0.09  unknown    Tue 03:50  
noise4        running                       1/150      88      2.30         0      inf    0.06  unknown    Tue 03:50  
[2J[Hsession planx_ms2: started Tue 00:20, budget ends Tue 03:50, now Tue 00:26:40, 4 runs x 3 threads
run           state                            it    s/it   mean mT   N_green  F $/vox   hours  expected   latest     
noise1        running                       2/150      93      5.37         0      inf    0.09  unknown    Tue 03:50  
noise2        running                       2/150     103     30.59         0      inf    0.09  unknown    Tue 03:50  
noise3        running                       2/150      83      1.98         0      inf    0.09  unknown    Tue 03:50  
noise4        running                       2/150      92      2.90         0      inf    0.09  unknown    Tue 03:50  
[2J[Hsession planx_ms2: started Tue 00:20, budget ends Tue 03:50, now Tue 00:27:10, 4 runs x 3 threads
run           state                            it    s/it   mean mT   N_green  F $/vox   hours  expected   latest     
noise1        running                       2/150      93      5.37         0      inf    0.09  unknown    Tue 03:50  
noise2        running                       2/150     103     30.59         0      inf    0.09  unknown    Tue 03:50  
noise3        running                       2/150      83      1.98         0      inf    0.09  unknown    Tue 03:50  
noise4        running                       2/150      92      2.90         0      inf    0.09  unknown    Tue 03:50  
[2J[Hsession planx_ms2: started Tue 00:20, budget ends Tue 03:50, now Tue 00:27:40, 4 runs x 3 threads
run           state                            it    s/it   mean mT   N_green  F $/vox   hours  expected   latest     
noise1        running                       2/150      93      5.37         0      inf    0.09  unknown    Tue 03:50  
noise2        running                       2/150     103     30.59         0      inf    0.09  unknown    Tue 03:50  
noise3        running                       3/150      83      2.50         0      inf    0.11  unknown    Tue 03:49  
noise4        running                       2/150      92      2.90         0      inf    0.09  unknown    Tue 03:50  
[2J[Hsession planx_ms2: started Tue 00:20, budget ends Tue 03:50, now Tue 00:28:10, 4 runs x 3 threads
run           state                            it    s/it   mean mT   N_green  F $/vox   hours  expected   latest     
noise1        running                       3/150      80      7.24         0      inf    0.12  unknown    Tue 03:44  
noise2        running                       3/150     105     33.72         0      inf    0.12  unknown    Tue 03:50  
noise3        running                       3/150      83      2.50         0      inf    0.11  unknown    Tue 03:49  
noise4        running                       2/150      92      2.90         0      inf    0.09  unknown    Tue 03:50  
[2J[Hsession planx_ms2: started Tue 00:20, budget ends Tue 03:50, now Tue 00:28:40, 4 runs x 3 threads
run           state                            it    s/it   mean mT   N_green  F $/vox   hours  expected   latest     
noise1        running                       3/150      80      7.24         0      inf    0.12  unknown    Tue 03:44  
noise2        running                       3/150     105     33.72         0      inf    0.12  unknown    Tue 03:50  
noise3        running                       3/150      83      2.50         0      inf    0.11  unknown    Tue 03:49  
noise4        running                       2/150      92      2.90         0      inf    0.09  unknown    Tue 03:50  
[2J[Hsession planx_ms2: started Tue 00:20, budget ends Tue 03:50, now Tue 00:29:10, 4 runs x 3 threads
run           state                            it    s/it   mean mT   N_green  F $/vox   hours  expected   latest     
noise1        running                       3/150      80      7.24         0      inf    0.12  unknown    Tue 03:44  
noise2        running                       3/150     105     33.72         0      inf    0.12  unknown    Tue 03:50  
noise3        running                       4/150      86      4.03         0      inf    0.14  unknown    Tue 03:50  
noise4        running                       3/150      96      3.85         0      inf    0.14  unknown    Tue 03:50  
[2J[Hsession planx_ms2: started Tue 00:20, budget ends Tue 03:50, now Tue 00:29:40, 4 runs x 3 threads
run           state                            it    s/it   mean mT   N_green  F $/vox   hours  expected   latest     
noise1        running                       4/150      83      8.90         0      inf    0.14  unknown    Tue 03:50  
noise2        running                       3/150     105     33.72         0      inf    0.12  unknown    Tue 03:50  
noise3        running                       4/150      86      4.03         0      inf    0.14  unknown    Tue 03:50  
noise4        running                       3/150      96      3.85         0      inf    0.14  unknown    Tue 03:50  
[2J[Hsession planx_ms2: started Tue 00:20, budget ends Tue 03:50, now Tue 00:30:10, 4 runs x 3 threads
run           state                            it    s/it   mean mT   N_green  F $/vox   hours  expected   latest     
noise1        running                       4/150      83      8.90         0      inf    0.14  unknown    Tue 03:50  
noise2        running                       4/150     102     37.05         0      inf    0.15  unknown    Tue 03:50  
noise3        running                       4/150      86      4.03         0      inf    0.14  unknown    Tue 03:50  
noise4        running                       3/150      96      3.85         0      inf    0.14  unknown    Tue 03:50  
[2J[Hsession planx_ms2: started Tue 00:20, budget ends Tue 03:50, now Tue 00:30:40, 4 runs x 3 threads
run           state                            it    s/it   mean mT   N_green  F $/vox   hours  expected   latest     
noise1        running                       5/150      80      9.98         0      inf    0.16  unknown    Tue 03:44  
noise2        running                       4/150     102     37.05         0      inf    0.15  unknown    Tue 03:50  
noise3        running                       5/150      85      7.22         0      inf    0.16  unknown    Tue 03:50  
noise4        running                       3/150      96      3.85         0      inf    0.14  unknown    Tue 03:50  
[2J[Hsession planx_ms2: started Tue 00:20, budget ends Tue 03:50, now Tue 00:31:10, 4 runs x 3 threads
run           state                            it    s/it   mean mT   N_green  F $/vox   hours  expected   latest     
noise1        running                       5/150      80      9.98         0      inf    0.16  unknown    Tue 03:44  
noise2        running                       4/150     102     37.05         0      inf    0.15  unknown    Tue 03:50  
noise3        running                       5/150      85      7.22         0      inf    0.16  unknown    Tue 03:50  
noise4        running                       3/150      96      3.85         0      inf    0.14  unknown    Tue 03:50  
[2J[Hsession planx_ms2: started Tue 00:20, budget ends Tue 03:50, now Tue 00:31:40, 4 runs x 3 threads
run           state                            it    s/it   mean mT   N_green  F $/vox   hours  expected   latest     
noise1        running                       6/150      80     11.07         0      inf    0.18  unknown    Tue 03:43  
noise2        running                       5/150     102     40.33         0      inf    0.18  unknown    Tue 03:50  
noise3        running                       5/150      85      7.22         0      inf    0.16  unknown    Tue 03:50  
noise4        running                       4/150     113      7.18         0      inf    0.18  unknown    Tue 03:50  
[2J[Hsession planx_ms2: started Tue 00:20, budget ends Tue 03:50, now Tue 00:32:10, 4 runs x 3 threads
run           state                            it    s/it   mean mT   N_green  F $/vox   hours  expected   latest     
noise1        running                       6/150      80     11.07         0      inf    0.18  unknown    Tue 03:43  
noise2        running                       5/150     102     40.33         0      inf    0.18  unknown    Tue 03:50  
noise3        running                       6/150      84      9.22         0      inf    0.18  unknown    Tue 03:50  
noise4        running                       4/150     113      7.18         0      inf    0.18  unknown    Tue 03:50  
[2J[Hsession planx_ms2: started Tue 00:20, budget ends Tue 03:50, now Tue 00:32:40, 4 runs x 3 threads
run           state                            it    s/it   mean mT   N_green  F $/vox   hours  expected   latest     
noise1        running                       7/150      80     12.09         0      inf    0.20  unknown    Tue 03:42  
noise2        running                       5/150     102     40.33         0      inf    0.18  unknown    Tue 03:50  
noise3        running                       6/150      84      9.22         0      inf    0.18  unknown    Tue 03:50  
noise4        running                       4/150     113      7.18         0      inf    0.18  unknown    Tue 03:50  
[2J[Hsession planx_ms2: started Tue 00:20, budget ends Tue 03:50, now Tue 00:33:10, 4 runs x 3 threads
run           state                            it    s/it   mean mT   N_green  F $/vox   hours  expected   latest     
noise1        running                       7/150      80     12.09         0      inf    0.20  unknown    Tue 03:42  
noise2        running                       6/150     101     43.28         0      inf    0.21  unknown    Tue 03:50  
noise3        running                       6/150      84      9.22         0      inf    0.18  unknown    Tue 03:50  
noise4        running                       4/150     113      7.18         0      inf    0.18  unknown    Tue 03:50  
[2J[Hsession planx_ms2: started Tue 00:20, budget ends Tue 03:50, now Tue 00:33:40, 4 runs x 3 threads
run           state                            it    s/it   mean mT   N_green  F $/vox   hours  expected   latest     
noise1        running                       7/150      80     12.09         0      inf    0.20  unknown    Tue 03:42  
noise2        running                       6/150     101     43.28         0      inf    0.21  unknown    Tue 03:50  
noise3        running                       7/150      85     10.26         0      inf    0.21  unknown    Tue 03:50  
noise4        running                       5/150     129     11.51         0      inf    0.21  unknown    Tue 03:50  
[2J[Hsession planx_ms2: started Tue 00:20, budget ends Tue 03:50, now Tue 00:34:10, 4 runs x 3 threads
run           state                            it    s/it   mean mT   N_green  F $/vox   hours  expected   latest     
noise1        running                       8/150      76     12.96         0      inf    0.22  unknown    Tue 03:34  
noise2        running                       6/150     101     43.28         0      inf    0.21  unknown    Tue 03:50  
noise3        running                       7/150      85     10.26         0      inf    0.21  unknown    Tue 03:50  
noise4        running                       5/150     129     11.51         0      inf    0.21  unknown    Tue 03:50  
[2J[Hsession planx_ms2: started Tue 00:20, budget ends Tue 03:50, now Tue 00:34:40, 4 runs x 3 threads
run           state                            it    s/it   mean mT   N_green  F $/vox   hours  expected   latest     
noise1        running                       8/150      76     12.96         0      inf    0.22  unknown    Tue 03:34  
noise2        running                       6/150     101     43.28         0      inf    0.21  unknown    Tue 03:50  
noise3        running                       8/150      84     11.18         0      inf    0.23  unknown    Tue 03:50  
noise4        running                       5/150     129     11.51         0      inf    0.21  unknown    Tue 03:50  
[2J[Hsession planx_ms2: started Tue 00:20, budget ends Tue 03:50, now Tue 00:35:10, 4 runs x 3 threads
run           state                            it    s/it   mean mT   N_green  F $/vox   hours  expected   latest     
noise1        running                       8/150      76     12.96         0      inf    0.22  unknown    Tue 03:34  
noise2        running                       7/150     102     45.71         0      inf    0.24  unknown    Tue 03:50  
noise3        running                       8/150      84     11.18         0      inf    0.23  unknown    Tue 03:50  
noise4        running                       5/150     129     11.51         0      inf    0.21  unknown    Tue 03:50  
[2J[Hsession planx_ms2: started Tue 00:20, budget ends Tue 03:50, now Tue 00:35:40, 4 runs x 3 threads
run           state                            it    s/it   mean mT   N_green  F $/vox   hours  expected   latest     
noise1        running                       9/150      74     13.85         0      inf    0.24  unknown    Tue 03:28  
noise2        running                       7/150     102     45.71         0      inf    0.24  unknown    Tue 03:50  
noise3        running                       8/150      84     11.18         0      inf    0.23  unknown    Tue 03:50  
noise4        running                       5/150     129     11.51         0      inf    0.21  unknown    Tue 03:50  
[2J[Hsession planx_ms2: started Tue 00:20, budget ends Tue 03:50, now Tue 00:36:10, 4 runs x 3 threads
run           state                            it    s/it   mean mT   N_green  F $/vox   hours  expected   latest     
noise1        running                       9/150      74     13.85         0      inf    0.24  unknown    Tue 03:28  
noise2        running                       7/150     102     45.71         0      inf    0.24  unknown    Tue 03:50  
noise3        running                       8/150      84     11.18         0      inf    0.23  unknown    Tue 03:50  
noise4        running                       6/150     130     17.65         0      inf    0.25  unknown    Tue 03:50  
[2J[Hsession planx_ms2: started Tue 00:20, budget ends Tue 03:50, now Tue 00:36:40, 4 runs x 3 threads
run           state                            it    s/it   mean mT   N_green  F $/vox   hours  expected   latest     
noise1        running                      10/150      74     14.73         0      inf    0.26  unknown    Tue 03:28  
noise2        running                       8/150     101     48.34         0      inf    0.26  unknown    Tue 03:50  
noise3        running                       9/150      85     11.97         0      inf    0.26  unknown    Tue 03:50  
noise4        running                       6/150     130     17.65         0      inf    0.25  unknown    Tue 03:50  
[2J[Hsession planx_ms2: started Tue 00:20, budget ends Tue 03:50, now Tue 00:37:10, 4 runs x 3 threads
run           state                            it    s/it   mean mT   N_green  F $/vox   hours  expected   latest     
noise1        running                      10/150      74     14.73         0      inf    0.26  unknown    Tue 03:28  
noise2        running                       8/150     101     48.34         0      inf    0.26  unknown    Tue 03:50  
noise3        running                       9/150      85     11.97         0      inf    0.26  unknown    Tue 03:50  
noise4        running                       6/150     130     17.65         0      inf    0.25  unknown    Tue 03:50  
[2J[Hsession planx_ms2: started Tue 00:20, budget ends Tue 03:50, now Tue 00:37:40, 4 runs x 3 threads
run           state                            it    s/it   mean mT   N_green  F $/vox   hours  expected   latest     
noise1        running                      11/150      73     15.77         0      inf    0.28  unknown    Tue 03:27  
noise2        running                       8/150     101     48.34         0      inf    0.26  unknown    Tue 03:50  
noise3        running                       9/150      85     11.97         0      inf    0.26  unknown    Tue 03:50  
noise4        running                       6/150     130     17.65         0      inf    0.25  unknown    Tue 03:50  
[2J[Hsession planx_ms2: started Tue 00:20, budget ends Tue 03:50, now Tue 00:38:10, 4 runs x 3 threads
run           state                            it    s/it   mean mT   N_green  F $/vox   hours  expected   latest     
noise1        running                      11/150      73     15.77         0      inf    0.28  unknown    Tue 03:27  
noise2        running                       8/150     101     48.34         0      inf    0.26  unknown    Tue 03:50  
noise3        running                       9/150      85     11.97         0      inf    0.26  unknown    Tue 03:50  
noise4        running                       7/150     129     19.64         0      inf    0.28  unknown    Tue 03:50  
[2J[Hsession planx_ms2: started Tue 00:20, budget ends Tue 03:50, now Tue 00:38:40, 4 runs x 3 threads
run           state                            it    s/it   mean mT   N_green  F $/vox   hours  expected   latest     
noise1        running                      12/150      73     16.65         0      inf    0.30  unknown    Tue 03:26  
noise2        running                       9/150     102     50.28         0      inf    0.29  unknown    Tue 03:50  
noise3        running                      10/150      85     12.89         0      inf    0.29  unknown    Tue 03:50  
noise4        running                       7/150     129     19.64         0      inf    0.28  unknown    Tue 03:50  
[2J[Hsession planx_ms2: started Tue 00:20, budget ends Tue 03:50, now Tue 00:39:10, 4 runs x 3 threads
run           state                            it    s/it   mean mT   N_green  F $/vox   hours  expected   latest     
noise1        running                      12/150      73     16.65         0      inf    0.30  unknown    Tue 03:26  
noise2        running                       9/150     102     50.28         0      inf    0.29  unknown    Tue 03:50  
noise3        running                      10/150      85     12.89         0      inf    0.29  unknown    Tue 03:50  
noise4        running                       7/150     129     19.64         0      inf    0.28  unknown    Tue 03:50  
[2J[Hsession planx_ms2: started Tue 00:20, budget ends Tue 03:50, now Tue 00:39:40, 4 runs x 3 threads
run           state                            it    s/it   mean mT   N_green  F $/vox   hours  expected   latest     
noise1        running                      12/150      73     16.65         0      inf    0.30  unknown    Tue 03:26  
noise2        running                       9/150     102     50.28         0      inf    0.29  unknown    Tue 03:50  
noise3        running                      10/150      85     12.89         0      inf    0.29  unknown    Tue 03:50  
noise4        running                       7/150     129     19.64         0      inf    0.28  unknown    Tue 03:50  
[2J[Hsession planx_ms2: started Tue 00:20, budget ends Tue 03:50, now Tue 00:40:10, 4 runs x 3 threads
run           state                            it    s/it   mean mT   N_green  F $/vox   hours  expected   latest     
noise1        running                      13/150      73     17.35         0      inf    0.32  unknown    Tue 03:27  
noise2        running                       9/150     102     50.28         0      inf    0.29  unknown    Tue 03:50  
noise3        running                      11/150      86     13.98         0      inf    0.32  unknown    Tue 03:50  
noise4        running                       8/150     122     22.49         0      inf    0.32  unknown    Tue 03:50  
[2J[Hsession planx_ms2: started Tue 00:20, budget ends Tue 03:50, now Tue 00:40:40, 4 runs x 3 threads
run           state                            it    s/it   mean mT   N_green  F $/vox   hours  expected   latest     
noise1        running                      13/150      73     17.35         0      inf    0.32  unknown    Tue 03:27  
noise2        running                       9/150     102     50.28         0      inf    0.29  unknown    Tue 03:50  
noise3        running                      11/150      86     13.98         0      inf    0.32  unknown    Tue 03:50  
noise4        running                       8/150     122     22.49         0      inf    0.32  unknown    Tue 03:50  
[2J[Hsession planx_ms2: started Tue 00:20, budget ends Tue 03:50, now Tue 00:41:10, 4 runs x 3 threads
run           state                            it    s/it   mean mT   N_green  F $/vox   hours  expected   latest     
noise1        running                      14/150      73     18.01         0      inf    0.34  unknown    Tue 03:26  
noise2        running                       9/150     102     50.28         0      inf    0.29  unknown    Tue 03:50  
noise3        running                      11/150      86     13.98         0      inf    0.32  unknown    Tue 03:50  
noise4        running                       8/150     122     22.49         0      inf    0.32  unknown    Tue 03:50  
[2J[Hsession planx_ms2: started Tue 00:20, budget ends Tue 03:50, now Tue 00:41:40, 4 runs x 3 threads
run           state                            it    s/it   mean mT   N_green  F $/vox   hours  expected   latest     
noise1        running                      14/150      73     18.01         0      inf    0.34  unknown    Tue 03:26  
noise2        running                      10/150     102     51.70         0      inf    0.34  unknown    Tue 03:50  
noise3        running                      12/150      85     15.27         0      inf    0.34  unknown    Tue 03:50  
noise4        running                       8/150     122     22.49         0      inf    0.32  unknown    Tue 03:50  
[2J[Hsession planx_ms2: started Tue 00:20, budget ends Tue 03:50, now Tue 00:42:10, 4 runs x 3 threads
run           state                            it    s/it   mean mT   N_green  F $/vox   hours  expected   latest     
noise1        running                      14/150      73     18.01         0      inf    0.34  unknown    Tue 03:26  
noise2        running                      10/150     102     51.70         0      inf    0.34  unknown    Tue 03:50  
noise3        running                      12/150      85     15.27         0      inf    0.34  unknown    Tue 03:50  
noise4        running                       9/150     129     26.69         0      inf    0.35  unknown    Tue 03:50  
[2J[Hsession planx_ms2: started Tue 00:20, budget ends Tue 03:50, now Tue 00:42:40, 4 runs x 3 threads
run           state                            it    s/it   mean mT   N_green  F $/vox   hours  expected   latest     
noise1        running                      15/150      73     18.79         0      inf    0.36  unknown    Tue 03:27  
noise2        running                      10/150     102     51.70         0      inf    0.34  unknown    Tue 03:50  
noise3        running                      13/150      85     16.66         0      inf    0.36  unknown    Tue 03:50  
noise4        running                       9/150     129     26.69         0      inf    0.35  unknown    Tue 03:50  
[2J[Hsession planx_ms2: started Tue 00:20, budget ends Tue 03:50, now Tue 00:43:10, 4 runs x 3 threads
run           state                            it    s/it   mean mT   N_green  F $/vox   hours  expected   latest     
noise1        running                      15/150      73     18.79         0      inf    0.36  unknown    Tue 03:27  
noise2        running                      10/150     102     51.70         0      inf    0.34  unknown    Tue 03:50  
noise3        running                      13/150      85     16.66         0      inf    0.36  unknown    Tue 03:50  
noise4        running                       9/150     129     26.69         0      inf    0.35  unknown    Tue 03:50  
[2J[Hsession planx_ms2: started Tue 00:20, budget ends Tue 03:50, now Tue 00:43:40, 4 runs x 3 threads
run           state                            it    s/it   mean mT   N_green  F $/vox   hours  expected   latest     
noise1        running                      15/150      73     18.79         0      inf    0.36  unknown    Tue 03:27  
noise2        running                      10/150     102     51.70         0      inf    0.34  unknown    Tue 03:50  
noise3        running                      13/150      85     16.66         0      inf    0.36  unknown    Tue 03:50  
noise4        running                       9/150     129     26.69         0      inf    0.35  unknown    Tue 03:50  
[2J[Hsession planx_ms2: started Tue 00:20, budget ends Tue 03:50, now Tue 00:44:10, 4 runs x 3 threads
run           state                            it    s/it   mean mT   N_green  F $/vox   hours  expected   latest     
noise1        running                      16/150      73     19.81         0      inf    0.39  unknown    Tue 03:27  
noise2        running                      11/150     102     53.17         0      inf    0.39  unknown    Tue 03:50  
noise3        running                      14/150      84     18.15         0      inf    0.39  unknown    Tue 03:50  
noise4        running                      10/150     128     32.87         0      inf    0.39  unknown    Tue 03:50  
[2J[Hsession planx_ms2: started Tue 00:20, budget ends Tue 03:50, now Tue 00:44:40, 4 runs x 3 threads
run           state                            it    s/it   mean mT   N_green  F $/vox   hours  expected   latest     
noise1        running                      16/150      73     19.81         0      inf    0.39  unknown    Tue 03:27  
noise2        running                      11/150     102     53.17         0      inf    0.39  unknown    Tue 03:50  
noise3        running                      14/150      84     18.15         0      inf    0.39  unknown    Tue 03:50  
noise4        running                      10/150     128     32.87         0      inf    0.39  unknown    Tue 03:50  
[2J[Hsession planx_ms2: started Tue 00:20, budget ends Tue 03:50, now Tue 00:45:10, 4 runs x 3 threads
run           state                            it    s/it   mean mT   N_green  F $/vox   hours  expected   latest     
noise1        running                      16/150      73     19.81         0      inf    0.39  unknown    Tue 03:27  
noise2        running                      11/150     102     53.17         0      inf    0.39  unknown    Tue 03:50  
noise3        running                      14/150      84     18.15         0      inf    0.39  unknown    Tue 03:50  
noise4        running                      10/150     128     32.87         0      inf    0.39  unknown    Tue 03:50  
[2J[Hsession planx_ms2: started Tue 00:20, budget ends Tue 03:50, now Tue 00:45:40, 4 runs x 3 threads
run           state                            it    s/it   mean mT   N_green  F $/vox   hours  expected   latest     
noise1        running                      17/150      73     21.18         0      inf    0.41  unknown    Tue 03:27  
noise2        running                      11/150     102     53.17         0      inf    0.39  unknown    Tue 03:50  
noise3        running                      15/150      83     20.18         0      inf    0.41  unknown    Tue 03:50  
noise4        running                      10/150     128     32.87         0      inf    0.39  unknown    Tue 03:50  
[2J[Hsession planx_ms2: started Tue 00:20, budget ends Tue 03:50, now Tue 00:46:10, 4 runs x 3 threads
run           state                            it    s/it   mean mT   N_green  F $/vox   hours  expected   latest     
noise1        running                      17/150      73     21.18         0      inf    0.41  unknown    Tue 03:27  
noise2        running                      11/150     102     53.17         0      inf    0.39  unknown    Tue 03:50  
noise3        running                      15/150      83     20.18         0      inf    0.41  unknown    Tue 03:50  
noise4        running                      10/150     128     32.87         0      inf    0.39  unknown    Tue 03:50  
[2J[Hsession planx_ms2: started Tue 00:20, budget ends Tue 03:50, now Tue 00:46:40, 4 runs x 3 threads
run           state                            it    s/it   mean mT   N_green  F $/vox   hours  expected   latest     
noise1        running                      18/150      73     22.90         0      inf    0.43  unknown    Tue 03:26  
noise2        running                      12/150     103     55.25         0      inf    0.43  unknown    Tue 03:50  
noise3        running                      16/150      80     22.66         0      inf    0.43  unknown    Tue 03:46  
noise4        running                      11/150     129     37.90         0      inf    0.43  unknown    Tue 03:50  
[2J[Hsession planx_ms2: started Tue 00:20, budget ends Tue 03:50, now Tue 00:47:11, 4 runs x 3 threads
run           state                            it    s/it   mean mT   N_green  F $/vox   hours  expected   latest     
noise1        running                      18/150      73     22.90         0      inf    0.43  unknown    Tue 03:26  
noise2        running                      12/150     103     55.25         0      inf    0.43  unknown    Tue 03:50  
noise3        running                      16/150      80     22.66         0      inf    0.43  unknown    Tue 03:46  
noise4        running                      11/150     129     37.90         0      inf    0.43  unknown    Tue 03:50  
[2J[Hsession planx_ms2: started Tue 00:20, budget ends Tue 03:50, now Tue 00:47:41, 4 runs x 3 threads
run           state                            it    s/it   mean mT   N_green  F $/vox   hours  expected   latest     
noise1        running                      18/150      73     22.90         0      inf    0.43  unknown    Tue 03:26  
noise2        running                      12/150     103     55.25         0      inf    0.43  unknown    Tue 03:50  
noise3        running                      16/150      80     22.66         0      inf    0.43  unknown    Tue 03:46  
noise4        running                      11/150     129     37.90         0      inf    0.43  unknown    Tue 03:50  
[2J[Hsession planx_ms2: started Tue 00:20, budget ends Tue 03:50, now Tue 00:48:11, 4 runs x 3 threads
run           state                            it    s/it   mean mT   N_green  F $/vox   hours  expected   latest     
noise1        running                      19/150      72     25.05         0      inf    0.45  unknown    Tue 03:23  
noise2        running                      12/150     103     55.25         0      inf    0.43  unknown    Tue 03:50  
noise3        running                      17/150      80     24.11         0      inf    0.45  unknown    Tue 03:45  
noise4        running                      11/150     129     37.90         0      inf    0.43  unknown    Tue 03:50  
[2J[Hsession planx_ms2: started Tue 00:20, budget ends Tue 03:50, now Tue 00:48:41, 4 runs x 3 threads
run           state                            it    s/it   mean mT   N_green  F $/vox   hours  expected   latest     
noise1        running                      19/150      72     25.05         0      inf    0.45  unknown    Tue 03:23  
noise2        running                      12/150     103     55.25         0      inf    0.43  unknown    Tue 03:50  
noise3        running                      17/150      80     24.11         0      inf    0.45  unknown    Tue 03:45  
noise4        running                      12/150     128     40.34         0      inf    0.46  unknown    Tue 03:50  
[2J[Hsession planx_ms2: started Tue 00:20, budget ends Tue 03:50, now Tue 00:49:11, 4 runs x 3 threads
run           state                            it    s/it   mean mT   N_green  F $/vox   hours  expected   latest     
noise1        running                      20/150      72     27.22         0      inf    0.47  unknown    Tue 03:23  
noise2        running                      12/150     103     55.25         0      inf    0.43  unknown    Tue 03:50  
noise3        running                      17/150      80     24.11         0      inf    0.45  unknown    Tue 03:45  
noise4        running                      12/150     128     40.34         0      inf    0.46  unknown    Tue 03:50  
[2J[Hsession planx_ms2: started Tue 00:20, budget ends Tue 03:50, now Tue 00:49:41, 4 runs x 3 threads
run           state                            it    s/it   mean mT   N_green  F $/vox   hours  expected   latest     
noise1        running                      20/150      72     27.22         0      inf    0.47  unknown    Tue 03:23  
noise2        running                      12/150     103     55.25         0      inf    0.43  unknown    Tue 03:50  
noise3        running                      18/150      80     25.88         0      inf    0.48  unknown    Tue 03:46  
noise4        running                      12/150     128     40.34         0      inf    0.46  unknown    Tue 03:50  
[2J[Hsession planx_ms2: started Tue 00:20, budget ends Tue 03:50, now Tue 00:50:11, 4 runs x 3 threads
run           state                            it    s/it   mean mT   N_green  F $/vox   hours  expected   latest     
noise1        running                      21/150      72     29.29         1 3.99e+03    0.49  unknown    Tue 03:23  
noise2        running                      12/150     103     55.25         0      inf    0.43  unknown    Tue 03:50  
noise3        running                      18/150      80     25.88         0      inf    0.48  unknown    Tue 03:46  
noise4        running                      12/150     128     40.34         0      inf    0.46  unknown    Tue 03:50  
[2J[Hsession planx_ms2: started Tue 00:20, budget ends Tue 03:50, now Tue 00:50:41, 4 runs x 3 threads
run           state                            it    s/it   mean mT   N_green  F $/vox   hours  expected   latest     
noise1        running                      21/150      72     29.29         1 3.99e+03    0.49  unknown    Tue 03:23  
noise2        running                      12/150     103     55.25         0      inf    0.43  unknown    Tue 03:50  
noise3        running                      18/150      80     25.88         0      inf    0.48  unknown    Tue 03:46  
noise4        running                      12/150     128     40.34         0      inf    0.46  unknown    Tue 03:50  
[2J[Hsession planx_ms2: started Tue 00:20, budget ends Tue 03:50, now Tue 00:51:11, 4 runs x 3 threads
run           state                            it    s/it   mean mT   N_green  F $/vox   hours  expected   latest     
noise1        running                      21/150      72     29.29         1 3.99e+03    0.49  unknown    Tue 03:23  
noise2        running                      13/150     103     56.43         0      inf    0.50  unknown    Tue 03:50  
noise3        running                      19/150      80     28.38         0      inf    0.50  unknown    Tue 03:46  
noise4        running                      13/150     129     43.60         0      inf    0.50  unknown    Tue 03:50  
[2J[Hsession planx_ms2: started Tue 00:20, budget ends Tue 03:50, now Tue 00:51:41, 4 runs x 3 threads
run           state                            it    s/it   mean mT   N_green  F $/vox   hours  expected   latest     
noise1        running                      22/150      72     31.00         0      inf    0.52  unknown    Tue 03:24  
noise2        running                      13/150     103     56.43         0      inf    0.50  unknown    Tue 03:50  
noise3        running                      19/150      80     28.38         0      inf    0.50  unknown    Tue 03:46  
noise4        running                      13/150     129     43.60         0      inf    0.50  unknown    Tue 03:50  
[2J[Hsession planx_ms2: started Tue 00:20, budget ends Tue 03:50, now Tue 00:52:11, 4 runs x 3 threads
run           state                            it    s/it   mean mT   N_green  F $/vox   hours  expected   latest     
noise1        running                      22/150      72     31.00         0      inf    0.52  unknown    Tue 03:24  
noise2        running                      13/150     103     56.43         0      inf    0.50  unknown    Tue 03:50  
noise3        running                      19/150      80     28.38         0      inf    0.50  unknown    Tue 03:46  
noise4        running                      13/150     129     43.60         0      inf    0.50  unknown    Tue 03:50  
[2J[Hsession planx_ms2: started Tue 00:20, budget ends Tue 03:50, now Tue 00:52:41, 4 runs x 3 threads
run           state                            it    s/it   mean mT   N_green  F $/vox   hours  expected   latest     
noise1        running                      22/150      72     31.00         0      inf    0.52  unknown    Tue 03:24  
noise2        running                      13/150     103     56.43         0      inf    0.50  unknown    Tue 03:50  
noise3        running                      20/150      80     31.81         0      inf    0.53  unknown    Tue 03:46  
noise4        running                      13/150     129     43.60         0      inf    0.50  unknown    Tue 03:50  
[2J[Hsession planx_ms2: started Tue 00:20, budget ends Tue 03:50, now Tue 00:53:11, 4 runs x 3 threads
run           state                            it    s/it   mean mT   N_green  F $/vox   hours  expected   latest     
noise1        running                      23/150      72     32.14         0      inf    0.54  unknown    Tue 03:24  
noise2        running                      13/150     103     56.43         0      inf    0.50  unknown    Tue 03:50  
noise3        running                      20/150      80     31.81         0      inf    0.53  unknown    Tue 03:46  
noise4        running                      13/150     129     43.60         0      inf    0.50  unknown    Tue 03:50  
[2J[Hsession planx_ms2: started Tue 00:20, budget ends Tue 03:50, now Tue 00:53:41, 4 runs x 3 threads
run           state                            it    s/it   mean mT   N_green  F $/vox   hours  expected   latest     
noise1        running                      23/150      72     32.14         0      inf    0.54  unknown    Tue 03:24  
noise2        running                      13/150     103     56.43         0      inf    0.50  unknown    Tue 03:50  
noise3        running                      20/150      80     31.81         0      inf    0.53  unknown    Tue 03:46  
noise4        running                      14/150     130     47.79         0      inf    0.55  unknown    Tue 03:50  
[2J[Hsession planx_ms2: started Tue 00:20, budget ends Tue 03:50, now Tue 00:54:11, 4 runs x 3 threads
run           state                            it    s/it   mean mT   N_green  F $/vox   hours  expected   latest     
noise1        running                      23/150      72     32.14         0      inf    0.54  unknown    Tue 03:24  
noise2        running                      13/150     103     56.43         0      inf    0.50  unknown    Tue 03:50  
noise3        running                      21/150      80     34.62         0      inf    0.55  unknown    Tue 03:46  
noise4        running                      14/150     130     47.79         0      inf    0.55  unknown    Tue 03:50  
[2J[Hsession planx_ms2: started Tue 00:20, budget ends Tue 03:50, now Tue 00:54:41, 4 runs x 3 threads
run           state                            it    s/it   mean mT   N_green  F $/vox   hours  expected   latest     
noise1        running                      24/150      72     33.16         0      inf    0.56  unknown    Tue 03:24  
noise2        running                      14/150     104     57.52         0      inf    0.57  unknown    Tue 03:50  
noise3        running                      21/150      80     34.62         0      inf    0.55  unknown    Tue 03:46  
noise4        running                      14/150     130     47.79         0      inf    0.55  unknown    Tue 03:50  
[2J[Hsession planx_ms2: started Tue 00:20, budget ends Tue 03:50, now Tue 00:55:11, 4 runs x 3 threads
run           state                            it    s/it   mean mT   N_green  F $/vox   hours  expected   latest     
noise1        running                      24/150      72     33.16         0      inf    0.56  unknown    Tue 03:24  
noise2        running                      14/150     104     57.52         0      inf    0.57  unknown    Tue 03:50  
noise3        running                      22/150      80     36.86         0      inf    0.57  unknown    Tue 03:44  
noise4        running                      14/150     130     47.79         0      inf    0.55  unknown    Tue 03:50  
[2J[Hsession planx_ms2: started Tue 00:20, budget ends Tue 03:50, now Tue 00:55:41, 4 runs x 3 threads
run           state                            it    s/it   mean mT   N_green  F $/vox   hours  expected   latest     
noise1        running                      24/150      72     33.16         0      inf    0.56  unknown    Tue 03:24  
noise2        running                      14/150     104     57.52         0      inf    0.57  unknown    Tue 03:50  
noise3        running                      22/150      80     36.86         0      inf    0.57  unknown    Tue 03:44  
noise4        running                      14/150     130     47.79         0      inf    0.55  unknown    Tue 03:50  
[2J[Hsession planx_ms2: started Tue 00:20, budget ends Tue 03:50, now Tue 00:56:11, 4 runs x 3 threads
run           state                            it    s/it   mean mT   N_green  F $/vox   hours  expected   latest     
noise1        running                      24/150      72     33.16         0      inf    0.56  unknown    Tue 03:24  
noise2        running                      14/150     104     57.52         0      inf    0.57  unknown    Tue 03:50  
noise3        running                      22/150      80     36.86         0      inf    0.57  unknown    Tue 03:44  
noise4        running                      14/150     130     47.79         0      inf    0.55  unknown    Tue 03:50  
[2J[Hsession planx_ms2: started Tue 00:20, budget ends Tue 03:50, now Tue 00:56:41, 4 runs x 3 threads
run           state                            it    s/it   mean mT   N_green  F $/vox   hours  expected   latest     
noise1        running                      25/150      74     34.82         0      inf    0.59  unknown    Tue 03:29  
noise2        running                      14/150     104     57.52         0      inf    0.57  unknown    Tue 03:50  
noise3        running                      23/150      80     38.90         0      inf    0.60  unknown    Tue 03:46  
noise4        running                      15/150     130     49.98         0      inf    0.59  unknown    Tue 03:50  
[2J[Hsession planx_ms2: started Tue 00:20, budget ends Tue 03:50, now Tue 00:57:11, 4 runs x 3 threads
run           state                            it    s/it   mean mT   N_green  F $/vox   hours  expected   latest     
noise1        running                      25/150      74     34.82         0      inf    0.59  unknown    Tue 03:29  
noise2        running                      14/150     104     57.52         0      inf    0.57  unknown    Tue 03:50  
noise3        running                      23/150      80     38.90         0      inf    0.60  unknown    Tue 03:46  
noise4        running                      15/150     130     49.98         0      inf    0.59  unknown    Tue 03:50  
[2J[Hsession planx_ms2: started Tue 00:20, budget ends Tue 03:50, now Tue 00:57:41, 4 runs x 3 threads
run           state                            it    s/it   mean mT   N_green  F $/vox   hours  expected   latest     
noise1        running                      25/150      74     34.82         0      inf    0.59  unknown    Tue 03:29  
noise2        running                      14/150     104     57.52         0      inf    0.57  unknown    Tue 03:50  
noise3        running                      23/150      80     38.90         0      inf    0.60  unknown    Tue 03:46  
noise4        running                      15/150     130     49.98         0      inf    0.59  unknown    Tue 03:50  
[2J[Hsession planx_ms2: started Tue 00:20, budget ends Tue 03:50, now Tue 00:58:11, 4 runs x 3 threads
run           state                            it    s/it   mean mT   N_green  F $/vox   hours  expected   latest     
noise1        running                      25/150      74     34.82         0      inf    0.59  unknown    Tue 03:29  
noise2        running                      14/150     104     57.52         0      inf    0.57  unknown    Tue 03:50  
noise3        running                      24/150      80     40.23         0      inf    0.62  unknown    Tue 03:46  
noise4        running                      15/150     130     49.98         0      inf    0.59  unknown    Tue 03:50  
[2J[Hsession planx_ms2: started Tue 00:20, budget ends Tue 03:50, now Tue 00:58:41, 4 runs x 3 threads
run           state                            it    s/it   mean mT   N_green  F $/vox   hours  expected   latest     
noise1        running                      26/150      77     37.14         0      inf    0.62  unknown    Tue 03:36  
noise2        running                      15/150     105     58.43         0      inf    0.63  unknown    Tue 03:50  
noise3        running                      24/150      80     40.23         0      inf    0.62  unknown    Tue 03:46  
noise4        running                      15/150     130     49.98         0      inf    0.59  unknown    Tue 03:50  
[2J[Hsession planx_ms2: started Tue 00:20, budget ends Tue 03:50, now Tue 00:59:11, 4 runs x 3 threads
run           state                            it    s/it   mean mT   N_green  F $/vox   hours  expected   latest     
noise1        running                      26/150      77     37.14         0      inf    0.62  unknown    Tue 03:36  
noise2        running                      15/150     105     58.43         0      inf    0.63  unknown    Tue 03:50  
noise3        running                      24/150      80     40.23         0      inf    0.62  unknown    Tue 03:46  
noise4        running                      16/150     130     53.67         0      inf    0.64  unknown    Tue 03:50  
[2J[Hsession planx_ms2: started Tue 00:20, budget ends Tue 03:50, now Tue 00:59:41, 4 runs x 3 threads
run           state                            it    s/it   mean mT   N_green  F $/vox   hours  expected   latest     
noise1        running                      27/150      80     39.23         0      inf    0.65  unknown    Tue 03:42  
noise2        running                      15/150     105     58.43         0      inf    0.63  unknown    Tue 03:50  
noise3        running                      24/150      80     40.23         0      inf    0.62  unknown    Tue 03:46  
noise4        running                      16/150     130     53.67         0      inf    0.64  unknown    Tue 03:50  
[2J[Hsession planx_ms2: started Tue 00:20, budget ends Tue 03:50, now Tue 01:00:11, 4 runs x 3 threads
run           state                            it    s/it   mean mT   N_green  F $/vox   hours  expected   latest     
noise1        running                      27/150      80     39.23         0      inf    0.65  unknown    Tue 03:42  
noise2        running                      15/150     105     58.43         0      inf    0.63  unknown    Tue 03:50  
noise3        running                      24/150      80     40.23         0      inf    0.62  unknown    Tue 03:46  
noise4        running                      16/150     130     53.67         0      inf    0.64  unknown    Tue 03:50  
[2J[Hsession planx_ms2: started Tue 00:20, budget ends Tue 03:50, now Tue 01:00:41, 4 runs x 3 threads
run           state                            it    s/it   mean mT   N_green  F $/vox   hours  expected   latest     
noise1        running                      28/150      80     41.36         0      inf    0.66  unknown    Tue 03:42  
noise2        running                      15/150     105     58.43         0      inf    0.63  unknown    Tue 03:50  
noise3        running                      25/150      80     40.65         0      inf    0.66  unknown    Tue 03:48  
noise4        running                      16/150     130     53.67         0      inf    0.64  unknown    Tue 03:50  
[2J[Hsession planx_ms2: started Tue 00:20, budget ends Tue 03:50, now Tue 01:01:11, 4 runs x 3 threads
run           state                            it    s/it   mean mT   N_green  F $/vox   hours  expected   latest     
noise1        running                      28/150      80     41.36         0      inf    0.66  unknown    Tue 03:42  
noise2        running                      15/150     105     58.43         0      inf    0.63  unknown    Tue 03:50  
noise3        running                      25/150      80     40.65         0      inf    0.66  unknown    Tue 03:48  
noise4        running                      16/150     130     53.67         0      inf    0.64  unknown    Tue 03:50  
[2J[Hsession planx_ms2: started Tue 00:20, budget ends Tue 03:50, now Tue 01:01:41, 4 runs x 3 threads
run           state                            it    s/it   mean mT   N_green  F $/vox   hours  expected   latest     
noise1        running                      28/150      80     41.36         0      inf    0.66  unknown    Tue 03:42  
noise2        running                      16/150     106     59.80         0      inf    0.68  unknown    Tue 03:50  
noise3        running                      25/150      80     40.65         0      inf    0.66  unknown    Tue 03:48  
noise4        running                      16/150     130     53.67         0      inf    0.64  unknown    Tue 03:50  
[2J[Hsession planx_ms2: started Tue 00:20, budget ends Tue 03:50, now Tue 01:02:11, 4 runs x 3 threads
run           state                            it    s/it   mean mT   N_green  F $/vox   hours  expected   latest     
noise1        running                      29/150      80     43.48         0      inf    0.68  unknown    Tue 03:42  
noise2        running                      16/150     106     59.80         0      inf    0.68  unknown    Tue 03:50  
noise3        running                      25/150      80     40.65         0      inf    0.66  unknown    Tue 03:48  
noise4        running                      17/150     134     60.11         0      inf    0.69  unknown    Tue 03:50  
[2J[Hsession planx_ms2: started Tue 00:20, budget ends Tue 03:50, now Tue 01:02:41, 4 runs x 3 threads
run           state                            it    s/it   mean mT   N_green  F $/vox   hours  expected   latest     
noise1        running                      29/150      80     43.48         0      inf    0.68  unknown    Tue 03:42  
noise2        running                      16/150     106     59.80         0      inf    0.68  unknown    Tue 03:50  
noise3        running                      25/150      80     40.65         0      inf    0.66  unknown    Tue 03:48  
noise4        running                      17/150     134     60.11         0      inf    0.69  unknown    Tue 03:50  
[2J[Hsession planx_ms2: started Tue 00:20, budget ends Tue 03:50, now Tue 01:03:11, 4 runs x 3 threads
run           state                            it    s/it   mean mT   N_green  F $/vox   hours  expected   latest     
noise1        running                      30/150      74     45.96         1 3.87e+03    0.70  unknown    Tue 03:30  
noise2        running                      16/150     106     59.80         0      inf    0.68  unknown    Tue 03:50  
noise3        running                      25/150      80     40.65         0      inf    0.66  unknown    Tue 03:48  
noise4        running                      17/150     134     60.11         0      inf    0.69  unknown    Tue 03:50  
[2J[Hsession planx_ms2: started Tue 00:20, budget ends Tue 03:50, now Tue 01:03:41, 4 runs x 3 threads
run           state                            it    s/it   mean mT   N_green  F $/vox   hours  expected   latest     
noise1        running                      30/150      74     45.96         1 3.87e+03    0.70  unknown    Tue 03:30  
noise2        running                      16/150     106     59.80         0      inf    0.68  unknown    Tue 03:50  
noise3        running                      26/150      80     40.88         0      inf    0.71  unknown    Tue 03:49  
noise4        running                      17/150     134     60.11         0      inf    0.69  unknown    Tue 03:50  
[2J[Hsession planx_ms2: started Tue 00:20, budget ends Tue 03:50, now Tue 01:04:11, 4 runs x 3 threads
run           state                            it    s/it   mean mT   N_green  F $/vox   hours  expected   latest     
noise1        running                      30/150      74     45.96         1 3.87e+03    0.70  unknown    Tue 03:30  
noise2        running                      17/150     155     61.92         0      inf    0.72  unknown    Tue 03:50  
noise3        running                      26/150      80     40.88         0      inf    0.71  unknown    Tue 03:49  
noise4        running                      17/150     134     60.11         0      inf    0.69  unknown    Tue 03:50  
[2J[Hsession planx_ms2: started Tue 00:20, budget ends Tue 03:50, now Tue 01:04:41, 4 runs x 3 threads
run           state                            it    s/it   mean mT   N_green  F $/vox   hours  expected   latest     
noise1        running                      31/150      74     49.05         0      inf    0.73  unknown    Tue 03:30  
noise2        running                      17/150     155     61.92         0      inf    0.72  unknown    Tue 03:50  
noise3        running                      26/150      80     40.88         0      inf    0.71  unknown    Tue 03:49  
noise4        running                      18/150     132     66.19         0      inf    0.73  unknown    Tue 03:50  
[2J[Hsession planx_ms2: started Tue 00:20, budget ends Tue 03:50, now Tue 01:05:11, 4 runs x 3 threads
run           state                            it    s/it   mean mT   N_green  F $/vox   hours  expected   latest     
noise1        running                      31/150      74     49.05         0      inf    0.73  unknown    Tue 03:30  
noise2        running                      17/150     155     61.92         0      inf    0.72  unknown    Tue 03:50  
noise3        running                      26/150      80     40.88         0      inf    0.71  unknown    Tue 03:49  
noise4        running                      18/150     132     66.19         0      inf    0.73  unknown    Tue 03:50  
[2J[Hsession planx_ms2: started Tue 00:20, budget ends Tue 03:50, now Tue 01:05:41, 4 runs x 3 threads
run           state                            it    s/it   mean mT   N_green  F $/vox   hours  expected   latest     
noise1        running                      32/150      72     51.81         0      inf    0.75  unknown    Tue 03:27  
noise2        running                      17/150     155     61.92         0      inf    0.72  unknown    Tue 03:50  
noise3        running                      26/150      80     40.88         0      inf    0.71  unknown    Tue 03:49  
noise4        running                      18/150     132     66.19         0      inf    0.73  unknown    Tue 03:50  
[2J[Hsession planx_ms2: started Tue 00:20, budget ends Tue 03:50, now Tue 01:06:11, 4 runs x 3 threads
run           state                            it    s/it   mean mT   N_green  F $/vox   hours  expected   latest     
noise1        running                      32/150      72     51.81         0      inf    0.75  unknown    Tue 03:27  
noise2        running                      17/150     155     61.92         0      inf    0.72  unknown    Tue 03:50  
noise3        running                      27/150      81     41.25         0      inf    0.76  unknown    Tue 03:50  
noise4        running                      18/150     132     66.19         0      inf    0.73  unknown    Tue 03:50  
[2J[Hsession planx_ms2: started Tue 00:20, budget ends Tue 03:50, now Tue 01:06:41, 4 runs x 3 threads
run           state                            it    s/it   mean mT   N_green  F $/vox   hours  expected   latest     
noise1        running                      32/150      72     51.81         0      inf    0.75  unknown    Tue 03:27  
noise2        running                      17/150     155     61.92         0      inf    0.72  unknown    Tue 03:50  
noise3        running                      27/150      81     41.25         0      inf    0.76  unknown    Tue 03:50  
noise4        running                      19/150     132     71.75         1 4.53e+03    0.76  unknown    Tue 03:50  
[2J[Hsession planx_ms2: started Tue 00:20, budget ends Tue 03:50, now Tue 01:07:11, 4 runs x 3 threads
run           state                            it    s/it   mean mT   N_green  F $/vox   hours  expected   latest     
noise1        running                      33/150      74     54.47         0      inf    0.77  unknown    Tue 03:30  
noise2        running                      18/150     156     65.09         0      inf    0.77  unknown    Tue 03:50  
noise3        running                      27/150      81     41.25         0      inf    0.76  unknown    Tue 03:50  
noise4        running                      19/150     132     71.75         1 4.53e+03    0.76  unknown    Tue 03:50  
[2J[Hsession planx_ms2: started Tue 00:20, budget ends Tue 03:50, now Tue 01:07:41, 4 runs x 3 threads
run           state                            it    s/it   mean mT   N_green  F $/vox   hours  expected   latest     
noise1        running                      33/150      74     54.47         0      inf    0.77  unknown    Tue 03:30  
noise2        running                      18/150     156     65.09         0      inf    0.77  unknown    Tue 03:50  
noise3        running                      27/150      81     41.25         0      inf    0.76  unknown    Tue 03:50  
noise4        running                      19/150     132     71.75         1 4.53e+03    0.76  unknown    Tue 03:50  
[2J[Hsession planx_ms2: started Tue 00:20, budget ends Tue 03:50, now Tue 01:08:11, 4 runs x 3 threads
run           state                            it    s/it   mean mT   N_green  F $/vox   hours  expected   latest     
noise1        running                      33/150      74     54.47         0      inf    0.77  unknown    Tue 03:30  
noise2        running                      18/150     156     65.09         0      inf    0.77  unknown    Tue 03:50  
noise3        running                      27/150      81     41.25         0      inf    0.76  unknown    Tue 03:50  
noise4        running                      19/150     132     71.75         1 4.53e+03    0.76  unknown    Tue 03:50  
[2J[Hsession planx_ms2: started Tue 00:20, budget ends Tue 03:50, now Tue 01:08:41, 4 runs x 3 threads
run           state                            it    s/it   mean mT   N_green  F $/vox   hours  expected   latest     
noise1        running                      34/150      74     56.87         0      inf    0.79  unknown    Tue 03:30  
noise2        running                      19/150     156     68.13         0      inf    0.80  unknown    Tue 03:50  
noise3        running                      27/150      81     41.25         0      inf    0.76  unknown    Tue 03:50  
noise4        running                      19/150     132     71.75         1 4.53e+03    0.76  unknown    Tue 03:50  
[2J[Hsession planx_ms2: started Tue 00:20, budget ends Tue 03:50, now Tue 01:09:11, 4 runs x 3 threads
run           state                            it    s/it   mean mT   N_green  F $/vox   hours  expected   latest     
noise1        running                      34/150      74     56.87         0      inf    0.79  unknown    Tue 03:30  
noise2        running                      19/150     156     68.13         0      inf    0.80  unknown    Tue 03:50  
noise3        running                      28/150      86     42.14         0      inf    0.80  unknown    Tue 03:50  
noise4        running                      19/150     132     71.75         1 4.53e+03    0.76  unknown    Tue 03:50  
[2J[Hsession planx_ms2: started Tue 00:20, budget ends Tue 03:50, now Tue 01:09:41, 4 runs x 3 threads
run           state                            it    s/it   mean mT   N_green  F $/vox   hours  expected   latest     
noise1        running                      35/150      78     59.86         0      inf    0.81  unknown    Tue 03:38  
noise2        running                      19/150     156     68.13         0      inf    0.80  unknown    Tue 03:50  
noise3        running                      28/150      86     42.14         0      inf    0.80  unknown    Tue 03:50  
noise4        running                      20/150     134     75.92         0      inf    0.81  unknown    Tue 03:50  
[2J[Hsession planx_ms2: started Tue 00:20, budget ends Tue 03:50, now Tue 01:10:11, 4 runs x 3 threads
run           state                            it    s/it   mean mT   N_green  F $/vox   hours  expected   latest     
noise1        running                      35/150      78     59.86         0      inf    0.81  unknown    Tue 03:38  
noise2        running                      20/150     156     71.48         0      inf    0.82  unknown    Tue 03:50  
noise3        running                      28/150      86     42.14         0      inf    0.80  unknown    Tue 03:50  
noise4        running                      20/150     134     75.92         0      inf    0.81  unknown    Tue 03:50  
[2J[Hsession planx_ms2: started Tue 00:20, budget ends Tue 03:50, now Tue 01:10:41, 4 runs x 3 threads
run           state                            it    s/it   mean mT   N_green  F $/vox   hours  expected   latest     
noise1        running                      35/150      78     59.86         0      inf    0.81  unknown    Tue 03:38  
noise2        running                      20/150     156     71.48         0      inf    0.82  unknown    Tue 03:50  
noise3        running                      29/150      88     43.26         0      inf    0.83  unknown    Tue 03:50  
noise4        running                      20/150     134     75.92         0      inf    0.81  unknown    Tue 03:50  
[2J[Hsession planx_ms2: started Tue 00:20, budget ends Tue 03:50, now Tue 01:11:11, 4 runs x 3 threads
run           state                            it    s/it   mean mT   N_green  F $/vox   hours  expected   latest     
noise1        running                      36/150      78     63.51         0      inf    0.83  unknown    Tue 03:38  
noise2        running                      20/150     156     71.48         0      inf    0.82  unknown    Tue 03:50  
noise3        running                      29/150      88     43.26         0      inf    0.83  unknown    Tue 03:50  
noise4        running                      20/150     134     75.92         0      inf    0.81  unknown    Tue 03:50  
[2J[Hsession planx_ms2: started Tue 00:20, budget ends Tue 03:50, now Tue 01:11:41, 4 runs x 3 threads
run           state                            it    s/it   mean mT   N_green  F $/vox   hours  expected   latest     
noise1        running                      36/150      78     63.51         0      inf    0.83  unknown    Tue 03:38  
noise2        running                      20/150     156     71.48         0      inf    0.82  unknown    Tue 03:50  
noise3        running                      29/150      88     43.26         0      inf    0.83  unknown    Tue 03:50  
noise4        running                      20/150     134     75.92         0      inf    0.81  unknown    Tue 03:50  
[2J[Hsession planx_ms2: started Tue 00:20, budget ends Tue 03:50, now Tue 01:12:11, 4 runs x 3 threads
run           state                            it    s/it   mean mT   N_green  F $/vox   hours  expected   latest     
noise1        running                      37/150      74     68.23         0      inf    0.86  unknown    Tue 03:30  
noise2        running                      21/150     156     74.68         0      inf    0.85  unknown    Tue 03:50  
noise3        running                      30/150      88     45.20         0      inf    0.86  unknown    Tue 03:50  
noise4        running                      21/150     134     78.46         0      inf    0.85  unknown    Tue 03:50  
[2J[Hsession planx_ms2: started Tue 00:20, budget ends Tue 03:50, now Tue 01:12:41, 4 runs x 3 threads
run           state                            it    s/it   mean mT   N_green  F $/vox   hours  expected   latest     
noise1        running                      37/150      74     68.23         0      inf    0.86  unknown    Tue 03:30  
noise2        running                      21/150     156     74.68         0      inf    0.85  unknown    Tue 03:50  
noise3        running                      30/150      88     45.20         0      inf    0.86  unknown    Tue 03:50  
noise4        running                      21/150     134     78.46         0      inf    0.85  unknown    Tue 03:50  
[2J[Hsession planx_ms2: started Tue 00:20, budget ends Tue 03:50, now Tue 01:13:11, 4 runs x 3 threads
run           state                            it    s/it   mean mT   N_green  F $/vox   hours  expected   latest     
noise1        running                      37/150      74     68.23         0      inf    0.86  unknown    Tue 03:30  
noise2        running                      21/150     156     74.68         0      inf    0.85  unknown    Tue 03:50  
noise3        running                      30/150      88     45.20         0      inf    0.86  unknown    Tue 03:50  
noise4        running                      21/150     134     78.46         0      inf    0.85  unknown    Tue 03:50  
[2J[Hsession planx_ms2: started Tue 00:20, budget ends Tue 03:50, now Tue 01:13:41, 4 runs x 3 threads
run           state                            it    s/it   mean mT   N_green  F $/vox   hours  expected   latest     
noise1        running                      38/150      74     72.52         0      inf    0.88  unknown    Tue 03:30  
noise2        running                      22/150     156     78.04         0      inf    0.88  unknown    Tue 03:50  
noise3        running                      31/150      89     48.01         0      inf    0.88  unknown    Tue 03:50  
noise4        running                      21/150     134     78.46         0      inf    0.85  unknown    Tue 03:50  
[2J[Hsession planx_ms2: started Tue 00:20, budget ends Tue 03:50, now Tue 01:14:11, 4 runs x 3 threads
run           state                            it    s/it   mean mT   N_green  F $/vox   hours  expected   latest     
noise1        running                      38/150      74     72.52         0      inf    0.88  unknown    Tue 03:30  
noise2        running                      22/150     156     78.04         0      inf    0.88  unknown    Tue 03:50  
noise3        running                      31/150      89     48.01         0      inf    0.88  unknown    Tue 03:50  
noise4        running                      22/150     134     80.68         0      inf    0.89  unknown    Tue 03:50  
[2J[Hsession planx_ms2: started Tue 00:20, budget ends Tue 03:50, now Tue 01:14:41, 4 runs x 3 threads
run           state                            it    s/it   mean mT   N_green  F $/vox   hours  expected   latest     
noise1        running                      38/150      74     72.52         0      inf    0.88  unknown    Tue 03:30  
noise2        running                      22/150     156     78.04         0      inf    0.88  unknown    Tue 03:50  
noise3        running                      31/150      89     48.01         0      inf    0.88  unknown    Tue 03:50  
noise4        running                      22/150     134     80.68         0      inf    0.89  unknown    Tue 03:50  
[2J[Hsession planx_ms2: started Tue 00:20, budget ends Tue 03:50, now Tue 01:15:11, 4 runs x 3 threads
run           state                            it    s/it   mean mT   N_green  F $/vox   hours  expected   latest     
noise1        running                      39/150      74     76.15         0      inf    0.90  unknown    Tue 03:30  
noise2        running                      22/150     156     78.04         0      inf    0.88  unknown    Tue 03:50  
noise3        running                      32/150      89     51.73         0      inf    0.91  unknown    Tue 03:50  
noise4        running                      22/150     134     80.68         0      inf    0.89  unknown    Tue 03:50  
[2J[Hsession planx_ms2: started Tue 00:20, budget ends Tue 03:50, now Tue 01:15:41, 4 runs x 3 threads
run           state                            it    s/it   mean mT   N_green  F $/vox   hours  expected   latest     
noise1        running                      39/150      74     76.15         0      inf    0.90  unknown    Tue 03:30  
noise2        running                      23/150     156     80.83         0      inf    0.91  unknown    Tue 03:50  
noise3        running                      32/150      89     51.73         0      inf    0.91  unknown    Tue 03:50  
noise4        running                      22/150     134     80.68         0      inf    0.89  unknown    Tue 03:50  
[2J[Hsession planx_ms2: started Tue 00:20, budget ends Tue 03:50, now Tue 01:16:11, 4 runs x 3 threads
run           state                            it    s/it   mean mT   N_green  F $/vox   hours  expected   latest     
noise1        running                      40/150      72     80.36         0      inf    0.92  unknown    Tue 03:28  
noise2        running                      23/150     156     80.83         0      inf    0.91  unknown    Tue 03:50  
noise3        running                      32/150      89     51.73         0      inf    0.91  unknown    Tue 03:50  
noise4        running                      22/150     134     80.68         0      inf    0.89  unknown    Tue 03:50  
[2J[Hsession planx_ms2: started Tue 00:20, budget ends Tue 03:50, now Tue 01:16:41, 4 runs x 3 threads
run           state                            it    s/it   mean mT   N_green  F $/vox   hours  expected   latest     
noise1        running                      40/150      72     80.36         0      inf    0.92  unknown    Tue 03:28  
noise2        running                      23/150     156     80.83         0      inf    0.91  unknown    Tue 03:50  
noise3        running                      33/150      88     56.01         0      inf    0.93  unknown    Tue 03:50  
noise4        running                      23/150     137     81.97         0      inf    0.93  unknown    Tue 03:50  
[2J[Hsession planx_ms2: started Tue 00:20, budget ends Tue 03:50, now Tue 01:17:11, 4 runs x 3 threads
run           state                            it    s/it   mean mT   N_green  F $/vox   hours  expected   latest     
noise1        running                      40/150      72     80.36         0      inf    0.92  unknown    Tue 03:28  
noise2        running                      24/150     156     82.28         0      inf    0.94  unknown    Tue 03:50  
noise3        running                      33/150      88     56.01         0      inf    0.93  unknown    Tue 03:50  
noise4        running                      23/150     137     81.97         0      inf    0.93  unknown    Tue 03:50  
[2J[Hsession planx_ms2: started Tue 00:20, budget ends Tue 03:50, now Tue 01:17:41, 4 runs x 3 threads
run           state                            it    s/it   mean mT   N_green  F $/vox   hours  expected   latest     
noise1        running                      41/150      72     84.53         0      inf    0.95  unknown    Tue 03:28  
noise2        running                      24/150     156     82.28         0      inf    0.94  unknown    Tue 03:50  
noise3        running                      33/150      88     56.01         0      inf    0.93  unknown    Tue 03:50  
noise4        running                      23/150     137     81.97         0      inf    0.93  unknown    Tue 03:50  
[2J[Hsession planx_ms2: started Tue 00:20, budget ends Tue 03:50, now Tue 01:18:11, 4 runs x 3 threads
run           state                            it    s/it   mean mT   N_green  F $/vox   hours  expected   latest     
noise1        running                      41/150      72     84.53         0      inf    0.95  unknown    Tue 03:28  
noise2        running                      24/150     156     82.28         0      inf    0.94  unknown    Tue 03:50  
noise3        running                      34/150      86     60.30         0      inf    0.95  unknown    Tue 03:50  
noise4        running                      23/150     137     81.97         0      inf    0.93  unknown    Tue 03:50  
[2J[Hsession planx_ms2: started Tue 00:20, budget ends Tue 03:50, now Tue 01:18:41, 4 runs x 3 threads
run           state                            it    s/it   mean mT   N_green  F $/vox   hours  expected   latest     
noise1        running                      41/150      72     84.53         0      inf    0.95  unknown    Tue 03:28  
noise2        running                      25/150     155     83.59         0      inf    0.96  unknown    Tue 03:50  
noise3        running                      34/150      86     60.30         0      inf    0.95  unknown    Tue 03:50  
noise4        running                      23/150     137     81.97         0      inf    0.93  unknown    Tue 03:50  
[2J[Hsession planx_ms2: started Tue 00:20, budget ends Tue 03:50, now Tue 01:19:11, 4 runs x 3 threads
run           state                            it    s/it   mean mT   N_green  F $/vox   hours  expected   latest     
noise1        running                      42/150      72     88.76         0      inf    0.97  unknown    Tue 03:29  
noise2        running                      25/150     155     83.59         0      inf    0.96  unknown    Tue 03:50  
noise3        running                      34/150      86     60.30         0      inf    0.95  unknown    Tue 03:50  
noise4        running                      23/150     137     81.97         0      inf    0.93  unknown    Tue 03:50  
[2J[Hsession planx_ms2: started Tue 00:20, budget ends Tue 03:50, now Tue 01:19:41, 4 runs x 3 threads
run           state                            it    s/it   mean mT   N_green  F $/vox   hours  expected   latest     
noise1        running                      42/150      72     88.76         0      inf    0.97  unknown    Tue 03:29  
noise2        running                      25/150     155     83.59         0      inf    0.96  unknown    Tue 03:50  
noise3        running                      35/150      88     63.84         0      inf    0.98  unknown    Tue 03:50  
noise4        running                      23/150     137     81.97         0      inf    0.93  unknown    Tue 03:50  
[2J[Hsession planx_ms2: started Tue 00:20, budget ends Tue 03:50, now Tue 01:20:11, 4 runs x 3 threads
run           state                            it    s/it   mean mT   N_green  F $/vox   hours  expected   latest     
noise1        running                      42/150      72     88.76         0      inf    0.97  unknown    Tue 03:29  
noise2        running                      26/150     116     84.58         1 4.35e+03    0.99  unknown    Tue 03:50  
noise3        running                      35/150      88     63.84         0      inf    0.98  unknown    Tue 03:50  
noise4        running                      24/150     142     83.80         0      inf    0.98  unknown    Tue 03:50  
[2J[Hsession planx_ms2: started Tue 00:20, budget ends Tue 03:50, now Tue 01:20:41, 4 runs x 3 threads
run           state                            it    s/it   mean mT   N_green  F $/vox   hours  expected   latest     
noise1        running                      43/150      74     92.93         0      inf    0.99  unknown    Tue 03:31  
noise2        running                      26/150     116     84.58         1 4.35e+03    0.99  unknown    Tue 03:50  
noise3        running                      35/150      88     63.84         0      inf    0.98  unknown    Tue 03:50  
noise4        running                      24/150     142     83.80         0      inf    0.98  unknown    Tue 03:50  
[2J[Hsession planx_ms2: started Tue 00:20, budget ends Tue 03:50, now Tue 01:21:11, 4 runs x 3 threads
run           state                            it    s/it   mean mT   N_green  F $/vox   hours  expected   latest     
noise1        running                      43/150      74     92.93         0      inf    0.99  unknown    Tue 03:31  
noise2        running                      26/150     116     84.58         1 4.35e+03    0.99  unknown    Tue 03:50  
noise3        running                      36/150      88     67.83         0      inf    1.00  unknown    Tue 03:50  
noise4        running                      24/150     142     83.80         0      inf    0.98  unknown    Tue 03:50  
[2J[Hsession planx_ms2: started Tue 00:20, budget ends Tue 03:50, now Tue 01:21:41, 4 runs x 3 threads
run           state                            it    s/it   mean mT   N_green  F $/vox   hours  expected   latest     
noise1        running                      44/150      74     97.03         0      inf    1.01  unknown    Tue 03:31  
noise2        running                      26/150     116     84.58         1 4.35e+03    0.99  unknown    Tue 03:50  
noise3        running                      36/150      88     67.83         0      inf    1.00  unknown    Tue 03:50  
noise4        running                      24/150     142     83.80         0      inf    0.98  unknown    Tue 03:50  
[2J[Hsession planx_ms2: started Tue 00:20, budget ends Tue 03:50, now Tue 01:22:11, 4 runs x 3 threads
run           state                            it    s/it   mean mT   N_green  F $/vox   hours  expected   latest     
noise1        running                      44/150      74     97.03         0      inf    1.01  unknown    Tue 03:31  
noise2        running                      26/150     116     84.58         1 4.35e+03    0.99  unknown    Tue 03:50  
noise3        running                      36/150      88     67.83         0      inf    1.00  unknown    Tue 03:50  
noise4        running                      24/150     142     83.80         0      inf    0.98  unknown    Tue 03:50  
[2J[Hsession planx_ms2: started Tue 00:20, budget ends Tue 03:50, now Tue 01:22:41, 4 runs x 3 threads
run           state                            it    s/it   mean mT   N_green  F $/vox   hours  expected   latest     
noise1        running                      44/150      74     97.03         0      inf    1.01  unknown    Tue 03:31  
noise2        running                      26/150     116     84.58         1 4.35e+03    0.99  unknown    Tue 03:50  
noise3        running                      37/150      88     71.43         0      inf    1.03  unknown    Tue 03:50  
noise4        running                      24/150     142     83.80         0      inf    0.98  unknown    Tue 03:50  
[2J[Hsession planx_ms2: started Tue 00:20, budget ends Tue 03:50, now Tue 01:23:11, 4 runs x 3 threads
run           state                            it    s/it   mean mT   N_green  F $/vox   hours  expected   latest     
noise1        running                      45/150      76    101.00         0      inf    1.04  unknown    Tue 03:35  
noise2        running                      26/150     116     84.58         1 4.35e+03    0.99  unknown    Tue 03:50  
noise3        running                      37/150      88     71.43         0      inf    1.03  unknown    Tue 03:50  
noise4        running                      25/150     149     86.29         0      inf    1.03  unknown    Tue 03:50  
[2J[Hsession planx_ms2: started Tue 00:20, budget ends Tue 03:50, now Tue 01:23:41, 4 runs x 3 threads
run           state                            it    s/it   mean mT   N_green  F $/vox   hours  expected   latest     
noise1        running                      45/150      76    101.00         0      inf    1.04  unknown    Tue 03:35  
noise2        running                      27/150     116     84.95         1 4.35e+03    1.04  unknown    Tue 03:50  
noise3        running                      37/150      88     71.43         0      inf    1.03  unknown    Tue 03:50  
noise4        running                      25/150     149     86.29         0      inf    1.03  unknown    Tue 03:50  
[2J[Hsession planx_ms2: started Tue 00:20, budget ends Tue 03:50, now Tue 01:24:11, 4 runs x 3 threads
run           state                            it    s/it   mean mT   N_green  F $/vox   hours  expected   latest     
noise1        running                      45/150      76    101.00         0      inf    1.04  unknown    Tue 03:35  
noise2        running                      27/150     116     84.95         1 4.35e+03    1.04  unknown    Tue 03:50  
noise3        running                      38/150      86     74.40         0      inf    1.05  unknown    Tue 03:50  
noise4        running                      25/150     149     86.29         0      inf    1.03  unknown    Tue 03:50  
[2J[Hsession planx_ms2: started Tue 00:20, budget ends Tue 03:50, now Tue 01:24:41, 4 runs x 3 threads
run           state                            it    s/it   mean mT   N_green  F $/vox   hours  expected   latest     
noise1        running                      46/150      75    104.44         0      inf    1.06  unknown    Tue 03:34  
noise2        running                      27/150     116     84.95         1 4.35e+03    1.04  unknown    Tue 03:50  
noise3        running                      38/150      86     74.40         0      inf    1.05  unknown    Tue 03:50  
noise4        running                      25/150     149     86.29         0      inf    1.03  unknown    Tue 03:50  
[2J[Hsession planx_ms2: started Tue 00:20, budget ends Tue 03:50, now Tue 01:25:11, 4 runs x 3 threads
run           state                            it    s/it   mean mT   N_green  F $/vox   hours  expected   latest     
noise1        running                      46/150      75    104.44         0      inf    1.06  unknown    Tue 03:34  
noise2        running                      27/150     116     84.95         1 4.35e+03    1.04  unknown    Tue 03:50  
noise3        running                      39/150      86     77.38         0      inf    1.07  unknown    Tue 03:50  
noise4        running                      26/150     149     90.26         0      inf    1.07  unknown    Tue 03:50  
[2J[Hsession planx_ms2: started Tue 00:20, budget ends Tue 03:50, now Tue 01:25:41, 4 runs x 3 threads
run           state                            it    s/it   mean mT   N_green  F $/vox   hours  expected   latest     
noise1        running                      47/150      75    106.59         0      inf    1.08  unknown    Tue 03:34  
noise2        running                      28/150     116     85.37         0      inf    1.08  unknown    Tue 03:50  
noise3        running                      39/150      86     77.38         0      inf    1.07  unknown    Tue 03:50  
noise4        running                      26/150     149     90.26         0      inf    1.07  unknown    Tue 03:50  
[2J[Hsession planx_ms2: started Tue 00:20, budget ends Tue 03:50, now Tue 01:26:11, 4 runs x 3 threads
run           state                            it    s/it   mean mT   N_green  F $/vox   hours  expected   latest     
noise1        running                      47/150      75    106.59         0      inf    1.08  unknown    Tue 03:34  
noise2        running                      28/150     116     85.37         0      inf    1.08  unknown    Tue 03:50  
noise3        running                      39/150      86     77.38         0      inf    1.07  unknown    Tue 03:50  
noise4        running                      26/150     149     90.26         0      inf    1.07  unknown    Tue 03:50  
[2J[Hsession planx_ms2: started Tue 00:20, budget ends Tue 03:50, now Tue 01:26:41, 4 runs x 3 threads
run           state                            it    s/it   mean mT   N_green  F $/vox   hours  expected   latest     
noise1        running                      48/150      74    108.03         0      inf    1.09  unknown    Tue 03:31  
noise2        running                      28/150     116     85.37         0      inf    1.08  unknown    Tue 03:50  
noise3        running                      40/150      84     79.81         0      inf    1.10  unknown    Tue 03:50  
noise4        running                      26/150     149     90.26         0      inf    1.07  unknown    Tue 03:50  
[2J[Hsession planx_ms2: started Tue 00:20, budget ends Tue 03:50, now Tue 01:27:11, 4 runs x 3 threads
run           state                            it    s/it   mean mT   N_green  F $/vox   hours  expected   latest     
noise1        running                      48/150      74    108.03         0      inf    1.09  unknown    Tue 03:31  
noise2        running                      28/150     116     85.37         0      inf    1.08  unknown    Tue 03:50  
noise3        running                      40/150      84     79.81         0      inf    1.10  unknown    Tue 03:50  
noise4        running                      26/150     149     90.26         0      inf    1.07  unknown    Tue 03:50  
[2J[Hsession planx_ms2: started Tue 00:20, budget ends Tue 03:50, now Tue 01:27:41, 4 runs x 3 threads
run           state                            it    s/it   mean mT   N_green  F $/vox   hours  expected   latest     
noise1        running                      49/150      74    109.13         8      480    1.11  unknown    Tue 03:31  
noise2        running                      28/150     116     85.37         0      inf    1.08  unknown    Tue 03:50  
noise3        running                      40/150      84     79.81         0      inf    1.10  unknown    Tue 03:50  
noise4        running                      27/150     149     94.40         0      inf    1.11  unknown    Tue 03:50  
[2J[Hsession planx_ms2: started Tue 00:20, budget ends Tue 03:50, now Tue 01:28:11, 4 runs x 3 threads
run           state                            it    s/it   mean mT   N_green  F $/vox   hours  expected   latest     
noise1        running                      49/150      74    109.13         8      480    1.11  unknown    Tue 03:31  
noise2        running                      29/150     116     85.87         0      inf    1.12  unknown    Tue 03:50  
noise3        running                      41/150      84     81.53         0      inf    1.12  unknown    Tue 03:50  
noise4        running                      27/150     149     94.40         0      inf    1.11  unknown    Tue 03:50  
[2J[Hsession planx_ms2: started Tue 00:20, budget ends Tue 03:50, now Tue 01:28:41, 4 runs x 3 threads
run           state                            it    s/it   mean mT   N_green  F $/vox   hours  expected   latest     
noise1        running                      50/150      72    110.40         1 3.85e+03    1.13  unknown    Tue 03:28  
noise2        running                      29/150     116     85.87         0      inf    1.12  unknown    Tue 03:50  
noise3        running                      41/150      84     81.53         0      inf    1.12  unknown    Tue 03:50  
noise4        running                      27/150     149     94.40         0      inf    1.11  unknown    Tue 03:50  
[2J[Hsession planx_ms2: started Tue 00:20, budget ends Tue 03:50, now Tue 01:29:11, 4 runs x 3 threads
run           state                            it    s/it   mean mT   N_green  F $/vox   hours  expected   latest     
noise1        running                      50/150      72    110.40         1 3.85e+03    1.13  unknown    Tue 03:28  
noise2        running                      29/150     116     85.87         0      inf    1.12  unknown    Tue 03:50  
noise3        running                      41/150      84     81.53         0      inf    1.12  unknown    Tue 03:50  
noise4        running                      27/150     149     94.40         0      inf    1.11  unknown    Tue 03:50  
[2J[Hsession planx_ms2: started Tue 00:20, budget ends Tue 03:50, now Tue 01:29:41, 4 runs x 3 threads
run           state                            it    s/it   mean mT   N_green  F $/vox   hours  expected   latest     
noise1        running                      51/150      72    112.30         0      inf    1.15  unknown    Tue 03:28  
noise2        running                      29/150     116     85.87         0      inf    1.12  unknown    Tue 03:50  
noise3        running                      42/150      84     83.60         1 3.86e+03    1.15  unknown    Tue 03:50  
noise4        running                      27/150     149     94.40         0      inf    1.11  unknown    Tue 03:50  
[2J[Hsession planx_ms2: started Tue 00:20, budget ends Tue 03:50, now Tue 01:30:11, 4 runs x 3 threads
run           state                            it    s/it   mean mT   N_green  F $/vox   hours  expected   latest     
noise1        running                      51/150      72    112.30         0      inf    1.15  unknown    Tue 03:28  
noise2        running                      30/150     115     86.48         1 4.34e+03    1.16  unknown    Tue 03:50  
noise3        running                      42/150      84     83.60         1 3.86e+03    1.15  unknown    Tue 03:50  
noise4        running                      27/150     149     94.40         0      inf    1.11  unknown    Tue 03:50  
[2J[Hsession planx_ms2: started Tue 00:20, budget ends Tue 03:50, now Tue 01:30:41, 4 runs x 3 threads
run           state                            it    s/it   mean mT   N_green  F $/vox   hours  expected   latest     
noise1        running                      52/150      70    114.29         6      643    1.16  unknown    Tue 03:25  
noise2        running                      30/150     115     86.48         1 4.34e+03    1.16  unknown    Tue 03:50  
noise3        running                      42/150      84     83.60         1 3.86e+03    1.15  unknown    Tue 03:50  
noise4        running                      28/150     153     97.66         0      inf    1.16  unknown    Tue 03:50  
[2J[Hsession planx_ms2: started Tue 00:20, budget ends Tue 03:50, now Tue 01:31:11, 4 runs x 3 threads
run           state                            it    s/it   mean mT   N_green  F $/vox   hours  expected   latest     
noise1        running                      52/150      70    114.29         6      643    1.16  unknown    Tue 03:25  
noise2        running                      30/150     115     86.48         1 4.34e+03    1.16  unknown    Tue 03:50  
noise3        running                      42/150      84     83.60         1 3.86e+03    1.15  unknown    Tue 03:50  
noise4        running                      28/150     153     97.66         0      inf    1.16  unknown    Tue 03:50  
[2J[Hsession planx_ms2: started Tue 00:20, budget ends Tue 03:50, now Tue 01:31:41, 4 runs x 3 threads
run           state                            it    s/it   mean mT   N_green  F $/vox   hours  expected   latest     
noise1        running                      52/150      70    114.29         6      643    1.16  unknown    Tue 03:25  
noise2        running                      30/150     115     86.48         1 4.34e+03    1.16  unknown    Tue 03:50  
noise3        running                      43/150      84     86.00         0      inf    1.18  unknown    Tue 03:50  
noise4        running                      28/150     153     97.66         0      inf    1.16  unknown    Tue 03:50  
[2J[Hsession planx_ms2: started Tue 00:20, budget ends Tue 03:50, now Tue 01:32:11, 4 runs x 3 threads
run           state                            it    s/it   mean mT   N_green  F $/vox   hours  expected   latest     
noise1        running                      53/150      70    115.95         0      inf    1.19  unknown    Tue 03:25  
noise2        running                      30/150     115     86.48         1 4.34e+03    1.16  unknown    Tue 03:50  
noise3        running                      43/150      84     86.00         0      inf    1.18  unknown    Tue 03:50  
noise4        running                      28/150     153     97.66         0      inf    1.16  unknown    Tue 03:50  
[2J[Hsession planx_ms2: started Tue 00:20, budget ends Tue 03:50, now Tue 01:32:41, 4 runs x 3 threads
run           state                            it    s/it   mean mT   N_green  F $/vox   hours  expected   latest     
noise1        running                      53/150      70    115.95         0      inf    1.19  unknown    Tue 03:25  
noise2        running                      31/150     115     87.62         0      inf    1.19  unknown    Tue 03:50  
noise3        running                      43/150      84     86.00         0      inf    1.18  unknown    Tue 03:50  
noise4        running                      28/150     153     97.66         0      inf    1.16  unknown    Tue 03:50  
[2J[Hsession planx_ms2: started Tue 00:20, budget ends Tue 03:50, now Tue 01:33:11, 4 runs x 3 threads
run           state                            it    s/it   mean mT   N_green  F $/vox   hours  expected   latest     
noise1        running                      54/150      67    117.53         0      inf    1.21  unknown    Tue 03:19  
noise2        running                      31/150     115     87.62         0      inf    1.19  unknown    Tue 03:50  
noise3        running                      44/150      84     88.64         0      inf    1.21  unknown    Tue 03:50  
noise4        running                      29/150     153    100.47         2 2.29e+03    1.20  unknown    Tue 03:50  
[2J[Hsession planx_ms2: started Tue 00:20, budget ends Tue 03:50, now Tue 01:33:41, 4 runs x 3 threads
run           state                            it    s/it   mean mT   N_green  F $/vox   hours  expected   latest     
noise1        running                      54/150      67    117.53         0      inf    1.21  unknown    Tue 03:19  
noise2        running                      31/150     115     87.62         0      inf    1.19  unknown    Tue 03:50  
noise3        running                      44/150      84     88.64         0      inf    1.21  unknown    Tue 03:50  
noise4        running                      29/150     153    100.47         2 2.29e+03    1.20  unknown    Tue 03:50  
[2J[Hsession planx_ms2: started Tue 00:20, budget ends Tue 03:50, now Tue 01:34:11, 4 runs x 3 threads
run           state                            it    s/it   mean mT   N_green  F $/vox   hours  expected   latest     
noise1        running                      55/150      64    119.25         1 3.89e+03    1.22  unknown    Tue 03:16  
noise2        running                      31/150     115     87.62         0      inf    1.19  unknown    Tue 03:50  
noise3        running                      44/150      84     88.64         0      inf    1.21  unknown    Tue 03:50  
noise4        running                      29/150     153    100.47         2 2.29e+03    1.20  unknown    Tue 03:50  
[2J[Hsession planx_ms2: started Tue 00:20, budget ends Tue 03:50, now Tue 01:34:41, 4 runs x 3 threads
run           state                            it    s/it   mean mT   N_green  F $/vox   hours  expected   latest     
noise1        running                      55/150      64    119.25         1 3.89e+03    1.22  unknown    Tue 03:16  
noise2        running                      31/150     115     87.62         0      inf    1.19  unknown    Tue 03:50  
noise3        running                      45/150      84     91.06         0      inf    1.23  unknown    Tue 03:50  
noise4        running                      29/150     153    100.47         2 2.29e+03    1.20  unknown    Tue 03:50  
[2J[Hsession planx_ms2: started Tue 00:20, budget ends Tue 03:50, now Tue 01:35:11, 4 runs x 3 threads
run           state                            it    s/it   mean mT   N_green  F $/vox   hours  expected   latest     
noise1        running                      55/150      64    119.25         1 3.89e+03    1.22  unknown    Tue 03:16  
noise2        running                      32/150     115     89.68         0      inf    1.23  unknown    Tue 03:50  
noise3        running                      45/150      84     91.06         0      inf    1.23  unknown    Tue 03:50  
noise4        running                      29/150     153    100.47         2 2.29e+03    1.20  unknown    Tue 03:50  
[2J[Hsession planx_ms2: started Tue 00:20, budget ends Tue 03:50, now Tue 01:35:41, 4 runs x 3 threads
run           state                            it    s/it   mean mT   N_green  F $/vox   hours  expected   latest     
noise1        running                      56/150      64    120.94         0      inf    1.24  unknown    Tue 03:15  
noise2        running                      32/150     115     89.68         0      inf    1.23  unknown    Tue 03:50  
noise3        running                      45/150      84     91.06         0      inf    1.23  unknown    Tue 03:50  
noise4        running                      30/150     142    103.29         0      inf    1.24  unknown    Tue 03:50  
[2J[Hsession planx_ms2: started Tue 00:20, budget ends Tue 03:50, now Tue 01:36:11, 4 runs x 3 threads
run           state                            it    s/it   mean mT   N_green  F $/vox   hours  expected   latest     
noise1        running                      56/150      64    120.94         0      inf    1.24  unknown    Tue 03:15  
noise2        running                      32/150     115     89.68         0      inf    1.23  unknown    Tue 03:50  
noise3        running                      46/150      84     93.34         0      inf    1.25  unknown    Tue 03:50  
noise4        running                      30/150     142    103.29         0      inf    1.24  unknown    Tue 03:50  
[2J[Hsession planx_ms2: started Tue 00:20, budget ends Tue 03:50, now Tue 01:36:41, 4 runs x 3 threads
run           state                            it    s/it   mean mT   N_green  F $/vox   hours  expected   latest     
noise1        running                      57/150      64    122.56         1 3.91e+03    1.26  unknown    Tue 03:16  
noise2        running                      33/150     106     92.09         0      inf    1.26  unknown    Tue 03:50  
noise3        running                      46/150      84     93.34         0      inf    1.25  unknown    Tue 03:50  
noise4        running                      30/150     142    103.29         0      inf    1.24  unknown    Tue 03:50  
[2J[Hsession planx_ms2: started Tue 00:20, budget ends Tue 03:50, now Tue 01:37:11, 4 runs x 3 threads
run           state                            it    s/it   mean mT   N_green  F $/vox   hours  expected   latest     
noise1        running                      57/150      64    122.56         1 3.91e+03    1.26  unknown    Tue 03:16  
noise2        running                      33/150     106     92.09         0      inf    1.26  unknown    Tue 03:50  
noise3        running                      46/150      84     93.34         0      inf    1.25  unknown    Tue 03:50  
noise4        running                      30/150     142    103.29         0      inf    1.24  unknown    Tue 03:50  
[2J[Hsession planx_ms2: started Tue 00:20, budget ends Tue 03:50, now Tue 01:37:41, 4 runs x 3 threads
run           state                            it    s/it   mean mT   N_green  F $/vox   hours  expected   latest     
noise1        running                      58/150      62    124.15         1 3.92e+03    1.28  unknown    Tue 03:13  
noise2        running                      33/150     106     92.09         0      inf    1.26  unknown    Tue 03:50  
noise3        running                      47/150      84     95.82         0      inf    1.28  unknown    Tue 03:50  
noise4        running                      31/150     140    103.84         0      inf    1.28  unknown    Tue 03:50  
[2J[Hsession planx_ms2: started Tue 00:20, budget ends Tue 03:50, now Tue 01:38:11, 4 runs x 3 threads
run           state                            it    s/it   mean mT   N_green  F $/vox   hours  expected   latest     
noise1        running                      58/150      62    124.15         1 3.92e+03    1.28  unknown    Tue 03:13  
noise2        running                      34/150     106     94.70         0      inf    1.29  unknown    Tue 03:50  
noise3        running                      47/150      84     95.82         0      inf    1.28  unknown    Tue 03:50  
noise4        running                      31/150     140    103.84         0      inf    1.28  unknown    Tue 03:50  
[2J[Hsession planx_ms2: started Tue 00:20, budget ends Tue 03:50, now Tue 01:38:41, 4 runs x 3 threads
run           state                            it    s/it   mean mT   N_green  F $/vox   hours  expected   latest     
noise1        running                      59/150      61    125.72         1 3.93e+03    1.30  unknown    Tue 03:11  
noise2        running                      34/150     106     94.70         0      inf    1.29  unknown    Tue 03:50  
noise3        running                      47/150      84     95.82         0      inf    1.28  unknown    Tue 03:50  
noise4        running                      31/150     140    103.84         0      inf    1.28  unknown    Tue 03:50  
[2J[Hsession planx_ms2: started Tue 00:20, budget ends Tue 03:50, now Tue 01:39:11, 4 runs x 3 threads
run           state                            it    s/it   mean mT   N_green  F $/vox   hours  expected   latest     
noise1        running                      59/150      61    125.72         1 3.93e+03    1.30  unknown    Tue 03:11  
noise2        running                      34/150     106     94.70         0      inf    1.29  unknown    Tue 03:50  
noise3        running                      48/150      84     98.45         0      inf    1.30  unknown    Tue 03:50  
noise4        running                      32/150     137    104.67         4 1.14e+03    1.31  unknown    Tue 03:50  
[2J[Hsession planx_ms2: started Tue 00:20, budget ends Tue 03:50, now Tue 01:39:41, 4 runs x 3 threads
run           state                            it    s/it   mean mT   N_green  F $/vox   hours  expected   latest     
noise1        running                      60/150      61    127.31         1 3.94e+03    1.32  unknown    Tue 03:11  
noise2        running                      35/150     106     97.22         1 4.36e+03    1.31  unknown    Tue 03:50  
noise3        running                      48/150      84     98.45         0      inf    1.30  unknown    Tue 03:50  
noise4        running                      32/150     137    104.67         4 1.14e+03    1.31  unknown    Tue 03:50  
[2J[Hsession planx_ms2: started Tue 00:20, budget ends Tue 03:50, now Tue 01:40:11, 4 runs x 3 threads
run           state                            it    s/it   mean mT   N_green  F $/vox   hours  expected   latest     
noise1        running                      60/150      61    127.31         1 3.94e+03    1.32  unknown    Tue 03:11  
noise2        running                      35/150     106     97.22         1 4.36e+03    1.31  unknown    Tue 03:50  
noise3        running                      48/150      84     98.45         0      inf    1.30  unknown    Tue 03:50  
noise4        running                      32/150     137    104.67         4 1.14e+03    1.31  unknown    Tue 03:50  
[2J[Hsession planx_ms2: started Tue 00:20, budget ends Tue 03:50, now Tue 01:40:41, 4 runs x 3 threads
run           state                            it    s/it   mean mT   N_green  F $/vox   hours  expected   latest     
noise1        running                      60/150      61    127.31         1 3.94e+03    1.32  unknown    Tue 03:11  
noise2        running                      35/150     106     97.22         1 4.36e+03    1.31  unknown    Tue 03:50  
noise3        running                      49/150      83    101.08         0      inf    1.33  unknown    Tue 03:50  
noise4        running                      32/150     137    104.67         4 1.14e+03    1.31  unknown    Tue 03:50  
[2J[Hsession planx_ms2: started Tue 00:20, budget ends Tue 03:50, now Tue 01:41:11, 4 runs x 3 threads
run           state                            it    s/it   mean mT   N_green  F $/vox   hours  expected   latest     
noise1        running                      61/150      61    128.72         1 3.95e+03    1.33  unknown    Tue 03:10  
noise2        running                      35/150     106     97.22         1 4.36e+03    1.31  unknown    Tue 03:50  
noise3        running                      49/150      83    101.08         0      inf    1.33  unknown    Tue 03:50  
noise4        running                      33/150     137    105.79         0      inf    1.34  unknown    Tue 03:50  
[2J[Hsession planx_ms2: started Tue 00:20, budget ends Tue 03:50, now Tue 01:41:41, 4 runs x 3 threads
run           state                            it    s/it   mean mT   N_green  F $/vox   hours  expected   latest     
noise1        running                      61/150      61    128.72         1 3.95e+03    1.33  unknown    Tue 03:10  
noise2        running                      35/150     106     97.22         1 4.36e+03    1.31  unknown    Tue 03:50  
noise3        running                      49/150      83    101.08         0      inf    1.33  unknown    Tue 03:50  
noise4        running                      33/150     137    105.79         0      inf    1.34  unknown    Tue 03:50  
[2J[Hsession planx_ms2: started Tue 00:20, budget ends Tue 03:50, now Tue 01:42:11, 4 runs x 3 threads
run           state                            it    s/it   mean mT   N_green  F $/vox   hours  expected   latest     
noise1        running                      62/150      61    130.03         0      inf    1.35  unknown    Tue 03:11  
noise2        running                      35/150     106     97.22         1 4.36e+03    1.31  unknown    Tue 03:50  
noise3        running                      50/150      83    104.81         0      inf    1.36  unknown    Tue 03:50  
noise4        running                      33/150     137    105.79         0      inf    1.34  unknown    Tue 03:50  
[2J[Hsession planx_ms2: started Tue 00:20, budget ends Tue 03:50, now Tue 01:42:41, 4 runs x 3 threads
run           state                            it    s/it   mean mT   N_green  F $/vox   hours  expected   latest     
noise1        running                      62/150      61    130.03         0      inf    1.35  unknown    Tue 03:11  
noise2        running                      35/150     106     97.22         1 4.36e+03    1.31  unknown    Tue 03:50  
noise3        running                      50/150      83    104.81         0      inf    1.36  unknown    Tue 03:50  
noise4        running                      33/150     137    105.79         0      inf    1.34  unknown    Tue 03:50  
[2J[Hsession planx_ms2: started Tue 00:20, budget ends Tue 03:50, now Tue 01:43:11, 4 runs x 3 threads
run           state                            it    s/it   mean mT   N_green  F $/vox   hours  expected   latest     
noise1        running                      63/150      61    159.48         1 3.97e+03    1.37  unknown    Tue 03:12  
noise2        running                      36/150     115     98.28         0      inf    1.37  unknown    Tue 03:50  
noise3        running                      50/150      83    104.81         0      inf    1.36  unknown    Tue 03:50  
noise4        running                      33/150     137    105.79         0      inf    1.34  unknown    Tue 03:50  
[2J[Hsession planx_ms2: started Tue 00:20, budget ends Tue 03:50, now Tue 01:43:41, 4 runs x 3 threads
run           state                            it    s/it   mean mT   N_green  F $/vox   hours  expected   latest     
noise1        running                      63/150      61    159.48         1 3.97e+03    1.37  unknown    Tue 03:12  
noise2        running                      36/150     115     98.28         0      inf    1.37  unknown    Tue 03:50  
noise3        running                      50/150      83    104.81         0      inf    1.36  unknown    Tue 03:50  
noise4        running                      33/150     137    105.79         0      inf    1.34  unknown    Tue 03:50  
[2J[Hsession planx_ms2: started Tue 00:20, budget ends Tue 03:50, now Tue 01:44:11, 4 runs x 3 threads
run           state                            it    s/it   mean mT   N_green  F $/vox   hours  expected   latest     
noise1        running                      63/150      61    159.48         1 3.97e+03    1.37  unknown    Tue 03:12  
noise2        running                      36/150     115     98.28         0      inf    1.37  unknown    Tue 03:50  
noise3        running                      51/150      83    107.96         1 3.91e+03    1.39  unknown    Tue 03:50  
noise4        running                      34/150     140    107.38         0      inf    1.38  unknown    Tue 03:50  
[2J[Hsession planx_ms2: started Tue 00:20, budget ends Tue 03:50, now Tue 01:44:41, 4 runs x 3 threads
run           state                            it    s/it   mean mT   N_green  F $/vox   hours  expected   latest     
noise1        running                      64/150      61    131.06         1 3.96e+03    1.40  unknown    Tue 03:12  
noise2        running                      36/150     115     98.28         0      inf    1.37  unknown    Tue 03:50  
noise3        running                      51/150      83    107.96         1 3.91e+03    1.39  unknown    Tue 03:50  
noise4        running                      34/150     140    107.38         0      inf    1.38  unknown    Tue 03:50  
[2J[Hsession planx_ms2: started Tue 00:20, budget ends Tue 03:50, now Tue 01:45:11, 4 runs x 3 threads
run           state                            it    s/it   mean mT   N_green  F $/vox   hours  expected   latest     
noise1        running                      64/150      61    131.06         1 3.96e+03    1.40  unknown    Tue 03:12  
noise2        running                      37/150     116     99.73         0      inf    1.40  unknown    Tue 03:50  
noise3        running                      51/150      83    107.96         1 3.91e+03    1.39  unknown    Tue 03:50  
noise4        running                      34/150     140    107.38         0      inf    1.38  unknown    Tue 03:50  
[2J[Hsession planx_ms2: started Tue 00:20, budget ends Tue 03:50, now Tue 01:45:41, 4 runs x 3 threads
run           state                            it    s/it   mean mT   N_green  F $/vox   hours  expected   latest     
noise1        running                      64/150      61    131.06         1 3.96e+03    1.40  unknown    Tue 03:12  
noise2        running                      37/150     116     99.73         0      inf    1.40  unknown    Tue 03:50  
noise3        running                      52/150      83    110.31         0      inf    1.41  unknown    Tue 03:50  
noise4        running                      34/150     140    107.38         0      inf    1.38  unknown    Tue 03:50  
[2J[Hsession planx_ms2: started Tue 00:20, budget ends Tue 03:50, now Tue 01:46:11, 4 runs x 3 threads
run           state                            it    s/it   mean mT   N_green  F $/vox   hours  expected   latest     
noise1        running                      65/150      62    132.40         2 1.99e+03    1.42  unknown    Tue 03:13  
noise2        running                      37/150     116     99.73         0      inf    1.40  unknown    Tue 03:50  
noise3        running                      52/150      83    110.31         0      inf    1.41  unknown    Tue 03:50  
noise4        running                      34/150     140    107.38         0      inf    1.38  unknown    Tue 03:50  
[2J[Hsession planx_ms2: started Tue 00:20, budget ends Tue 03:50, now Tue 01:46:41, 4 runs x 3 threads
run           state                            it    s/it   mean mT   N_green  F $/vox   hours  expected   latest     
noise1        running                      65/150      62    132.40         2 1.99e+03    1.42  unknown    Tue 03:13  
noise2        running                      38/150     115    101.62         0      inf    1.43  unknown    Tue 03:50  
noise3        running                      52/150      83    110.31         0      inf    1.41  unknown    Tue 03:50  
noise4        running                      35/150     140    109.53         0      inf    1.43  unknown    Tue 03:50  
[2J[Hsession planx_ms2: started Tue 00:20, budget ends Tue 03:50, now Tue 01:47:11, 4 runs x 3 threads
run           state                            it    s/it   mean mT   N_green  F $/vox   hours  expected   latest     
noise1        running                      66/150      63    133.94         2 1.99e+03    1.43  unknown    Tue 03:15  
noise2        running                      38/150     115    101.62         0      inf    1.43  unknown    Tue 03:50  
noise3        running                      52/150      83    110.31         0      inf    1.41  unknown    Tue 03:50  
noise4        running                      35/150     140    109.53         0      inf    1.43  unknown    Tue 03:50  
[2J[Hsession planx_ms2: started Tue 00:20, budget ends Tue 03:50, now Tue 01:47:41, 4 runs x 3 threads
run           state                            it    s/it   mean mT   N_green  F $/vox   hours  expected   latest     
noise1        running                      66/150      63    133.94         2 1.99e+03    1.43  unknown    Tue 03:15  
noise2        running                      38/150     115    101.62         0      inf    1.43  unknown    Tue 03:50  
noise3        running                      53/150      84    112.77         1 3.93e+03    1.44  unknown    Tue 03:50  
noise4        running                      35/150     140    109.53         0      inf    1.43  unknown    Tue 03:50  
[2J[Hsession planx_ms2: started Tue 00:20, budget ends Tue 03:50, now Tue 01:48:11, 4 runs x 3 threads
run           state                            it    s/it   mean mT   N_green  F $/vox   hours  expected   latest     
noise1        running                      67/150      63    135.49         3 1.33e+03    1.45  unknown    Tue 03:15  
noise2        running                      39/150     115    103.78         4 1.09e+03    1.45  unknown    Tue 03:50  
noise3        running                      53/150      84    112.77         1 3.93e+03    1.44  unknown    Tue 03:50  
noise4        running                      35/150     140    109.53         0      inf    1.43  unknown    Tue 03:50  
[2J[Hsession planx_ms2: started Tue 00:20, budget ends Tue 03:50, now Tue 01:48:41, 4 runs x 3 threads
run           state                            it    s/it   mean mT   N_green  F $/vox   hours  expected   latest     
noise1        running                      67/150      63    135.49         3 1.33e+03    1.45  unknown    Tue 03:15  
noise2        running                      39/150     115    103.78         4 1.09e+03    1.45  unknown    Tue 03:50  
noise3        running                      54/150      84    114.98         0      inf    1.46  unknown    Tue 03:50  
noise4        running                      36/150     140    111.57         1 4.57e+03    1.46  unknown    Tue 03:50  
[2J[Hsession planx_ms2: started Tue 00:20, budget ends Tue 03:50, now Tue 01:49:11, 4 runs x 3 threads
run           state                            it    s/it   mean mT   N_green  F $/vox   hours  expected   latest     
noise1        running                      67/150      63    135.49         3 1.33e+03    1.45  unknown    Tue 03:15  
noise2        running                      39/150     115    103.78         4 1.09e+03    1.45  unknown    Tue 03:50  
noise3        running                      54/150      84    114.98         0      inf    1.46  unknown    Tue 03:50  
noise4        running                      36/150     140    111.57         1 4.57e+03    1.46  unknown    Tue 03:50  
[2J[Hsession planx_ms2: started Tue 00:20, budget ends Tue 03:50, now Tue 01:49:41, 4 runs x 3 threads
run           state                            it    s/it   mean mT   N_green  F $/vox   hours  expected   latest     
noise1        running                      68/150      63    137.16         3 1.34e+03    1.48  unknown    Tue 03:15  
noise2        running                      40/150     115    105.65         1 4.38e+03    1.48  unknown    Tue 03:50  
noise3        running                      54/150      84    114.98         0      inf    1.46  unknown    Tue 03:50  
noise4        running                      36/150     140    111.57         1 4.57e+03    1.46  unknown    Tue 03:50  
[2J[Hsession planx_ms2: started Tue 00:20, budget ends Tue 03:50, now Tue 01:50:11, 4 runs x 3 threads
run           state                            it    s/it   mean mT   N_green  F $/vox   hours  expected   latest     
noise1        running                      68/150      63    137.16         3 1.34e+03    1.48  unknown    Tue 03:15  
noise2        running                      40/150     115    105.65         1 4.38e+03    1.48  unknown    Tue 03:50  
noise3        running                      54/150      84    114.98         0      inf    1.46  unknown    Tue 03:50  
noise4        running                      36/150     140    111.57         1 4.57e+03    1.46  unknown    Tue 03:50  
[2J[Hsession planx_ms2: started Tue 00:20, budget ends Tue 03:50, now Tue 01:50:41, 4 runs x 3 threads
run           state                            it    s/it   mean mT   N_green  F $/vox   hours  expected   latest     
noise1        running                      69/150      62    138.84         2 2.02e+03    1.49  unknown    Tue 03:14  
noise2        running                      41/150     115    107.71         0      inf    1.50  unknown    Tue 03:50  
noise3        running                      55/150      97    117.11         0      inf    1.50  unknown    Tue 03:50  
noise4        running                      37/150     140    112.07         1 4.56e+03    1.50  unknown    Tue 03:50  
[2J[Hsession planx_ms2: started Tue 00:20, budget ends Tue 03:50, now Tue 01:51:11, 4 runs x 3 threads
run           state                            it    s/it   mean mT   N_green  F $/vox   hours  expected   latest     
noise1        running                      69/150      62    138.84         2 2.02e+03    1.49  unknown    Tue 03:14  
noise2        running                      41/150     115    107.71         0      inf    1.50  unknown    Tue 03:50  
noise3        running                      55/150      97    117.11         0      inf    1.50  unknown    Tue 03:50  
noise4        running                      37/150     140    112.07         1 4.56e+03    1.50  unknown    Tue 03:50  
[2J[Hsession planx_ms2: started Tue 00:20, budget ends Tue 03:50, now Tue 01:51:41, 4 runs x 3 threads
run           state                            it    s/it   mean mT   N_green  F $/vox   hours  expected   latest     
noise1        running                      70/150      62    140.53         2 2.02e+03    1.51  unknown    Tue 03:14  
noise2        running                      41/150     115    107.71         0      inf    1.50  unknown    Tue 03:50  
noise3        running                      55/150      97    117.11         0      inf    1.50  unknown    Tue 03:50  
noise4        running                      37/150     140    112.07         1 4.56e+03    1.50  unknown    Tue 03:50  
[2J[Hsession planx_ms2: started Tue 00:20, budget ends Tue 03:50, now Tue 01:52:11, 4 runs x 3 threads
run           state                            it    s/it   mean mT   N_green  F $/vox   hours  expected   latest     
noise1        running                      70/150      62    140.53         2 2.02e+03    1.51  unknown    Tue 03:14  
noise2        running                      42/150     102    109.57         0      inf    1.52  unknown    Tue 03:50  
noise3        running                      56/150      87    119.21         0      inf    1.52  unknown    Tue 03:50  
noise4        running                      37/150     140    112.07         1 4.56e+03    1.50  unknown    Tue 03:50  
[2J[Hsession planx_ms2: started Tue 00:20, budget ends Tue 03:50, now Tue 01:52:41, 4 runs x 3 threads
run           state                            it    s/it   mean mT   N_green  F $/vox   hours  expected   latest     
noise1        running                      70/150      62    140.53         2 2.02e+03    1.51  unknown    Tue 03:14  
noise2        running                      42/150     102    109.57         0      inf    1.52  unknown    Tue 03:50  
noise3        running                      56/150      87    119.21         0      inf    1.52  unknown    Tue 03:50  
noise4        running                      38/150     135    112.78         0      inf    1.53  unknown    Tue 03:50  
[2J[Hsession planx_ms2: started Tue 00:20, budget ends Tue 03:50, now Tue 01:53:11, 4 runs x 3 threads
run           state                            it    s/it   mean mT   N_green  F $/vox   hours  expected   latest     
noise1        running                      71/150      63    142.07         2 2.03e+03    1.53  unknown    Tue 03:16  
noise2        running                      42/150     102    109.57         0      inf    1.52  unknown    Tue 03:50  
noise3        running                      56/150      87    119.21         0      inf    1.52  unknown    Tue 03:50  
noise4        running                      38/150     135    112.78         0      inf    1.53  unknown    Tue 03:50  
[2J[Hsession planx_ms2: started Tue 00:20, budget ends Tue 03:50, now Tue 01:53:41, 4 runs x 3 threads
run           state                            it    s/it   mean mT   N_green  F $/vox   hours  expected   latest     
noise1        running                      71/150      63    142.07         2 2.03e+03    1.53  unknown    Tue 03:16  
noise2        running                      43/150      90    111.04         1 4.41e+03    1.55  unknown    Tue 03:50  
noise3        running                      57/150      87    121.02         8      497    1.55  unknown    Tue 03:50  
noise4        running                      38/150     135    112.78         0      inf    1.53  unknown    Tue 03:50  
[2J[Hsession planx_ms2: started Tue 00:20, budget ends Tue 03:50, now Tue 01:54:11, 4 runs x 3 threads
run           state                            it    s/it   mean mT   N_green  F $/vox   hours  expected   latest     
noise1        running                      72/150      63    143.56         4 1.02e+03    1.56  unknown    Tue 03:16  
noise2        running                      43/150      90    111.04         1 4.41e+03    1.55  unknown    Tue 03:50  
noise3        running                      57/150      87    121.02         8      497    1.55  unknown    Tue 03:50  
noise4        running                      38/150     135    112.78         0      inf    1.53  unknown    Tue 03:50  
[2J[Hsession planx_ms2: started Tue 00:20, budget ends Tue 03:50, now Tue 01:54:41, 4 runs x 3 threads
run           state                            it    s/it   mean mT   N_green  F $/vox   hours  expected   latest     
noise1        running                      72/150      63    143.56         4 1.02e+03    1.56  unknown    Tue 03:16  
noise2        running                      43/150      90    111.04         1 4.41e+03    1.55  unknown    Tue 03:50  
noise3        running                      57/150      87    121.02         8      497    1.55  unknown    Tue 03:50  
noise4        running                      39/150     126    113.81         1 4.54e+03    1.56  unknown    Tue 03:50  
[2J[Hsession planx_ms2: started Tue 00:20, budget ends Tue 03:50, now Tue 01:55:12, 4 runs x 3 threads
run           state                            it    s/it   mean mT   N_green  F $/vox   hours  expected   latest     
noise1        running                      73/150      63    159.31         4 1.02e+03    1.57  unknown    Tue 03:16  
noise2        running                      44/150      90    112.25         0      inf    1.57  unknown    Tue 03:50  
noise3        running                      57/150      87    121.02         8      497    1.55  unknown    Tue 03:50  
noise4        running                      39/150     126    113.81         1 4.54e+03    1.56  unknown    Tue 03:50  
[2J[Hsession planx_ms2: started Tue 00:20, budget ends Tue 03:50, now Tue 01:55:42, 4 runs x 3 threads
run           state                            it    s/it   mean mT   N_green  F $/vox   hours  expected   latest     
noise1        running                      73/150      63    159.31         4 1.02e+03    1.57  unknown    Tue 03:16  
noise2        running                      44/150      90    112.25         0      inf    1.57  unknown    Tue 03:50  
noise3        running                      58/150      87    122.68         1 3.99e+03    1.58  unknown    Tue 03:50  
noise4        running                      39/150     126    113.81         1 4.54e+03    1.56  unknown    Tue 03:50  
[2J[Hsession planx_ms2: started Tue 00:20, budget ends Tue 03:50, now Tue 01:56:12, 4 runs x 3 threads
run           state                            it    s/it   mean mT   N_green  F $/vox   hours  expected   latest     
noise1        running                      73/150      63    159.31         4 1.02e+03    1.57  unknown    Tue 03:16  
noise2        running                      45/150      86    113.37         0      inf    1.59  unknown    Tue 03:50  
noise3        running                      58/150      87    122.68         1 3.99e+03    1.58  unknown    Tue 03:50  
noise4        running                      39/150     126    113.81         1 4.54e+03    1.56  unknown    Tue 03:50  
[2J[Hsession planx_ms2: started Tue 00:20, budget ends Tue 03:50, now Tue 01:56:42, 4 runs x 3 threads
run           state                            it    s/it   mean mT   N_green  F $/vox   hours  expected   latest     
noise1        running                      74/150      65    159.20         4 1.02e+03    1.59  unknown    Tue 03:18  
noise2        running                      45/150      86    113.37         0      inf    1.59  unknown    Tue 03:50  
noise3        running                      58/150      87    122.68         1 3.99e+03    1.58  unknown    Tue 03:50  
noise4        running                      40/150     126    115.24         0      inf    1.59  unknown    Tue 03:50  
[2J[Hsession planx_ms2: started Tue 00:20, budget ends Tue 03:50, now Tue 01:57:12, 4 runs x 3 threads
run           state                            it    s/it   mean mT   N_green  F $/vox   hours  expected   latest     
noise1        running                      74/150      65    159.20         4 1.02e+03    1.59  unknown    Tue 03:18  
noise2        running                      45/150      86    113.37         0      inf    1.59  unknown    Tue 03:50  
noise3        running                      59/150      85    124.36         0      inf    1.60  unknown    Tue 03:50  
noise4        running                      40/150     126    115.24         0      inf    1.59  unknown    Tue 03:50  
[2J[Hsession planx_ms2: started Tue 00:20, budget ends Tue 03:50, now Tue 01:57:42, 4 runs x 3 threads
run           state                            it    s/it   mean mT   N_green  F $/vox   hours  expected   latest     
noise1        running                      74/150      65    159.20         4 1.02e+03    1.59  unknown    Tue 03:18  
noise2        running                      46/150      81    114.63         0      inf    1.61  unknown    Tue 03:50  
noise3        running                      59/150      85    124.36         0      inf    1.60  unknown    Tue 03:50  
noise4        running                      40/150     126    115.24         0      inf    1.59  unknown    Tue 03:50  
[2J[Hsession planx_ms2: started Tue 00:20, budget ends Tue 03:50, now Tue 01:58:12, 4 runs x 3 threads
run           state                            it    s/it   mean mT   N_green  F $/vox   hours  expected   latest     
noise1        running                      75/150      68    159.20         4 1.02e+03    1.62  unknown    Tue 03:23  
noise2        running                      46/150      81    114.63         0      inf    1.61  unknown    Tue 03:50  
noise3        running                      59/150      85    124.36         0      inf    1.60  unknown    Tue 03:50  
noise4        running                      40/150     126    115.24         0      inf    1.59  unknown    Tue 03:50  
[2J[Hsession planx_ms2: started Tue 00:20, budget ends Tue 03:50, now Tue 01:58:42, 4 runs x 3 threads
run           state                            it    s/it   mean mT   N_green  F $/vox   hours  expected   latest     
noise1        running                      75/150      68    159.20         4 1.02e+03    1.62  unknown    Tue 03:23  
noise2        running                      47/150      77    116.02         1 4.47e+03    1.63  unknown    Tue 03:50  
noise3        running                      60/150      87    126.07         1 4.01e+03    1.63  unknown    Tue 03:50  
noise4        running                      41/150     119    116.39         2 2.27e+03    1.63  unknown    Tue 03:50  
[2J[Hsession planx_ms2: started Tue 00:20, budget ends Tue 03:50, now Tue 01:59:12, 4 runs x 3 threads
run           state                            it    s/it   mean mT   N_green  F $/vox   hours  expected   latest     
noise1        running                      75/150      68    159.20         4 1.02e+03    1.62  unknown    Tue 03:23  
noise2        running                      47/150      77    116.02         1 4.47e+03    1.63  unknown    Tue 03:50  
noise3        running                      60/150      87    126.07         1 4.01e+03    1.63  unknown    Tue 03:50  
noise4        running                      41/150     119    116.39         2 2.27e+03    1.63  unknown    Tue 03:50  
[2J[Hsession planx_ms2: started Tue 00:20, budget ends Tue 03:50, now Tue 01:59:42, 4 runs x 3 threads
run           state                            it    s/it   mean mT   N_green  F $/vox   hours  expected   latest     
noise1        running                      76/150      70    159.20         4 1.02e+03    1.65  unknown    Tue 03:26  
noise2        running                      47/150      77    116.02         1 4.47e+03    1.63  unknown    Tue 03:50  
noise3        running                      60/150      87    126.07         1 4.01e+03    1.63  unknown    Tue 03:50  
noise4        running                      41/150     119    116.39         2 2.27e+03    1.63  unknown    Tue 03:50  
[2J[Hsession planx_ms2: started Tue 00:20, budget ends Tue 03:50, now Tue 02:00:12, 4 runs x 3 threads
run           state                            it    s/it   mean mT   N_green  F $/vox   hours  expected   latest     
noise1        running                      76/150      70    159.20         4 1.02e+03    1.65  unknown    Tue 03:26  
noise2        running                      48/150      76    117.46         0      inf    1.65  unknown    Tue 03:50  
noise3        running                      61/150      88    127.91         1 4.02e+03    1.65  unknown    Tue 03:50  
noise4        running                      41/150     119    116.39         2 2.27e+03    1.63  unknown    Tue 03:50  
[2J[Hsession planx_ms2: started Tue 00:20, budget ends Tue 03:50, now Tue 02:00:42, 4 runs x 3 threads
run           state                            it    s/it   mean mT   N_green  F $/vox   hours  expected   latest     
noise1        running                      76/150      70    159.20         4 1.02e+03    1.65  unknown    Tue 03:26  
noise2        running                      48/150      76    117.46         0      inf    1.65  unknown    Tue 03:50  
noise3        running                      61/150      88    127.91         1 4.02e+03    1.65  unknown    Tue 03:50  
noise4        running                      42/150     118    117.22         1 4.53e+03    1.66  unknown    Tue 03:50  
[2J[Hsession planx_ms2: started Tue 00:20, budget ends Tue 03:50, now Tue 02:01:12, 4 runs x 3 threads
run           state                            it    s/it   mean mT   N_green  F $/vox   hours  expected   latest     
noise1        running                      76/150      70    159.20         4 1.02e+03    1.65  unknown    Tue 03:26  
noise2        running                      48/150      76    117.46         0      inf    1.65  unknown    Tue 03:50  
noise3        running                      61/150      88    127.91         1 4.02e+03    1.65  unknown    Tue 03:50  
noise4        running                      42/150     118    117.22         1 4.53e+03    1.66  unknown    Tue 03:50  
[2J[Hsession planx_ms2: started Tue 00:20, budget ends Tue 03:50, now Tue 02:01:42, 4 runs x 3 threads
run           state                            it    s/it   mean mT   N_green  F $/vox   hours  expected   latest     
noise1        running                      77/150      71    159.20         4 1.02e+03    1.68  unknown    Tue 03:27  
noise2        running                      49/150      77    118.89         0      inf    1.67  unknown    Tue 03:50  
noise3        running                      62/150      87    129.70         1 4.04e+03    1.68  unknown    Tue 03:50  
noise4        running                      42/150     118    117.22         1 4.53e+03    1.66  unknown    Tue 03:50  
[2J[Hsession planx_ms2: started Tue 00:20, budget ends Tue 03:50, now Tue 02:02:12, 4 runs x 3 threads
run           state                            it    s/it   mean mT   N_green  F $/vox   hours  expected   latest     
noise1        running                      77/150      71    159.20         4 1.02e+03    1.68  unknown    Tue 03:27  
noise2        running                      49/150      77    118.89         0      inf    1.67  unknown    Tue 03:50  
noise3        running                      62/150      87    129.70         1 4.04e+03    1.68  unknown    Tue 03:50  
noise4        running                      43/150     115    118.56         1 4.53e+03    1.69  unknown    Tue 03:50  
[2J[Hsession planx_ms2: started Tue 00:20, budget ends Tue 03:50, now Tue 02:02:42, 4 runs x 3 threads
run           state                            it    s/it   mean mT   N_green  F $/vox   hours  expected   latest     
noise1        running                      77/150      71    159.20         4 1.02e+03    1.68  unknown    Tue 03:27  
noise2        running                      49/150      77    118.89         0      inf    1.67  unknown    Tue 03:50  
noise3        running                      62/150      87    129.70         1 4.04e+03    1.68  unknown    Tue 03:50  
noise4        running                      43/150     115    118.56         1 4.53e+03    1.69  unknown    Tue 03:50  
[2J[Hsession planx_ms2: started Tue 00:20, budget ends Tue 03:50, now Tue 02:03:12, 4 runs x 3 threads
run           state                            it    s/it   mean mT   N_green  F $/vox   hours  expected   latest     
noise1        running                      77/150      71    159.20         4 1.02e+03    1.68  unknown    Tue 03:27  
noise2        running                      50/150      77    120.16         0      inf    1.70  unknown    Tue 03:50  
noise3        running                      63/150      88    131.76         1 4.05e+03    1.70  unknown    Tue 03:50  
noise4        running                      43/150     115    118.56         1 4.53e+03    1.69  unknown    Tue 03:50  
[2J[Hsession planx_ms2: started Tue 00:20, budget ends Tue 03:50, now Tue 02:03:42, 4 runs x 3 threads
run           state                            it    s/it   mean mT   N_green  F $/vox   hours  expected   latest     
noise1        running                      78/150      71    159.20         4 1.02e+03    1.71  unknown    Tue 03:28  
noise2        running                      50/150      77    120.16         0      inf    1.70  unknown    Tue 03:50  
noise3        running                      63/150      88    131.76         1 4.05e+03    1.70  unknown    Tue 03:50  
noise4        running                      44/150     114    119.26         0      inf    1.72  unknown    Tue 03:50  
[2J[Hsession planx_ms2: started Tue 00:20, budget ends Tue 03:50, now Tue 02:04:12, 4 runs x 3 threads
run           state                            it    s/it   mean mT   N_green  F $/vox   hours  expected   latest     
noise1        running                      78/150      71    159.20         4 1.02e+03    1.71  unknown    Tue 03:28  
noise2        running                      50/150      77    120.16         0      inf    1.70  unknown    Tue 03:50  
noise3        running                      63/150      88    131.76         1 4.05e+03    1.70  unknown    Tue 03:50  
noise4        running                      44/150     114    119.26         0      inf    1.72  unknown    Tue 03:50  
[2J[Hsession planx_ms2: started Tue 00:20, budget ends Tue 03:50, now Tue 02:04:42, 4 runs x 3 threads
run           state                            it    s/it   mean mT   N_green  F $/vox   hours  expected   latest     
noise1        running                      78/150      71    159.20         4 1.02e+03    1.71  unknown    Tue 03:28  
noise2        running                      51/150      77    121.46         0      inf    1.73  unknown    Tue 03:50  
noise3        running                      64/150      88    158.54         1 4.07e+03    1.73  unknown    Tue 03:50  
noise4        running                      44/150     114    119.26         0      inf    1.72  unknown    Tue 03:50  
[2J[Hsession planx_ms2: started Tue 00:20, budget ends Tue 03:50, now Tue 02:05:12, 4 runs x 3 threads
run           state                            it    s/it   mean mT   N_green  F $/vox   hours  expected   latest     
noise1        running                      78/150      71    159.20         4 1.02e+03    1.71  unknown    Tue 03:28  
noise2        running                      51/150      77    121.46         0      inf    1.73  unknown    Tue 03:50  
noise3        running                      64/150      88    158.54         1 4.07e+03    1.73  unknown    Tue 03:50  
noise4        running                      44/150     114    119.26         0      inf    1.72  unknown    Tue 03:50  
[2J[Hsession planx_ms2: started Tue 00:20, budget ends Tue 03:50, now Tue 02:05:42, 4 runs x 3 threads
run           state                            it    s/it   mean mT   N_green  F $/vox   hours  expected   latest     
noise1        running                      78/150      71    159.20         4 1.02e+03    1.71  unknown    Tue 03:28  
noise2        running                      51/150      77    121.46         0      inf    1.73  unknown    Tue 03:50  
noise3        running                      64/150      88    158.54         1 4.07e+03    1.73  unknown    Tue 03:50  
noise4        running                      45/150     113    120.20         0      inf    1.74  unknown    Tue 03:50  
[2J[Hsession planx_ms2: started Tue 00:20, budget ends Tue 03:50, now Tue 02:06:12, 4 runs x 3 threads
run           state                            it    s/it   mean mT   N_green  F $/vox   hours  expected   latest     
noise1        running                      78/150      71    159.20         4 1.02e+03    1.71  unknown    Tue 03:28  
noise2        running                      52/150      76    122.89         1 4.55e+03    1.75  unknown    Tue 03:50  
noise3        running                      64/150      88    158.54         1 4.07e+03    1.73  unknown    Tue 03:50  
noise4        running                      45/150     113    120.20         0      inf    1.74  unknown    Tue 03:50  
[2J[Hsession planx_ms2: started Tue 00:20, budget ends Tue 03:50, now Tue 02:06:42, 4 runs x 3 threads
run           state                            it    s/it   mean mT   N_green  F $/vox   hours  expected   latest     
noise1        running                      78/150      71    159.20         4 1.02e+03    1.71  unknown    Tue 03:28  
noise2        running                      52/150      76    122.89         1 4.55e+03    1.75  unknown    Tue 03:50  
noise3        running                      65/150      88    159.22         2 2.04e+03    1.76  unknown    Tue 03:50  
noise4        running                      45/150     113    120.20         0      inf    1.74  unknown    Tue 03:50  
[2J[Hsession planx_ms2: started Tue 00:20, budget ends Tue 03:50, now Tue 02:07:12, 4 runs x 3 threads
run           state                            it    s/it   mean mT   N_green  F $/vox   hours  expected   latest     
noise1        running                      78/150      71    159.20         4 1.02e+03    1.71  unknown    Tue 03:28  
noise2        running                      53/150      76    124.50         1 4.56e+03    1.77  unknown    Tue 03:50  
noise3        running                      65/150      88    159.22         2 2.04e+03    1.76  unknown    Tue 03:50  
noise4        running                      45/150     113    120.20         0      inf    1.74  unknown    Tue 03:50  
[2J[Hsession planx_ms2: started Tue 00:20, budget ends Tue 03:50, now Tue 02:07:42, 4 runs x 3 threads
run           state                            it    s/it   mean mT   N_green  F $/vox   hours  expected   latest     
noise1        running                      80/150      71    145.22         4 1.01e+03    1.78  unknown    Tue 03:30  
noise2        running                      53/150      76    124.50         1 4.56e+03    1.77  unknown    Tue 03:50  
noise3        running                      65/150      88    159.22         2 2.04e+03    1.76  unknown    Tue 03:50  
noise4        running                      46/150     112    121.05         2 2.26e+03    1.77  unknown    Tue 03:50  
[2J[Hsession planx_ms2: started Tue 00:20, budget ends Tue 03:50, now Tue 02:08:12, 4 runs x 3 threads
run           state                            it    s/it   mean mT   N_green  F $/vox   hours  expected   latest     
noise1        running                      80/150      71    145.22         4 1.01e+03    1.78  unknown    Tue 03:30  
noise2        running                      53/150      76    124.50         1 4.56e+03    1.77  unknown    Tue 03:50  
noise3        running                      66/150      87    159.12         2 2.04e+03    1.78  unknown    Tue 03:50  
noise4        running                      46/150     112    121.05         2 2.26e+03    1.77  unknown    Tue 03:50  
[2J[Hsession planx_ms2: started Tue 00:20, budget ends Tue 03:50, now Tue 02:08:42, 4 runs x 3 threads
run           state                            it    s/it   mean mT   N_green  F $/vox   hours  expected   latest     
noise1        running                      80/150      71    145.22         4 1.01e+03    1.78  unknown    Tue 03:30  
noise2        running                      54/150      76    126.16         0      inf    1.79  unknown    Tue 03:50  
noise3        running                      66/150      87    159.12         2 2.04e+03    1.78  unknown    Tue 03:50  
noise4        running                      46/150     112    121.05         2 2.26e+03    1.77  unknown    Tue 03:50  
[2J[Hsession planx_ms2: started Tue 00:20, budget ends Tue 03:50, now Tue 02:09:12, 4 runs x 3 threads
run           state                            it    s/it   mean mT   N_green  F $/vox   hours  expected   latest     
noise1        running                      81/150      77    146.90         4 1.02e+03    1.80  unknown    Tue 03:37  
noise2        running                      54/150      76    126.16         0      inf    1.79  unknown    Tue 03:50  
noise3        running                      67/150      87    159.12         2 2.04e+03    1.80  unknown    Tue 03:50  
noise4        running                      47/150     112    121.63         1 4.52e+03    1.81  unknown    Tue 03:50  
[2J[Hsession planx_ms2: started Tue 00:20, budget ends Tue 03:50, now Tue 02:09:42, 4 runs x 3 threads
run           state                            it    s/it   mean mT   N_green  F $/vox   hours  expected   latest     
noise1        running                      81/150      77    146.90         4 1.02e+03    1.80  unknown    Tue 03:37  
noise2        running                      55/150      75    127.70         2  2.3e+03    1.81  unknown    Tue 03:50  
noise3        running                      67/150      87    159.12         2 2.04e+03    1.80  unknown    Tue 03:50  
noise4        running                      47/150     112    121.63         1 4.52e+03    1.81  unknown    Tue 03:50  
[2J[Hsession planx_ms2: started Tue 00:20, budget ends Tue 03:50, now Tue 02:10:12, 4 runs x 3 threads
run           state                            it    s/it   mean mT   N_green  F $/vox   hours  expected   latest     
noise1        running                      81/150      77    146.90         4 1.02e+03    1.80  unknown    Tue 03:37  
noise2        running                      55/150      75    127.70         2  2.3e+03    1.81  unknown    Tue 03:50  
noise3        running                      68/150      85    159.12         2 2.04e+03    1.82  unknown    Tue 03:50  
noise4        running                      47/150     112    121.63         1 4.52e+03    1.81  unknown    Tue 03:50  
[2J[Hsession planx_ms2: started Tue 00:20, budget ends Tue 03:50, now Tue 02:10:42, 4 runs x 3 threads
run           state                            it    s/it   mean mT   N_green  F $/vox   hours  expected   latest     
noise1        running                      82/150      78    148.38         3 1.36e+03    1.83  unknown    Tue 03:38  
noise2        running                      55/150      75    127.70         2  2.3e+03    1.81  unknown    Tue 03:50  
noise3        running                      68/150      85    159.12         2 2.04e+03    1.82  unknown    Tue 03:50  
noise4        running                      47/150     112    121.63         1 4.52e+03    1.81  unknown    Tue 03:50  
[2J[Hsession planx_ms2: started Tue 00:20, budget ends Tue 03:50, now Tue 02:11:12, 4 runs x 3 threads
run           state                            it    s/it   mean mT   N_green  F $/vox   hours  expected   latest     
noise1        running                      82/150      78    148.38         3 1.36e+03    1.83  unknown    Tue 03:38  
noise2        running                      56/150      75    129.29         1 4.62e+03    1.83  unknown    Tue 03:50  
noise3        running                      68/150      85    159.12         2 2.04e+03    1.82  unknown    Tue 03:50  
noise4        running                      48/150     111    122.47         1 4.52e+03    1.83  unknown    Tue 03:50  
[2J[Hsession planx_ms2: started Tue 00:20, budget ends Tue 03:50, now Tue 02:11:42, 4 runs x 3 threads
run           state                            it    s/it   mean mT   N_green  F $/vox   hours  expected   latest     
noise1        running                      83/150      78    149.72         4 1.03e+03    1.85  unknown    Tue 03:38  
noise2        running                      56/150      75    129.29         1 4.62e+03    1.83  unknown    Tue 03:50  
noise3        running                      69/150      85    159.11         2 2.04e+03    1.84  unknown    Tue 03:50  
noise4        running                      48/150     111    122.47         1 4.52e+03    1.83  unknown    Tue 03:50  
[2J[Hsession planx_ms2: started Tue 00:20, budget ends Tue 03:50, now Tue 02:12:12, 4 runs x 3 threads
run           state                            it    s/it   mean mT   N_green  F $/vox   hours  expected   latest     
noise1        running                      83/150      78    149.72         4 1.03e+03    1.85  unknown    Tue 03:38  
noise2        running                      57/150      75    130.95         1 4.63e+03    1.85  unknown    Tue 03:50  
noise3        running                      69/150      85    159.11         2 2.04e+03    1.84  unknown    Tue 03:50  
noise4        running                      48/150     111    122.47         1 4.52e+03    1.83  unknown    Tue 03:50  
[2J[Hsession planx_ms2: started Tue 00:20, budget ends Tue 03:50, now Tue 02:12:42, 4 runs x 3 threads
run           state                            it    s/it   mean mT   N_green  F $/vox   hours  expected   latest     
noise1        running                      83/150      78    149.72         4 1.03e+03    1.85  unknown    Tue 03:38  
noise2        running                      57/150      75    130.95         1 4.63e+03    1.85  unknown    Tue 03:50  
noise3        running                      69/150      85    159.11         2 2.04e+03    1.84  unknown    Tue 03:50  
noise4        running                      49/150     111    123.13         1 4.53e+03    1.86  unknown    Tue 03:50  
[2J[Hsession planx_ms2: started Tue 00:20, budget ends Tue 03:50, now Tue 02:13:12, 4 runs x 3 threads
run           state                            it    s/it   mean mT   N_green  F $/vox   hours  expected   latest     
noise1        running                      84/150      78    159.39         1 4.12e+03    1.87  unknown    Tue 03:38  
noise2        running                      58/150      74    132.66         1 4.65e+03    1.87  unknown    Tue 03:50  
noise3        running                      69/150      85    159.11         2 2.04e+03    1.84  unknown    Tue 03:50  
noise4        running                      49/150     111    123.13         1 4.53e+03    1.86  unknown    Tue 03:50  
[2J[Hsession planx_ms2: started Tue 00:20, budget ends Tue 03:50, now Tue 02:13:42, 4 runs x 3 threads
run           state                            it    s/it   mean mT   N_green  F $/vox   hours  expected   latest     
noise1        running                      84/150      78    159.39         1 4.12e+03    1.87  unknown    Tue 03:38  
noise2        running                      58/150      74    132.66         1 4.65e+03    1.87  unknown    Tue 03:50  
noise3        running                      69/150      85    159.11         2 2.04e+03    1.84  unknown    Tue 03:50  
noise4        running                      49/150     111    123.13         1 4.53e+03    1.86  unknown    Tue 03:50  
[2J[Hsession planx_ms2: started Tue 00:20, budget ends Tue 03:50, now Tue 02:14:12, 4 runs x 3 threads
run           state                            it    s/it   mean mT   N_green  F $/vox   hours  expected   latest     
noise1        running                      85/150      78    150.93         2 2.05e+03    1.89  unknown    Tue 03:38  
noise2        running                      58/150      74    132.66         1 4.65e+03    1.87  unknown    Tue 03:50  
noise3        running                      69/150      85    159.11         2 2.04e+03    1.84  unknown    Tue 03:50  
noise4        running                      50/150     110    123.65         1 4.53e+03    1.89  unknown    Tue 03:50  
[2J[Hsession planx_ms2: started Tue 00:20, budget ends Tue 03:50, now Tue 02:14:42, 4 runs x 3 threads
run           state                            it    s/it   mean mT   N_green  F $/vox   hours  expected   latest     
noise1        running                      85/150      78    150.93         2 2.05e+03    1.89  unknown    Tue 03:38  
noise2        running                      59/150      74    134.49         1 4.67e+03    1.89  unknown    Tue 03:50  
noise3        running                      69/150      85    159.11         2 2.04e+03    1.84  unknown    Tue 03:50  
noise4        running                      50/150     110    123.65         1 4.53e+03    1.89  unknown    Tue 03:50  
[2J[Hsession planx_ms2: started Tue 00:20, budget ends Tue 03:50, now Tue 02:15:12, 4 runs x 3 threads
run           state                            it    s/it   mean mT   N_green  F $/vox   hours  expected   latest     
noise1        running                      86/150      78    159.51         1 4.12e+03    1.91  unknown    Tue 03:38  
noise2        running                      59/150      74    134.49         1 4.67e+03    1.89  unknown    Tue 03:50  
noise3        running                      69/150      85    159.11         2 2.04e+03    1.84  unknown    Tue 03:50  
noise4        running                      50/150     110    123.65         1 4.53e+03    1.89  unknown    Tue 03:50  
[2J[Hsession planx_ms2: started Tue 00:20, budget ends Tue 03:50, now Tue 02:15:42, 4 runs x 3 threads
run           state                            it    s/it   mean mT   N_green  F $/vox   hours  expected   latest     
noise1        running                      86/150      78    159.51         1 4.12e+03    1.91  unknown    Tue 03:38  
noise2        running                      59/150      74    134.49         1 4.67e+03    1.89  unknown    Tue 03:50  
noise3        running                      69/150      85    159.11         2 2.04e+03    1.84  unknown    Tue 03:50  
noise4        running                      51/150     105    123.75         0      inf    1.91  unknown    Tue 03:50  
[2J[Hsession planx_ms2: started Tue 00:20, budget ends Tue 03:50, now Tue 02:16:12, 4 runs x 3 threads
run           state                            it    s/it   mean mT   N_green  F $/vox   hours  expected   latest     
noise1        running                      86/150      78    159.51         1 4.12e+03    1.91  unknown    Tue 03:38  
noise2        running                      60/150      74    136.07         1 4.69e+03    1.92  unknown    Tue 03:50  
noise3        running                      69/150      85    159.11         2 2.04e+03    1.84  unknown    Tue 03:50  
noise4        running                      51/150     105    123.75         0      inf    1.91  unknown    Tue 03:50  
[2J[Hsession planx_ms2: started Tue 00:20, budget ends Tue 03:50, now Tue 02:16:42, 4 runs x 3 threads
run           state                            it    s/it   mean mT   N_green  F $/vox   hours  expected   latest     
noise1        running                      87/150      75    159.28         1 4.11e+03    1.93  unknown    Tue 03:35  
noise2        running                      60/150      74    136.07         1 4.69e+03    1.92  unknown    Tue 03:50  
noise3        running                      71/150      85    134.35         4 1.02e+03    1.92  unknown    Tue 03:50  
noise4        running                      51/150     105    123.75         0      inf    1.91  unknown    Tue 03:50  
[2J[Hsession planx_ms2: started Tue 00:20, budget ends Tue 03:50, now Tue 02:17:12, 4 runs x 3 threads
run           state                            it    s/it   mean mT   N_green  F $/vox   hours  expected   latest     
noise1        running                      87/150      75    159.28         1 4.11e+03    1.93  unknown    Tue 03:35  
noise2        running                      61/150      74    137.68         1 4.71e+03    1.94  unknown    Tue 03:50  
noise3        running                      71/150      85    134.35         4 1.02e+03    1.92  unknown    Tue 03:50  
noise4        running                      52/150     104    123.87         1 4.51e+03    1.94  unknown    Tue 03:50  
[2J[Hsession planx_ms2: started Tue 00:20, budget ends Tue 03:50, now Tue 02:17:42, 4 runs x 3 threads
run           state                            it    s/it   mean mT   N_green  F $/vox   hours  expected   latest     
noise1        running                      87/150      75    159.28         1 4.11e+03    1.93  unknown    Tue 03:35  
noise2        running                      61/150      74    137.68         1 4.71e+03    1.94  unknown    Tue 03:50  
noise3        running                      71/150      85    134.35         4 1.02e+03    1.92  unknown    Tue 03:50  
noise4        running                      52/150     104    123.87         1 4.51e+03    1.94  unknown    Tue 03:50  
[2J[Hsession planx_ms2: started Tue 00:20, budget ends Tue 03:50, now Tue 02:18:12, 4 runs x 3 threads
run           state                            it    s/it   mean mT   N_green  F $/vox   hours  expected   latest     
noise1        running                      88/150      81    151.94         2 2.05e+03    1.95  unknown    Tue 03:41  
noise2        running                      61/150      74    137.68         1 4.71e+03    1.94  unknown    Tue 03:50  
noise3        running                      71/150      85    134.35         4 1.02e+03    1.92  unknown    Tue 03:50  
noise4        running                      52/150     104    123.87         1 4.51e+03    1.94  unknown    Tue 03:50  
[2J[Hsession planx_ms2: started Tue 00:20, budget ends Tue 03:50, now Tue 02:18:42, 4 runs x 3 threads
run           state                            it    s/it   mean mT   N_green  F $/vox   hours  expected   latest     
noise1        running                      88/150      81    151.94         2 2.05e+03    1.95  unknown    Tue 03:41  
noise2        running                      62/150      74    139.32        12      394    1.96  unknown    Tue 03:50  
noise3        running                      71/150      85    134.35         4 1.02e+03    1.92  unknown    Tue 03:50  
noise4        running                      52/150     104    123.87         1 4.51e+03    1.94  unknown    Tue 03:50  
[2J[Hsession planx_ms2: started Tue 00:20, budget ends Tue 03:50, now Tue 02:19:12, 4 runs x 3 threads
run           state                            it    s/it   mean mT   N_green  F $/vox   hours  expected   latest     
noise1        running                      89/150      81    152.99         2 2.06e+03    1.97  unknown    Tue 03:41  
noise2        running                      62/150      74    139.32        12      394    1.96  unknown    Tue 03:50  
noise3        running                      72/150      85    136.01         2 2.04e+03    1.97  unknown    Tue 03:50  
noise4        running                      53/150      99    124.04         1  4.5e+03    1.97  unknown    Tue 03:50  
[2J[Hsession planx_ms2: started Tue 00:20, budget ends Tue 03:50, now Tue 02:19:42, 4 runs x 3 threads
run           state                            it    s/it   mean mT   N_green  F $/vox   hours  expected   latest     
noise1        running                      89/150      81    152.99         2 2.06e+03    1.97  unknown    Tue 03:41  
noise2        running                      63/150      74    141.03         2 2.37e+03    1.98  unknown    Tue 03:50  
noise3        running                      72/150      85    136.01         2 2.04e+03    1.97  unknown    Tue 03:50  
noise4        running                      53/150      99    124.04         1  4.5e+03    1.97  unknown    Tue 03:50  
[2J[Hsession planx_ms2: started Tue 00:20, budget ends Tue 03:50, now Tue 02:20:12, 4 runs x 3 threads
run           state                            it    s/it   mean mT   N_green  F $/vox   hours  expected   latest     
noise1        running                      90/150      81    159.12         2 2.07e+03    1.99  unknown    Tue 03:40  
noise2        running                      63/150      74    141.03         2 2.37e+03    1.98  unknown    Tue 03:50  
noise3        running                      72/150      85    136.01         2 2.04e+03    1.97  unknown    Tue 03:50  
noise4        running                      53/150      99    124.04         1  4.5e+03    1.97  unknown    Tue 03:50  
[2J[Hsession planx_ms2: started Tue 00:20, budget ends Tue 03:50, now Tue 02:20:42, 4 runs x 3 threads
run           state                            it    s/it   mean mT   N_green  F $/vox   hours  expected   latest     
noise1        running                      90/150      81    159.12         2 2.07e+03    1.99  unknown    Tue 03:40  
noise2        running                      63/150      74    141.03         2 2.37e+03    1.98  unknown    Tue 03:50  
noise3        running                      72/150      85    136.01         2 2.04e+03    1.97  unknown    Tue 03:50  
noise4        running                      54/150      99    124.43         1  4.5e+03    2.00  unknown    Tue 03:50  
[2J[Hsession planx_ms2: started Tue 00:20, budget ends Tue 03:50, now Tue 02:21:12, 4 runs x 3 threads
run           state                            it    s/it   mean mT   N_green  F $/vox   hours  expected   latest     
noise1        running                      90/150      81    159.12         2 2.07e+03    1.99  unknown    Tue 03:40  
noise2        running                      64/150      74    142.69         2 2.39e+03    2.00  unknown    Tue 03:50  
noise3        running                      73/150      88    158.94         2 2.05e+03    2.00  unknown    Tue 03:50  
noise4        running                      54/150      99    124.43         1  4.5e+03    2.00  unknown    Tue 03:50  
[2J[Hsession planx_ms2: started Tue 00:20, budget ends Tue 03:50, now Tue 02:21:42, 4 runs x 3 threads
run           state                            it    s/it   mean mT   N_green  F $/vox   hours  expected   latest     
noise1        running                      90/150      81    159.12         2 2.07e+03    1.99  unknown    Tue 03:40  
noise2        running                      64/150      74    142.69         2 2.39e+03    2.00  unknown    Tue 03:50  
noise3        running                      73/150      88    158.94         2 2.05e+03    2.00  unknown    Tue 03:50  
noise4        running                      54/150      99    124.43         1  4.5e+03    2.00  unknown    Tue 03:50  
[2J[Hsession planx_ms2: started Tue 00:20, budget ends Tue 03:50, now Tue 02:22:12, 4 runs x 3 threads
run           state                            it    s/it   mean mT   N_green  F $/vox   hours  expected   latest     
noise1        running                      91/150      81    159.20         2 2.07e+03    2.02  unknown    Tue 03:41  
noise2        running                      64/150      74    142.69         2 2.39e+03    2.00  unknown    Tue 03:50  
noise3        running                      73/150      88    158.94         2 2.05e+03    2.00  unknown    Tue 03:50  
noise4        running                      54/150      99    124.43         1  4.5e+03    2.00  unknown    Tue 03:50  
[2J[Hsession planx_ms2: started Tue 00:20, budget ends Tue 03:50, now Tue 02:22:42, 4 runs x 3 threads
run           state                            it    s/it   mean mT   N_green  F $/vox   hours  expected   latest     
noise1        running                      91/150      81    159.20         2 2.07e+03    2.02  unknown    Tue 03:41  
noise2        running                      65/150      74    144.21         2  2.4e+03    2.03  unknown    Tue 03:50  
noise3        running                      73/150      88    158.94         2 2.05e+03    2.00  unknown    Tue 03:50  
noise4        running                      55/150      99    125.08         1  4.5e+03    2.03  unknown    Tue 03:50  
[2J[Hsession planx_ms2: started Tue 00:20, budget ends Tue 03:50, now Tue 02:23:12, 4 runs x 3 threads
run           state                            it    s/it   mean mT   N_green  F $/vox   hours  expected   latest     
noise1        running                      92/150      75    159.32         2 2.07e+03    2.04  unknown    Tue 03:35  
noise2        running                      65/150      74    144.21         2  2.4e+03    2.03  unknown    Tue 03:50  
noise3        running                      73/150      88    158.94         2 2.05e+03    2.00  unknown    Tue 03:50  
noise4        running                      55/150      99    125.08         1  4.5e+03    2.03  unknown    Tue 03:50  
[2J[Hsession planx_ms2: started Tue 00:20, budget ends Tue 03:50, now Tue 02:23:42, 4 runs x 3 threads
run           state                            it    s/it   mean mT   N_green  F $/vox   hours  expected   latest     
noise1        running                      92/150      75    159.32         2 2.07e+03    2.04  unknown    Tue 03:35  
noise2        running                      66/150      74    145.76         4  1.2e+03    2.05  unknown    Tue 03:50  
noise3        running                      73/150      88    158.94         2 2.05e+03    2.00  unknown    Tue 03:50  
noise4        running                      55/150      99    125.08         1  4.5e+03    2.03  unknown    Tue 03:50  
[2J[Hsession planx_ms2: started Tue 00:20, budget ends Tue 03:50, now Tue 02:24:12, 4 runs x 3 threads
run           state                            it    s/it   mean mT   N_green  F $/vox   hours  expected   latest     
noise1        running                      93/150      73    159.28         2 2.07e+03    2.06  unknown    Tue 03:33  
noise2        running                      66/150      74    145.76         4  1.2e+03    2.05  unknown    Tue 03:50  
noise3        running                      73/150      88    158.94         2 2.05e+03    2.00  unknown    Tue 03:50  
noise4        running                      56/150      99    126.18         1  4.5e+03    2.06  unknown    Tue 03:50  
[2J[Hsession planx_ms2: started Tue 00:20, budget ends Tue 03:50, now Tue 02:24:42, 4 runs x 3 threads
run           state                            it    s/it   mean mT   N_green  F $/vox   hours  expected   latest     
noise1        running                      93/150      73    159.28         2 2.07e+03    2.06  unknown    Tue 03:33  
noise2        running                      66/150      74    145.76         4  1.2e+03    2.05  unknown    Tue 03:50  
noise3        running                      74/150      88    158.94         2 2.05e+03    2.06  unknown    Tue 03:50  
noise4        running                      56/150      99    126.18         1  4.5e+03    2.06  unknown    Tue 03:50  
[2J[Hsession planx_ms2: started Tue 00:20, budget ends Tue 03:50, now Tue 02:25:12, 4 runs x 3 threads
run           state                            it    s/it   mean mT   N_green  F $/vox   hours  expected   latest     
noise1        running                      93/150      73    159.28         2 2.07e+03    2.06  unknown    Tue 03:33  
noise2        running                      66/150      74    145.76         4  1.2e+03    2.05  unknown    Tue 03:50  
noise3        running                      74/150      88    158.94         2 2.05e+03    2.06  unknown    Tue 03:50  
noise4        running                      56/150      99    126.18         1  4.5e+03    2.06  unknown    Tue 03:50  
[2J[Hsession planx_ms2: started Tue 00:20, budget ends Tue 03:50, now Tue 02:25:42, 4 runs x 3 threads
run           state                            it    s/it   mean mT   N_green  F $/vox   hours  expected   latest     
noise1        running                      93/150      73    159.28         2 2.07e+03    2.06  unknown    Tue 03:33  
noise2        running                      67/150      75    147.32        12      403    2.08  unknown    Tue 03:50  
noise3        running                      74/150      88    158.94         2 2.05e+03    2.06  unknown    Tue 03:50  
noise4        running                      56/150      99    126.18         1  4.5e+03    2.06  unknown    Tue 03:50  
[2J[Hsession planx_ms2: started Tue 00:20, budget ends Tue 03:50, now Tue 02:26:12, 4 runs x 3 threads
run           state                            it    s/it   mean mT   N_green  F $/vox   hours  expected   latest     
noise1        running                      93/150      73    159.28         2 2.07e+03    2.06  unknown    Tue 03:33  
noise2        running                      67/150      75    147.32        12      403    2.08  unknown    Tue 03:50  
noise3        running                      75/150      88    158.94         2 2.05e+03    2.09  unknown    Tue 03:50  
noise4        running                      56/150      99    126.18         1  4.5e+03    2.06  unknown    Tue 03:50  
[2J[Hsession planx_ms2: started Tue 00:20, budget ends Tue 03:50, now Tue 02:26:42, 4 runs x 3 threads
run           state                            it    s/it   mean mT   N_green  F $/vox   hours  expected   latest     
noise1        running                      93/150      73    159.28         2 2.07e+03    2.06  unknown    Tue 03:33  
noise2        running                      68/150      73    148.96         6      810    2.10  unknown    Tue 03:50  
noise3        running                      75/150      88    158.94         2 2.05e+03    2.09  unknown    Tue 03:50  
noise4        running                      57/150      99    127.44         1 4.51e+03    2.10  unknown    Tue 03:50  
[2J[Hsession planx_ms2: started Tue 00:20, budget ends Tue 03:50, now Tue 02:27:12, 4 runs x 3 threads
run           state                            it    s/it   mean mT   N_green  F $/vox   hours  expected   latest     
noise1        running                      93/150      73    159.28         2 2.07e+03    2.06  unknown    Tue 03:33  
noise2        running                      68/150      73    148.96         6      810    2.10  unknown    Tue 03:50  
noise3        running                      75/150      88    158.94         2 2.05e+03    2.09  unknown    Tue 03:50  
noise4        running                      57/150      99    127.44         1 4.51e+03    2.10  unknown    Tue 03:50  
[2J[Hsession planx_ms2: started Tue 00:20, budget ends Tue 03:50, now Tue 02:27:42, 4 runs x 3 threads
run           state                            it    s/it   mean mT   N_green  F $/vox   hours  expected   latest     
noise1        running                      93/150      73    159.28         2 2.07e+03    2.06  unknown    Tue 03:33  
noise2        running                      68/150      73    148.96         6      810    2.10  unknown    Tue 03:50  
noise3        running                      76/150      88    158.92         2 2.05e+03    2.12  unknown    Tue 03:50  
noise4        running                      57/150      99    127.44         1 4.51e+03    2.10  unknown    Tue 03:50  
[2J[Hsession planx_ms2: started Tue 00:20, budget ends Tue 03:50, now Tue 02:28:12, 4 runs x 3 threads
run           state                            it    s/it   mean mT   N_green  F $/vox   hours  expected   latest     
noise1        running                      93/150      73    159.28         2 2.07e+03    2.06  unknown    Tue 03:33  
noise2        running                      69/150      72    159.12         2 2.44e+03    2.12  unknown    Tue 03:50  
noise3        running                      76/150      88    158.92         2 2.05e+03    2.12  unknown    Tue 03:50  
noise4        running                      58/150      99    128.11         0      inf    2.12  unknown    Tue 03:50  
[2J[Hsession planx_ms2: started Tue 00:20, budget ends Tue 03:50, now Tue 02:28:42, 4 runs x 3 threads
run           state                            it    s/it   mean mT   N_green  F $/vox   hours  expected   latest     
noise1        running                      93/150      73    159.28         2 2.07e+03    2.06  unknown    Tue 03:33  
noise2        running                      69/150      72    159.12         2 2.44e+03    2.12  unknown    Tue 03:50  
noise3        running                      76/150      88    158.92         2 2.05e+03    2.12  unknown    Tue 03:50  
noise4        running                      58/150      99    128.11         0      inf    2.12  unknown    Tue 03:50  
[2J[Hsession planx_ms2: started Tue 00:20, budget ends Tue 03:50, now Tue 02:29:12, 4 runs x 3 threads
run           state                            it    s/it   mean mT   N_green  F $/vox   hours  expected   latest     
noise1        running                      95/150      73    159.20         2 2.07e+03    2.14  unknown    Tue 03:36  
noise2        running                      70/150      72    159.22         2 2.44e+03    2.14  unknown    Tue 03:50  
noise3        running                      76/150      88    158.92         2 2.05e+03    2.12  unknown    Tue 03:50  
noise4        running                      58/150      99    128.11         0      inf    2.12  unknown    Tue 03:50  
[2J[Hsession planx_ms2: started Tue 00:20, budget ends Tue 03:50, now Tue 02:29:42, 4 runs x 3 threads
run           state                            it    s/it   mean mT   N_green  F $/vox   hours  expected   latest     
noise1        running                      95/150      73    159.20         2 2.07e+03    2.14  unknown    Tue 03:36  
noise2        running                      70/150      72    159.22         2 2.44e+03    2.14  unknown    Tue 03:50  
noise3        running                      77/150      91    158.94         2 2.05e+03    2.15  unknown    Tue 03:50  
noise4        running                      59/150      99    129.29         2 2.25e+03    2.15  unknown    Tue 03:50  
[2J[Hsession planx_ms2: started Tue 00:20, budget ends Tue 03:50, now Tue 02:30:12, 4 runs x 3 threads
run           state                            it    s/it   mean mT   N_green  F $/vox   hours  expected   latest     
noise1        running                      95/150      73    159.20         2 2.07e+03    2.14  unknown    Tue 03:36  
noise2        running                      70/150      72    159.22         2 2.44e+03    2.14  unknown    Tue 03:50  
noise3        running                      77/150      91    158.94         2 2.05e+03    2.15  unknown    Tue 03:50  
noise4        running                      59/150      99    129.29         2 2.25e+03    2.15  unknown    Tue 03:50  
[2J[Hsession planx_ms2: started Tue 00:20, budget ends Tue 03:50, now Tue 02:30:42, 4 runs x 3 threads
run           state                            it    s/it   mean mT   N_green  F $/vox   hours  expected   latest     
noise1        running                      95/150      73    159.20         2 2.07e+03    2.14  unknown    Tue 03:36  
noise2        running                      71/150      72    150.77        10      488    2.16  unknown    Tue 03:50  
noise3        running                      77/150      91    158.94         2 2.05e+03    2.15  unknown    Tue 03:50  
noise4        running                      59/150      99    129.29         2 2.25e+03    2.15  unknown    Tue 03:50  
[2J[Hsession planx_ms2: started Tue 00:20, budget ends Tue 03:50, now Tue 02:31:12, 4 runs x 3 threads
run           state                            it    s/it   mean mT   N_green  F $/vox   hours  expected   latest     
noise1        running                      95/150      73    159.20         2 2.07e+03    2.14  unknown    Tue 03:36  
noise2        running                      71/150      72    150.77        10      488    2.16  unknown    Tue 03:50  
noise3        running                      77/150      91    158.94         2 2.05e+03    2.15  unknown    Tue 03:50  
noise4        running                      59/150      99    129.29         2 2.25e+03    2.15  unknown    Tue 03:50  
[2J[Hsession planx_ms2: started Tue 00:20, budget ends Tue 03:50, now Tue 02:31:42, 4 runs x 3 threads
run           state                            it    s/it   mean mT   N_green  F $/vox   hours  expected   latest     
noise1        running                      96/150      73    159.20         2 2.07e+03    2.18  unknown    Tue 03:37  
noise2        running                      71/150      72    150.77        10      488    2.16  unknown    Tue 03:50  
noise3        running                      78/150      92    158.90         2 2.05e+03    2.17  unknown    Tue 03:50  
noise4        running                      60/150     100    131.21         2 2.26e+03    2.18  unknown    Tue 03:50  
[2J[Hsession planx_ms2: started Tue 00:20, budget ends Tue 03:50, now Tue 02:32:12, 4 runs x 3 threads
run           state                            it    s/it   mean mT   N_green  F $/vox   hours  expected   latest     
noise1        running                      96/150      73    159.20         2 2.07e+03    2.18  unknown    Tue 03:37  
noise2        running                      72/150      72    159.26         2 2.45e+03    2.18  unknown    Tue 03:50  
noise3        running                      78/150      92    158.90         2 2.05e+03    2.17  unknown    Tue 03:50  
noise4        running                      60/150     100    131.21         2 2.26e+03    2.18  unknown    Tue 03:50  
[2J[Hsession planx_ms2: started Tue 00:20, budget ends Tue 03:50, now Tue 02:32:42, 4 runs x 3 threads
run           state                            it    s/it   mean mT   N_green  F $/vox   hours  expected   latest     
noise1        running                      96/150      73    159.20         2 2.07e+03    2.18  unknown    Tue 03:37  
noise2        running                      72/150      72    159.26         2 2.45e+03    2.18  unknown    Tue 03:50  
noise3        running                      78/150      92    158.90         2 2.05e+03    2.17  unknown    Tue 03:50  
noise4        running                      60/150     100    131.21         2 2.26e+03    2.18  unknown    Tue 03:50  
[2J[Hsession planx_ms2: started Tue 00:20, budget ends Tue 03:50, now Tue 02:33:12, 4 runs x 3 threads
run           state                            it    s/it   mean mT   N_green  F $/vox   hours  expected   latest     
noise1        running                      96/150      73    159.20         2 2.07e+03    2.18  unknown    Tue 03:37  
noise2        running                      72/150      72    159.26         2 2.45e+03    2.18  unknown    Tue 03:50  
noise3        running                      78/150      92    158.90         2 2.05e+03    2.17  unknown    Tue 03:50  
noise4        running                      61/150      93    133.13         0      inf    2.20  unknown    Tue 03:50  
[2J[Hsession planx_ms2: started Tue 00:20, budget ends Tue 03:50, now Tue 02:33:42, 4 runs x 3 threads
run           state                            it    s/it   mean mT   N_green  F $/vox   hours  expected   latest     
noise1        running                      96/150      73    159.20         2 2.07e+03    2.18  unknown    Tue 03:37  
noise2        running                      73/150      73    159.03         2 2.45e+03    2.21  unknown    Tue 03:50  
noise3        running                      78/150      92    158.90         2 2.05e+03    2.17  unknown    Tue 03:50  
noise4        running                      61/150      93    133.13         0      inf    2.20  unknown    Tue 03:50  
[2J[Hsession planx_ms2: started Tue 00:20, budget ends Tue 03:50, now Tue 02:34:12, 4 runs x 3 threads
run           state                            it    s/it   mean mT   N_green  F $/vox   hours  expected   latest     
noise1        running                      96/150      73    159.20         2 2.07e+03    2.18  unknown    Tue 03:37  
noise2        running                      73/150      73    159.03         2 2.45e+03    2.21  unknown    Tue 03:50  
noise3        running                      78/150      92    158.90         2 2.05e+03    2.17  unknown    Tue 03:50  
noise4        running                      62/150      92    134.92         2 2.27e+03    2.22  unknown    Tue 03:50  
[2J[Hsession planx_ms2: started Tue 00:20, budget ends Tue 03:50, now Tue 02:34:42, 4 runs x 3 threads
run           state                            it    s/it   mean mT   N_green  F $/vox   hours  expected   latest     
noise1        running                      96/150      73    159.20         2 2.07e+03    2.18  unknown    Tue 03:37  
noise2        running                      74/150      73    159.20         2 2.45e+03    2.23  unknown    Tue 03:50  
noise3        running                      78/150      92    158.90         2 2.05e+03    2.17  unknown    Tue 03:50  
noise4        running                      62/150      92    134.92         2 2.27e+03    2.22  unknown    Tue 03:50  
[2J[Hsession planx_ms2: started Tue 00:20, budget ends Tue 03:50, now Tue 02:35:12, 4 runs x 3 threads
run           state                            it    s/it   mean mT   N_green  F $/vox   hours  expected   latest     
noise1        running                      96/150      73    159.20         2 2.07e+03    2.18  unknown    Tue 03:37  
noise2        running                      74/150      73    159.20         2 2.45e+03    2.23  unknown    Tue 03:50  
noise3        running                      78/150      92    158.90         2 2.05e+03    2.17  unknown    Tue 03:50  
noise4        running                      62/150      92    134.92         2 2.27e+03    2.22  unknown    Tue 03:50  
[2J[Hsession planx_ms2: started Tue 00:20, budget ends Tue 03:50, now Tue 02:35:42, 4 runs x 3 threads
run           state                            it    s/it   mean mT   N_green  F $/vox   hours  expected   latest     
noise1        running                      96/150      73    159.20         2 2.07e+03    2.18  unknown    Tue 03:37  
noise2        running                      74/150      73    159.20         2 2.45e+03    2.23  unknown    Tue 03:50  
noise3        running                      78/150      92    158.90         2 2.05e+03    2.17  unknown    Tue 03:50  
noise4        running                      62/150      92    134.92         2 2.27e+03    2.22  unknown    Tue 03:50  
[2J[Hsession planx_ms2: started Tue 00:20, budget ends Tue 03:50, now Tue 02:36:12, 4 runs x 3 threads
run           state                            it    s/it   mean mT   N_green  F $/vox   hours  expected   latest     
noise1        running                      96/150      73    159.20         2 2.07e+03    2.18  unknown    Tue 03:37  
noise2        running                      75/150      72    151.98         4 1.22e+03    2.25  unknown    Tue 03:50  
noise3        running                      79/150      94    158.97         2 2.05e+03    2.26  unknown    Tue 03:50  
noise4        running                      63/150      93    136.72         3 1.52e+03    2.25  unknown    Tue 03:50  
[2J[Hsession planx_ms2: started Tue 00:20, budget ends Tue 03:50, now Tue 02:36:42, 4 runs x 3 threads
run           state                            it    s/it   mean mT   N_green  F $/vox   hours  expected   latest     
noise1        running                      96/150      73    159.20         2 2.07e+03    2.18  unknown    Tue 03:37  
noise2        running                      75/150      72    151.98         4 1.22e+03    2.25  unknown    Tue 03:50  
noise3        running                      79/150      94    158.97         2 2.05e+03    2.26  unknown    Tue 03:50  
noise4        running                      63/150      93    136.72         3 1.52e+03    2.25  unknown    Tue 03:50  
[2J[Hsession planx_ms2: started Tue 00:20, budget ends Tue 03:50, now Tue 02:37:12, 4 runs x 3 threads
run           state                            it    s/it   mean mT   N_green  F $/vox   hours  expected   latest     
noise1        running                      96/150      73    159.20         2 2.07e+03    2.18  unknown    Tue 03:37  
noise2        running                      76/150      72    153.23         4 1.23e+03    2.27  unknown    Tue 03:50  
noise3        running                      79/150      94    158.97         2 2.05e+03    2.26  unknown    Tue 03:50  
noise4        running                      63/150      93    136.72         3 1.52e+03    2.25  unknown    Tue 03:50  
[2J[Hsession planx_ms2: started Tue 00:20, budget ends Tue 03:50, now Tue 02:37:42, 4 runs x 3 threads
run           state                            it    s/it   mean mT   N_green  F $/vox   hours  expected   latest     
noise1        running                      96/150      73    159.20         2 2.07e+03    2.18  unknown    Tue 03:37  
noise2        running                      76/150      72    153.23         4 1.23e+03    2.27  unknown    Tue 03:50  
noise3        running                      79/150      94    158.97         2 2.05e+03    2.26  unknown    Tue 03:50  
noise4        running                      64/150      92    138.58         3 1.52e+03    2.28  unknown    Tue 03:50  
[2J[Hsession planx_ms2: started Tue 00:20, budget ends Tue 03:50, now Tue 02:38:12, 4 runs x 3 threads
run           state                            it    s/it   mean mT   N_green  F $/vox   hours  expected   latest     
noise1        running                      99/150      73    159.19         2 2.07e+03    2.29  unknown    Tue 03:40  
noise2        running                      76/150      72    153.23         4 1.23e+03    2.27  unknown    Tue 03:50  
noise3        running                      79/150      94    158.97         2 2.05e+03    2.26  unknown    Tue 03:50  
noise4        running                      64/150      92    138.58         3 1.52e+03    2.28  unknown    Tue 03:50  
[2J[Hsession planx_ms2: started Tue 00:20, budget ends Tue 03:50, now Tue 02:38:42, 4 runs x 3 threads
run           state                            it    s/it   mean mT   N_green  F $/vox   hours  expected   latest     
noise1        running                      99/150      73    159.19         2 2.07e+03    2.29  unknown    Tue 03:40  
noise2        running                      77/150      72    159.16         2 2.47e+03    2.29  unknown    Tue 03:50  
noise3        running                      79/150      94    158.97         2 2.05e+03    2.26  unknown    Tue 03:50  
noise4        running                      64/150      92    138.58         3 1.52e+03    2.28  unknown    Tue 03:50  
[2J[Hsession planx_ms2: started Tue 00:20, budget ends Tue 03:50, now Tue 02:39:12, 4 runs x 3 threads
run           state                            it    s/it   mean mT   N_green  F $/vox   hours  expected   latest     
noise1        running                      99/150      73    159.19         2 2.07e+03    2.29  unknown    Tue 03:40  
noise2        running                      77/150      72    159.16         2 2.47e+03    2.29  unknown    Tue 03:50  
noise3        running                      79/150      94    158.97         2 2.05e+03    2.26  unknown    Tue 03:50  
noise4        running                      65/150      92    140.40         5      913    2.31  unknown    Tue 03:50  
[2J[Hsession planx_ms2: started Tue 00:20, budget ends Tue 03:50, now Tue 02:39:42, 4 runs x 3 threads
run           state                            it    s/it   mean mT   N_green  F $/vox   hours  expected   latest     
noise1        running                      99/150      73    159.19         2 2.07e+03    2.29  unknown    Tue 03:40  
noise2        running                      78/150      72    159.60         2 2.47e+03    2.31  unknown    Tue 03:50  
noise3        running                      79/150      94    158.97         2 2.05e+03    2.26  unknown    Tue 03:50  
noise4        running                      65/150      92    140.40         5      913    2.31  unknown    Tue 03:50  
[2J[Hsession planx_ms2: started Tue 00:20, budget ends Tue 03:50, now Tue 02:40:12, 4 runs x 3 threads
run           state                            it    s/it   mean mT   N_green  F $/vox   hours  expected   latest     
noise1        running                      99/150      73    159.19         2 2.07e+03    2.29  unknown    Tue 03:40  
noise2        running                      78/150      72    159.60         2 2.47e+03    2.31  unknown    Tue 03:50  
noise3        running                      79/150      94    158.97         2 2.05e+03    2.26  unknown    Tue 03:50  
noise4        running                      65/150      92    140.40         5      913    2.31  unknown    Tue 03:50  
[2J[Hsession planx_ms2: started Tue 00:20, budget ends Tue 03:50, now Tue 02:40:42, 4 runs x 3 threads
run           state                            it    s/it   mean mT   N_green  F $/vox   hours  expected   latest     
noise1        running                      99/150      73    159.19         2 2.07e+03    2.29  unknown    Tue 03:40  
noise2        running                      78/150      72    159.60         2 2.47e+03    2.31  unknown    Tue 03:50  
noise3        running                      79/150      94    158.97         2 2.05e+03    2.26  unknown    Tue 03:50  
noise4        running                      65/150      92    140.40         5      913    2.31  unknown    Tue 03:50  
[2J[Hsession planx_ms2: started Tue 00:20, budget ends Tue 03:50, now Tue 02:41:12, 4 runs x 3 threads
run           state                            it    s/it   mean mT   N_green  F $/vox   hours  expected   latest     
noise1        running                      99/150      73    159.19         2 2.07e+03    2.29  unknown    Tue 03:40  
noise2        running                      78/150      72    159.60         2 2.47e+03    2.31  unknown    Tue 03:50  
noise3        running                      79/150      94    158.97         2 2.05e+03    2.26  unknown    Tue 03:50  
noise4        running                      66/150      93    141.92         4 1.14e+03    2.33  unknown    Tue 03:50  
[2J[Hsession planx_ms2: started Tue 00:20, budget ends Tue 03:50, now Tue 02:41:42, 4 runs x 3 threads
run           state                            it    s/it   mean mT   N_green  F $/vox   hours  expected   latest     
noise1        running                      99/150      73    159.19         2 2.07e+03    2.29  unknown    Tue 03:40  
noise2        running                      78/150      72    159.60         2 2.47e+03    2.31  unknown    Tue 03:50  
noise3        running                      79/150      94    158.97         2 2.05e+03    2.26  unknown    Tue 03:50  
noise4        running                      66/150      93    141.92         4 1.14e+03    2.33  unknown    Tue 03:50  
[2J[Hsession planx_ms2: started Tue 00:20, budget ends Tue 03:50, now Tue 02:42:12, 4 runs x 3 threads
run           state                            it    s/it   mean mT   N_green  F $/vox   hours  expected   latest     
noise1        running                      99/150      73    159.19         2 2.07e+03    2.29  unknown    Tue 03:40  
noise2        running                      79/150      72    159.05         2 2.47e+03    2.36  unknown    Tue 03:50  
noise3        running                      81/150     111    158.92         2 2.05e+03    2.36  unknown    Tue 03:50  
noise4        running                      66/150      93    141.92         4 1.14e+03    2.33  unknown    Tue 03:50  
[2J[Hsession planx_ms2: started Tue 00:20, budget ends Tue 03:50, now Tue 02:42:42, 4 runs x 3 threads
run           state                            it    s/it   mean mT   N_green  F $/vox   hours  expected   latest     
noise1        running                      99/150      73    159.19         2 2.07e+03    2.29  unknown    Tue 03:40  
noise2        running                      79/150      72    159.05         2 2.47e+03    2.36  unknown    Tue 03:50  
noise3        running                      81/150     111    158.92         2 2.05e+03    2.36  unknown    Tue 03:50  
noise4        running                      67/150      93    143.62         2 2.29e+03    2.36  unknown    Tue 03:50  
[2J[Hsession planx_ms2: started Tue 00:20, budget ends Tue 03:50, now Tue 02:43:12, 4 runs x 3 threads
run           state                            it    s/it   mean mT   N_green  F $/vox   hours  expected   latest     
noise1        running                      99/150      73    159.19         2 2.07e+03    2.29  unknown    Tue 03:40  
noise2        running                      79/150      72    159.05         2 2.47e+03    2.36  unknown    Tue 03:50  
noise3        running                      81/150     111    158.92         2 2.05e+03    2.36  unknown    Tue 03:50  
noise4        running                      67/150      93    143.62         2 2.29e+03    2.36  unknown    Tue 03:50  
[2J[Hsession planx_ms2: started Tue 00:20, budget ends Tue 03:50, now Tue 02:43:42, 4 runs x 3 threads
run           state                            it    s/it   mean mT   N_green  F $/vox   hours  expected   latest     
noise1        running                      99/150      73    159.19         2 2.07e+03    2.29  unknown    Tue 03:40  
noise2        running                      80/150      72    159.42         1 4.94e+03    2.38  unknown    Tue 03:50  
noise3        running                      81/150     111    158.92         2 2.05e+03    2.36  unknown    Tue 03:50  
noise4        running                      67/150      93    143.62         2 2.29e+03    2.36  unknown    Tue 03:50  
[2J[Hsession planx_ms2: started Tue 00:20, budget ends Tue 03:50, now Tue 02:44:12, 4 runs x 3 threads
run           state                            it    s/it   mean mT   N_green  F $/vox   hours  expected   latest     
noise1        running                      99/150      73    159.19         2 2.07e+03    2.29  unknown    Tue 03:40  
noise2        running                      80/150      72    159.42         1 4.94e+03    2.38  unknown    Tue 03:50  
noise3        running                      81/150     111    158.92         2 2.05e+03    2.36  unknown    Tue 03:50  
noise4        running                      67/150      93    143.62         2 2.29e+03    2.36  unknown    Tue 03:50  
[2J[Hsession planx_ms2: started Tue 00:20, budget ends Tue 03:50, now Tue 02:44:42, 4 runs x 3 threads
run           state                            it    s/it   mean mT   N_green  F $/vox   hours  expected   latest     
noise1        running                      99/150      73    159.19         2 2.07e+03    2.29  unknown    Tue 03:40  
noise2        running                      80/150      72    159.42         1 4.94e+03    2.38  unknown    Tue 03:50  
noise3        running                      81/150     111    158.92         2 2.05e+03    2.36  unknown    Tue 03:50  
noise4        running                      68/150      97    144.63         4 1.15e+03    2.40  unknown    Tue 03:50  
[2J[Hsession planx_ms2: started Tue 00:20, budget ends Tue 03:50, now Tue 02:45:12, 4 runs x 3 threads
run           state                            it    s/it   mean mT   N_green  F $/vox   hours  expected   latest     
noise1        running                      99/150      73    159.19         2 2.07e+03    2.29  unknown    Tue 03:40  
noise2        running                      80/150      72    159.42         1 4.94e+03    2.38  unknown    Tue 03:50  
noise3        running                      82/150     114    158.92         2 2.05e+03    2.41  unknown    Tue 03:50  
noise4        running                      68/150      97    144.63         4 1.15e+03    2.40  unknown    Tue 03:50  
[2J[Hsession planx_ms2: started Tue 00:20, budget ends Tue 03:50, now Tue 02:45:42, 4 runs x 3 threads
run           state                            it    s/it   mean mT   N_green  F $/vox   hours  expected   latest     
noise1        finished: no descent step    99/150      73    159.19         2 2.07e+03    2.41  unknown    Tue 03:47  
noise2        running                      81/150      72    159.25         6      824    2.41  unknown    Tue 03:50  
noise3        running                      82/150     114    158.92         2 2.05e+03    2.41  unknown    Tue 03:50  
noise4        running                      68/150      97    144.63         4 1.15e+03    2.40  unknown    Tue 03:50  
[2J[Hsession planx_ms2: started Tue 00:20, budget ends Tue 03:50, now Tue 02:46:12, 4 runs x 3 threads
run           state                            it    s/it   mean mT   N_green  F $/vox   hours  expected   latest     
noise1        finished: no descent step    99/150      73    159.19         2 2.07e+03    2.41  unknown    Tue 03:47  
noise2        running                      81/150      72    159.25         6      824    2.41  unknown    Tue 03:50  
noise3        running                      82/150     114    158.92         2 2.05e+03    2.41  unknown    Tue 03:50  
noise4        running                      69/150      93    145.98         4 1.15e+03    2.42  unknown    Tue 03:50  
[2J[Hsession planx_ms2: started Tue 00:20, budget ends Tue 03:50, now Tue 02:46:42, 4 runs x 3 threads
run           state                            it    s/it   mean mT   N_green  F $/vox   hours  expected   latest     
noise1        finished: no descent step    99/150      73    159.19         2 2.07e+03    2.41  unknown    Tue 03:47  
noise2        running                      82/150      71    159.24         4 1.24e+03    2.43  unknown    Tue 03:50  
noise3        running                      83/150     114    158.92         2 2.05e+03    2.43  unknown    Tue 03:50  
noise4        running                      69/150      93    145.98         4 1.15e+03    2.42  unknown    Tue 03:50  
[2J[Hsession planx_ms2: started Tue 00:20, budget ends Tue 03:50, now Tue 02:47:12, 4 runs x 3 threads
run           state                            it    s/it   mean mT   N_green  F $/vox   hours  expected   latest     
noise1        finished: no descent step    99/150      73    159.19         2 2.07e+03    2.41  unknown    Tue 03:47  
noise2        running                      82/150      71    159.24         4 1.24e+03    2.43  unknown    Tue 03:50  
noise3        running                      83/150     114    158.92         2 2.05e+03    2.43  unknown    Tue 03:50  
noise4        running                      69/150      93    145.98         4 1.15e+03    2.42  unknown    Tue 03:50  
[2J[Hsession planx_ms2: started Tue 00:20, budget ends Tue 03:50, now Tue 02:47:42, 4 runs x 3 threads
run           state                            it    s/it   mean mT   N_green  F $/vox   hours  expected   latest     
noise1        finished: no descent step    99/150      73    159.19         2 2.07e+03    2.41  unknown    Tue 03:47  
noise2        running                      83/150      71    159.20         4 1.23e+03    2.45  unknown    Tue 03:50  
noise3        running                      84/150     114    158.92         2 2.05e+03    2.44  unknown    Tue 03:50  
noise4        running                      70/150      92    147.33         6      770    2.44  unknown    Tue 03:50  
[2J[Hsession planx_ms2: started Tue 00:20, budget ends Tue 03:50, now Tue 02:48:12, 4 runs x 3 threads
run           state                            it    s/it   mean mT   N_green  F $/vox   hours  expected   latest     
noise1        finished: no descent step    99/150      73    159.19         2 2.07e+03    2.41  unknown    Tue 03:47  
noise2        running                      83/150      71    159.20         4 1.23e+03    2.45  unknown    Tue 03:50  
noise3        running                      84/150     114    158.92         2 2.05e+03    2.44  unknown    Tue 03:50  
noise4        running                      70/150      92    147.33         6      770    2.44  unknown    Tue 03:50  
[2J[Hsession planx_ms2: started Tue 00:20, budget ends Tue 03:50, now Tue 02:48:42, 4 runs x 3 threads
run           state                            it    s/it   mean mT   N_green  F $/vox   hours  expected   latest     
noise1        finished: no descent step    99/150      73    159.19         2 2.07e+03    2.41  unknown    Tue 03:47  
noise2        running                      83/150      71    159.20         4 1.23e+03    2.45  unknown    Tue 03:50  
noise3        running                      85/150     114    158.92         2 2.05e+03    2.46  unknown    Tue 03:50  
noise4        running                      71/150      92    148.13         6      770    2.47  unknown    Tue 03:50  
[2J[Hsession planx_ms2: started Tue 00:20, budget ends Tue 03:50, now Tue 02:49:12, 4 runs x 3 threads
run           state                            it    s/it   mean mT   N_green  F $/vox   hours  expected   latest     
noise1        finished: no descent step    99/150      73    159.19         2 2.07e+03    2.41  unknown    Tue 03:47  
noise2        running                      84/150      70    159.23         4 1.23e+03    2.47  unknown    Tue 03:50  
noise3        running                      85/150     114    158.92         2 2.05e+03    2.46  unknown    Tue 03:50  
noise4        running                      71/150      92    148.13         6      770    2.47  unknown    Tue 03:50  
[2J[Hsession planx_ms2: started Tue 00:20, budget ends Tue 03:50, now Tue 02:49:42, 4 runs x 3 threads
run           state                            it    s/it   mean mT   N_green  F $/vox   hours  expected   latest     
noise1        finished: no descent step    99/150      73    159.19         2 2.07e+03    2.41  unknown    Tue 03:47  
noise2        running                      84/150      70    159.23         4 1.23e+03    2.47  unknown    Tue 03:50  
noise3        running                      86/150     114    158.92         2 2.05e+03    2.48  unknown    Tue 03:50  
noise4        running                      71/150      92    148.13         6      770    2.47  unknown    Tue 03:50  
[2J[Hsession planx_ms2: started Tue 00:20, budget ends Tue 03:50, now Tue 02:50:12, 4 runs x 3 threads
run           state                            it    s/it   mean mT   N_green  F $/vox   hours  expected   latest     
noise1        finished: no descent step    99/150      73    159.19         2 2.07e+03    2.41  unknown    Tue 03:47  
noise2        running                      84/150      70    159.23         4 1.23e+03    2.47  unknown    Tue 03:50  
noise3        running                      86/150     114    158.92         2 2.05e+03    2.48  unknown    Tue 03:50  
noise4        running                      72/150      90    159.46         2 2.32e+03    2.49  unknown    Tue 03:50  
[2J[Hsession planx_ms2: started Tue 00:20, budget ends Tue 03:50, now Tue 02:50:42, 4 runs x 3 threads
run           state                            it    s/it   mean mT   N_green  F $/vox   hours  expected   latest     
noise1        finished: no descent step    99/150      73    159.19         2 2.07e+03    2.41  unknown    Tue 03:47  
noise2        running                      84/150      70    159.23         4 1.23e+03    2.47  unknown    Tue 03:50  
noise3        running                      86/150     114    158.92         2 2.05e+03    2.48  unknown    Tue 03:50  
noise4        running                      72/150      90    159.46         2 2.32e+03    2.49  unknown    Tue 03:50  
[2J[Hsession planx_ms2: started Tue 00:20, budget ends Tue 03:50, now Tue 02:51:12, 4 runs x 3 threads
run           state                            it    s/it   mean mT   N_green  F $/vox   hours  expected   latest     
noise1        finished: no descent step    99/150      73    159.19         2 2.07e+03    2.41  unknown    Tue 03:47  
noise2        running                      84/150      70    159.23         4 1.23e+03    2.47  unknown    Tue 03:50  
noise3        running                      87/150      94    158.92         2 2.05e+03    2.50  unknown    Tue 03:50  
noise4        running                      73/150      90    149.00         2 2.31e+03    2.51  unknown    Tue 03:50  
[2J[Hsession planx_ms2: started Tue 00:20, budget ends Tue 03:50, now Tue 02:51:42, 4 runs x 3 threads
run           state                            it    s/it   mean mT   N_green  F $/vox   hours  expected   latest     
noise1        finished: no descent step    99/150      73    159.19         2 2.07e+03    2.41  unknown    Tue 03:47  
noise2        running                      84/150      70    159.23         4 1.23e+03    2.47  unknown    Tue 03:50  
noise3        running                      87/150      94    158.92         2 2.05e+03    2.50  unknown    Tue 03:50  
noise4        running                      73/150      90    149.00         2 2.31e+03    2.51  unknown    Tue 03:50  
[2J[Hsession planx_ms2: started Tue 00:20, budget ends Tue 03:50, now Tue 02:52:12, 4 runs x 3 threads
run           state                            it    s/it   mean mT   N_green  F $/vox   hours  expected   latest     
noise1        finished: no descent step    99/150      73    159.19         2 2.07e+03    2.41  unknown    Tue 03:47  
noise2        running                      86/150      71    159.10         8      617    2.52  unknown    Tue 03:50  
noise3        running                      88/150      92    158.92         2 2.05e+03    2.52  unknown    Tue 03:50  
noise4        running                      73/150      90    149.00         2 2.31e+03    2.51  unknown    Tue 03:50  
[2J[Hsession planx_ms2: started Tue 00:20, budget ends Tue 03:50, now Tue 02:52:42, 4 runs x 3 threads
run           state                            it    s/it   mean mT   N_green  F $/vox   hours  expected   latest     
noise1        finished: no descent step    99/150      73    159.19         2 2.07e+03    2.41  unknown    Tue 03:47  
noise2        running                      86/150      71    159.10         8      617    2.52  unknown    Tue 03:50  
noise3        running                      88/150      92    158.92         2 2.05e+03    2.52  unknown    Tue 03:50  
noise4        running                      74/150      87    150.30         2 2.31e+03    2.53  unknown    Tue 03:50  
[2J[Hsession planx_ms2: started Tue 00:20, budget ends Tue 03:50, now Tue 02:53:12, 4 runs x 3 threads
run           state                            it    s/it   mean mT   N_green  F $/vox   hours  expected   latest     
noise1        finished: no descent step    99/150      73    159.19         2 2.07e+03    2.41  unknown    Tue 03:47  
noise2        running                      86/150      71    159.10         8      617    2.52  unknown    Tue 03:50  
noise3        running                      88/150      92    158.92         2 2.05e+03    2.52  unknown    Tue 03:50  
noise4        running                      74/150      87    150.30         2 2.31e+03    2.53  unknown    Tue 03:50  
[2J[Hsession planx_ms2: started Tue 00:20, budget ends Tue 03:50, now Tue 02:53:42, 4 runs x 3 threads
run           state                            it    s/it   mean mT   N_green  F $/vox   hours  expected   latest     
noise1        finished: no descent step    99/150      73    159.19         2 2.07e+03    2.41  unknown    Tue 03:47  
noise2        running                      87/150      72    159.16        12      412    2.54  unknown    Tue 03:50  
noise3        running                      89/150      86    158.92         2 2.05e+03    2.54  unknown    Tue 03:50  
noise4        running                      75/150      86    151.60         2 2.32e+03    2.55  unknown    Tue 03:50  
[2J[Hsession planx_ms2: started Tue 00:20, budget ends Tue 03:50, now Tue 02:54:12, 4 runs x 3 threads
run           state                            it    s/it   mean mT   N_green  F $/vox   hours  expected   latest     
noise1        finished: no descent step    99/150      73    159.19         2 2.07e+03    2.41  unknown    Tue 03:47  
noise2        running                      87/150      72    159.16        12      412    2.54  unknown    Tue 03:50  
noise3        running                      89/150      86    158.92         2 2.05e+03    2.54  unknown    Tue 03:50  
noise4        running                      75/150      86    151.60         2 2.32e+03    2.55  unknown    Tue 03:50  
[2J[Hsession planx_ms2: started Tue 00:20, budget ends Tue 03:50, now Tue 02:54:42, 4 runs x 3 threads
run           state                            it    s/it   mean mT   N_green  F $/vox   hours  expected   latest     
noise1        finished: no descent step    99/150      73    159.19         2 2.07e+03    2.41  unknown    Tue 03:47  
noise2        running                      88/150      72    159.26        12      413    2.56  unknown    Tue 03:50  
noise3        running                      89/150      86    158.92         2 2.05e+03    2.54  unknown    Tue 03:50  
noise4        running                      75/150      86    151.60         2 2.32e+03    2.55  unknown    Tue 03:50  
[2J[Hsession planx_ms2: started Tue 00:20, budget ends Tue 03:50, now Tue 02:55:12, 4 runs x 3 threads
run           state                            it    s/it   mean mT   N_green  F $/vox   hours  expected   latest     
noise1        finished: no descent step    99/150      73    159.19         2 2.07e+03    2.41  unknown    Tue 03:47  
noise2        running                      88/150      72    159.26        12      413    2.56  unknown    Tue 03:50  
noise3        running                      90/150      78    158.92         2 2.05e+03    2.57  unknown    Tue 03:50  
noise4        running                      76/150      86    152.86         2 2.33e+03    2.57  unknown    Tue 03:50  
[2J[Hsession planx_ms2: started Tue 00:20, budget ends Tue 03:50, now Tue 02:55:42, 4 runs x 3 threads
run           state                            it    s/it   mean mT   N_green  F $/vox   hours  expected   latest     
noise1        finished: no descent step    99/150      73    159.19         2 2.07e+03    2.41  unknown    Tue 03:47  
noise2        running                      88/150      72    159.26        12      413    2.56  unknown    Tue 03:50  
noise3        running                      90/150      78    158.92         2 2.05e+03    2.57  unknown    Tue 03:50  
noise4        running                      76/150      86    152.86         2 2.33e+03    2.57  unknown    Tue 03:50  
[2J[Hsession planx_ms2: started Tue 00:20, budget ends Tue 03:50, now Tue 02:56:12, 4 runs x 3 threads
run           state                            it    s/it   mean mT   N_green  F $/vox   hours  expected   latest     
noise1        finished: no descent step    99/150      73    159.19         2 2.07e+03    2.41  unknown    Tue 03:47  
noise2        running                      89/150      72    159.10        32      155    2.59  unknown    Tue 03:50  
noise3        running                      90/150      78    158.92         2 2.05e+03    2.57  unknown    Tue 03:50  
noise4        running                      77/150      86    154.12         5      933    2.59  unknown    Tue 03:50  
[2J[Hsession planx_ms2: started Tue 00:20, budget ends Tue 03:50, now Tue 02:56:42, 4 runs x 3 threads
run           state                            it    s/it   mean mT   N_green  F $/vox   hours  expected   latest     
noise1        finished: no descent step    99/150      73    159.19         2 2.07e+03    2.41  unknown    Tue 03:47  
noise2        running                      89/150      72    159.10        32      155    2.59  unknown    Tue 03:50  
noise3        running                      90/150      78    158.92         2 2.05e+03    2.57  unknown    Tue 03:50  
noise4        running                      77/150      86    154.12         5      933    2.59  unknown    Tue 03:50  
[2J[Hsession planx_ms2: started Tue 00:20, budget ends Tue 03:50, now Tue 02:57:12, 4 runs x 3 threads
run           state                            it    s/it   mean mT   N_green  F $/vox   hours  expected   latest     
noise1        finished: no descent step    99/150      73    159.19         2 2.07e+03    2.41  unknown    Tue 03:47  
noise2        running                      90/150      71    159.17        14      355    2.61  unknown    Tue 03:50  
noise3        running                      90/150      78    158.92         2 2.05e+03    2.57  unknown    Tue 03:50  
noise4        running                      77/150      86    154.12         5      933    2.59  unknown    Tue 03:50  
[2J[Hsession planx_ms2: started Tue 00:20, budget ends Tue 03:50, now Tue 02:57:42, 4 runs x 3 threads
run           state                            it    s/it   mean mT   N_green  F $/vox   hours  expected   latest     
noise1        finished: no descent step    99/150      73    159.19         2 2.07e+03    2.41  unknown    Tue 03:47  
noise2        running                      90/150      71    159.17        14      355    2.61  unknown    Tue 03:50  
noise3        running                      90/150      78    158.92         2 2.05e+03    2.57  unknown    Tue 03:50  
noise4        running                      78/150      79    155.13         3 1.56e+03    2.61  unknown    Tue 03:50  
[2J[Hsession planx_ms2: started Tue 00:20, budget ends Tue 03:50, now Tue 02:58:12, 4 runs x 3 threads
run           state                            it    s/it   mean mT   N_green  F $/vox   hours  expected   latest     
noise1        finished: no descent step    99/150      73    159.19         2 2.07e+03    2.41  unknown    Tue 03:47  
noise2        running                      91/150      70    159.32        52     95.6    2.62  unknown    Tue 03:50  
noise3        running                      90/150      78    158.92         2 2.05e+03    2.57  unknown    Tue 03:50  
noise4        running                      78/150      79    155.13         3 1.56e+03    2.61  unknown    Tue 03:50  
[2J[Hsession planx_ms2: started Tue 00:20, budget ends Tue 03:50, now Tue 02:58:42, 4 runs x 3 threads
run           state                            it    s/it   mean mT   N_green  F $/vox   hours  expected   latest     
noise1        finished: no descent step    99/150      73    159.19         2 2.07e+03    2.41  unknown    Tue 03:47  
noise2        running                      91/150      70    159.32        52     95.6    2.62  unknown    Tue 03:50  
noise3        running                      90/150      78    158.92         2 2.05e+03    2.57  unknown    Tue 03:50  
noise4        running                      78/150      79    155.13         3 1.56e+03    2.61  unknown    Tue 03:50  
[2J[Hsession planx_ms2: started Tue 00:20, budget ends Tue 03:50, now Tue 02:59:12, 4 runs x 3 threads
run           state                            it    s/it   mean mT   N_green  F $/vox   hours  expected   latest     
noise1        finished: no descent step    99/150      73    159.19         2 2.07e+03    2.41  unknown    Tue 03:47  
noise2        running                      91/150      70    159.32        52     95.6    2.62  unknown    Tue 03:50  
noise3        running                      90/150      78    158.92         2 2.05e+03    2.57  unknown    Tue 03:50  
noise4        running                      79/150      79    156.27         4 1.17e+03    2.63  unknown    Tue 03:50  
[2J[Hsession planx_ms2: started Tue 00:20, budget ends Tue 03:50, now Tue 02:59:42, 4 runs x 3 threads
run           state                            it    s/it   mean mT   N_green  F $/vox   hours  expected   latest     
noise1        finished: no descent step    99/150      73    159.19         2 2.07e+03    2.41  unknown    Tue 03:47  
noise2        running                      92/150      74    159.25        28      178    2.65  unknown    Tue 03:50  
noise3        running                      90/150      78    158.92         2 2.05e+03    2.57  unknown    Tue 03:50  
noise4        running                      79/150      79    156.27         4 1.17e+03    2.63  unknown    Tue 03:50  
[2J[Hsession planx_ms2: started Tue 00:20, budget ends Tue 03:50, now Tue 03:00:12, 4 runs x 3 threads
run           state                            it    s/it   mean mT   N_green  F $/vox   hours  expected   latest     
noise1        finished: no descent step    99/150      73    159.19         2 2.07e+03    2.41  unknown    Tue 03:47  
noise2        running                      92/150      74    159.25        28      178    2.65  unknown    Tue 03:50  
noise3        running                      90/150      78    158.92         2 2.05e+03    2.57  unknown    Tue 03:50  
noise4        running                      80/150      79    159.20         2 2.35e+03    2.66  unknown    Tue 03:50  
[2J[Hsession planx_ms2: started Tue 00:20, budget ends Tue 03:50, now Tue 03:00:42, 4 runs x 3 threads
run           state                            it    s/it   mean mT   N_green  F $/vox   hours  expected   latest     
noise1        finished: no descent step    99/150      73    159.19         2 2.07e+03    2.41  unknown    Tue 03:47  
noise2        running                      93/150      74    159.31        38      131    2.67  unknown    Tue 03:50  
noise3        running                      90/150      78    158.92         2 2.05e+03    2.57  unknown    Tue 03:50  
noise4        running                      80/150      79    159.20         2 2.35e+03    2.66  unknown    Tue 03:50  
[2J[Hsession planx_ms2: started Tue 00:20, budget ends Tue 03:50, now Tue 03:01:12, 4 runs x 3 threads
run           state                            it    s/it   mean mT   N_green  F $/vox   hours  expected   latest     
noise1        finished: no descent step    99/150      73    159.19         2 2.07e+03    2.41  unknown    Tue 03:47  
noise2        running                      93/150      74    159.31        38      131    2.67  unknown    Tue 03:50  
noise3        running                      90/150      78    158.92         2 2.05e+03    2.57  unknown    Tue 03:50  
noise4        running                      80/150      79    159.20         2 2.35e+03    2.66  unknown    Tue 03:50  
[2J[Hsession planx_ms2: started Tue 00:20, budget ends Tue 03:50, now Tue 03:01:42, 4 runs x 3 threads
run           state                            it    s/it   mean mT   N_green  F $/vox   hours  expected   latest     
noise1        finished: no descent step    99/150      73    159.19         2 2.07e+03    2.41  unknown    Tue 03:47  
noise2        running                      93/150      74    159.31        38      131    2.67  unknown    Tue 03:50  
noise3        running                      90/150      78    158.92         2 2.05e+03    2.57  unknown    Tue 03:50  
noise4        running                      81/150      78    156.91         4 1.17e+03    2.67  unknown    Tue 03:50  
[2J[Hsession planx_ms2: started Tue 00:20, budget ends Tue 03:50, now Tue 03:02:12, 4 runs x 3 threads
run           state                            it    s/it   mean mT   N_green  F $/vox   hours  expected   latest     
noise1        finished: no descent step    99/150      73    159.19         2 2.07e+03    2.41  unknown    Tue 03:47  
noise2        running                      94/150      74    159.26       216     23.1    2.69  unknown    Tue 03:50  
noise3        running                      90/150      78    158.92         2 2.05e+03    2.57  unknown    Tue 03:50  
noise4        running                      81/150      78    156.91         4 1.17e+03    2.67  unknown    Tue 03:50  
[2J[Hsession planx_ms2: started Tue 00:20, budget ends Tue 03:50, now Tue 03:02:42, 4 runs x 3 threads
run           state                            it    s/it   mean mT   N_green  F $/vox   hours  expected   latest     
noise1        finished: no descent step    99/150      73    159.19         2 2.07e+03    2.41  unknown    Tue 03:47  
noise2        running                      94/150      74    159.26       216     23.1    2.69  unknown    Tue 03:50  
noise3        running                      90/150      78    158.92         2 2.05e+03    2.57  unknown    Tue 03:50  
noise4        running                      82/150      76    157.53         2 2.34e+03    2.69  unknown    Tue 03:50  
[2J[Hsession planx_ms2: started Tue 00:20, budget ends Tue 03:50, now Tue 03:03:12, 4 runs x 3 threads
run           state                            it    s/it   mean mT   N_green  F $/vox   hours  expected   latest     
noise1        finished: no descent step    99/150      73    159.19         2 2.07e+03    2.41  unknown    Tue 03:47  
noise2        running                      95/150      74    159.25       244     20.4    2.71  unknown    Tue 03:50  
noise3        running                      90/150      78    158.92         2 2.05e+03    2.57  unknown    Tue 03:50  
noise4        running                      82/150      76    157.53         2 2.34e+03    2.69  unknown    Tue 03:50  
[2J[Hsession planx_ms2: started Tue 00:20, budget ends Tue 03:50, now Tue 03:03:42, 4 runs x 3 threads
run           state                            it    s/it   mean mT   N_green  F $/vox   hours  expected   latest     
noise1        finished: no descent step    99/150      73    159.19         2 2.07e+03    2.41  unknown    Tue 03:47  
noise2        running                      95/150      74    159.25       244     20.4    2.71  unknown    Tue 03:50  
noise3        running                      90/150      78    158.92         2 2.05e+03    2.57  unknown    Tue 03:50  
noise4        running                      82/150      76    157.53         2 2.34e+03    2.69  unknown    Tue 03:50  
[2J[Hsession planx_ms2: started Tue 00:20, budget ends Tue 03:50, now Tue 03:04:12, 4 runs x 3 threads
run           state                            it    s/it   mean mT   N_green  F $/vox   hours  expected   latest     
noise1        finished: no descent step    99/150      73    159.19         2 2.07e+03    2.41  unknown    Tue 03:47  
noise2        running                      96/150      69    159.26       236     21.1    2.72  unknown    Tue 03:50  
noise3        running                      90/150      78    158.92         2 2.05e+03    2.57  unknown    Tue 03:50  
noise4        running                      83/150      76    159.30         2 2.34e+03    2.72  unknown    Tue 03:50  
[2J[Hsession planx_ms2: started Tue 00:20, budget ends Tue 03:50, now Tue 03:04:42, 4 runs x 3 threads
run           state                            it    s/it   mean mT   N_green  F $/vox   hours  expected   latest     
noise1        finished: no descent step    99/150      73    159.19         2 2.07e+03    2.41  unknown    Tue 03:47  
noise2        running                      96/150      69    159.26       236     21.1    2.72  unknown    Tue 03:50  
noise3        running                      90/150      78    158.92         2 2.05e+03    2.57  unknown    Tue 03:50  
noise4        running                      83/150      76    159.30         2 2.34e+03    2.72  unknown    Tue 03:50  
[2J[Hsession planx_ms2: started Tue 00:20, budget ends Tue 03:50, now Tue 03:05:12, 4 runs x 3 threads
run           state                            it    s/it   mean mT   N_green  F $/vox   hours  expected   latest     
noise1        finished: no descent step    99/150      73    159.19         2 2.07e+03    2.41  unknown    Tue 03:47  
noise2        running                      97/150      65    159.28       380     13.1    2.74  unknown    Tue 03:50  
noise3        running                      90/150      78    158.92         2 2.05e+03    2.57  unknown    Tue 03:50  
noise4        running                      84/150      75    158.56         2 2.35e+03    2.74  unknown    Tue 03:50  
[2J[Hsession planx_ms2: started Tue 00:20, budget ends Tue 03:50, now Tue 03:05:42, 4 runs x 3 threads
run           state                            it    s/it   mean mT   N_green  F $/vox   hours  expected   latest     
noise1        finished: no descent step    99/150      73    159.19         2 2.07e+03    2.41  unknown    Tue 03:47  
noise2        running                      97/150      65    159.28       380     13.1    2.74  unknown    Tue 03:50  
noise3        finished: no descent step    90/150      78    158.92         2 2.05e+03    2.74  unknown    Tue 03:50  
noise4        running                      84/150      75    158.56         2 2.35e+03    2.74  unknown    Tue 03:50  
[2J[Hsession planx_ms2: started Tue 00:20, budget ends Tue 03:50, now Tue 03:06:12, 4 runs x 3 threads
run           state                            it    s/it   mean mT   N_green  F $/vox   hours  expected   latest     
noise1        finished: no descent step    99/150      73    159.19         2 2.07e+03    2.41  unknown    Tue 03:47  
noise2        running                      98/150      63    159.31       336     14.8    2.75  unknown    Tue 03:50  
noise3        finished: no descent step    90/150      78    158.92         2 2.05e+03    2.74  unknown    Tue 03:50  
noise4        running                      85/150      74    159.20         8      587    2.76  unknown    Tue 03:50  
[2J[Hsession planx_ms2: started Tue 00:20, budget ends Tue 03:50, now Tue 03:06:42, 4 runs x 3 threads
run           state                            it    s/it   mean mT   N_green  F $/vox   hours  expected   latest     
noise1        finished: no descent step    99/150      73    159.19         2 2.07e+03    2.41  unknown    Tue 03:47  
noise2        running                      98/150      63    159.31       336     14.8    2.75  unknown    Tue 03:50  
noise3        finished: no descent step    90/150      78    158.92         2 2.05e+03    2.74  unknown    Tue 03:50  
noise4        running                      85/150      74    159.20         8      587    2.76  unknown    Tue 03:50  
[2J[Hsession planx_ms2: started Tue 00:20, budget ends Tue 03:50, now Tue 03:07:12, 4 runs x 3 threads
run           state                            it    s/it   mean mT   N_green  F $/vox   hours  expected   latest     
noise1        finished: no descent step    99/150      73    159.19         2 2.07e+03    2.41  unknown    Tue 03:47  
noise2        running                      99/150      63    159.25       352     14.2    2.77  unknown    Tue 03:50  
noise3        finished: no descent step    90/150      78    158.92         2 2.05e+03    2.74  unknown    Tue 03:50  
noise4        running                      86/150      74    159.20         9      521    2.77  unknown    Tue 03:50  
[2J[Hsession planx_ms2: started Tue 00:20, budget ends Tue 03:50, now Tue 03:07:42, 4 runs x 3 threads
run           state                            it    s/it   mean mT   N_green  F $/vox   hours  expected   latest     
noise1        finished: no descent step    99/150      73    159.19         2 2.07e+03    2.41  unknown    Tue 03:47  
noise2        running                      99/150      63    159.25       352     14.2    2.77  unknown    Tue 03:50  
noise3        finished: no descent step    90/150      78    158.92         2 2.05e+03    2.74  unknown    Tue 03:50  
noise4        running                      86/150      74    159.20         9      521    2.77  unknown    Tue 03:50  
[2J[Hsession planx_ms2: started Tue 00:20, budget ends Tue 03:50, now Tue 03:08:12, 4 runs x 3 threads
run           state                            it    s/it   mean mT   N_green  F $/vox   hours  expected   latest     
noise1        finished: no descent step    99/150      73    159.19         2 2.07e+03    2.41  unknown    Tue 03:47  
noise2        running                     100/150      63    159.24       376     13.3    2.78  unknown    Tue 03:50  
noise3        finished: no descent step    90/150      78    158.92         2 2.05e+03    2.74  unknown    Tue 03:50  
noise4        running                      87/150      69    159.32         2 2.34e+03    2.78  unknown    Tue 03:50  
[2J[Hsession planx_ms2: started Tue 00:20, budget ends Tue 03:50, now Tue 03:08:42, 4 runs x 3 threads
run           state                            it    s/it   mean mT   N_green  F $/vox   hours  expected   latest     
noise1        finished: no descent step    99/150      73    159.19         2 2.07e+03    2.41  unknown    Tue 03:47  
noise2        running                     101/150      60    159.22       360     13.8    2.80  unknown    Tue 03:50  
noise3        finished: no descent step    90/150      78    158.92         2 2.05e+03    2.74  unknown    Tue 03:50  
noise4        running                      87/150      69    159.32         2 2.34e+03    2.78  unknown    Tue 03:50  
[2J[Hsession planx_ms2: started Tue 00:20, budget ends Tue 03:50, now Tue 03:09:13, 4 runs x 3 threads
run           state                            it    s/it   mean mT   N_green  F $/vox   hours  expected   latest     
noise1        finished: no descent step    99/150      73    159.19         2 2.07e+03    2.41  unknown    Tue 03:47  
noise2        running                     101/150      60    159.22       360     13.8    2.80  unknown    Tue 03:50  
noise3        finished: no descent step    90/150      78    158.92         2 2.05e+03    2.74  unknown    Tue 03:50  
noise4        running                      87/150      69    159.32         2 2.34e+03    2.78  unknown    Tue 03:50  
[2J[Hsession planx_ms2: started Tue 00:20, budget ends Tue 03:50, now Tue 03:09:43, 4 runs x 3 threads
run           state                            it    s/it   mean mT   N_green  F $/vox   hours  expected   latest     
noise1        finished: no descent step    99/150      73    159.19         2 2.07e+03    2.41  unknown    Tue 03:47  
noise2        running                     102/150      57    159.23       368     13.5    2.81  unknown    Tue 03:50  
noise3        finished: no descent step    90/150      78    158.92         2 2.05e+03    2.74  unknown    Tue 03:50  
noise4        running                      87/150      69    159.32         2 2.34e+03    2.78  unknown    Tue 03:50  
[2J[Hsession planx_ms2: started Tue 00:20, budget ends Tue 03:50, now Tue 03:10:13, 4 runs x 3 threads
run           state                            it    s/it   mean mT   N_green  F $/vox   hours  expected   latest     
noise1        finished: no descent step    99/150      73    159.19         2 2.07e+03    2.41  unknown    Tue 03:47  
noise2        running                     102/150      57    159.23       368     13.5    2.81  unknown    Tue 03:50  
noise3        finished: no descent step    90/150      78    158.92         2 2.05e+03    2.74  unknown    Tue 03:50  
noise4        running                      87/150      69    159.32         2 2.34e+03    2.78  unknown    Tue 03:50  
[2J[Hsession planx_ms2: started Tue 00:20, budget ends Tue 03:50, now Tue 03:10:43, 4 runs x 3 threads
run           state                            it    s/it   mean mT   N_green  F $/vox   hours  expected   latest     
noise1        finished: no descent step    99/150      73    159.19         2 2.07e+03    2.41  unknown    Tue 03:47  
noise2        running                     103/150      56    159.23       368     13.5    2.83  unknown    Tue 03:50  
noise3        finished: no descent step    90/150      78    158.92         2 2.05e+03    2.74  unknown    Tue 03:50  
noise4        running                      87/150      69    159.32         2 2.34e+03    2.78  unknown    Tue 03:50  
[2J[Hsession planx_ms2: started Tue 00:20, budget ends Tue 03:50, now Tue 03:11:13, 4 runs x 3 threads
run           state                            it    s/it   mean mT   N_green  F $/vox   hours  expected   latest     
noise1        finished: no descent step    99/150      73    159.19         2 2.07e+03    2.41  unknown    Tue 03:47  
noise2        running                     103/150      56    159.23       368     13.5    2.83  unknown    Tue 03:50  
noise3        finished: no descent step    90/150      78    158.92         2 2.05e+03    2.74  unknown    Tue 03:50  
noise4        running                      87/150      69    159.32         2 2.34e+03    2.78  unknown    Tue 03:50  
[2J[Hsession planx_ms2: started Tue 00:20, budget ends Tue 03:50, now Tue 03:11:43, 4 runs x 3 threads
run           state                            it    s/it   mean mT   N_green  F $/vox   hours  expected   latest     
noise1        finished: no descent step    99/150      73    159.19         2 2.07e+03    2.41  unknown    Tue 03:47  
noise2        running                     104/150      56    159.21       360     13.8    2.84  unknown    Tue 03:50  
noise3        finished: no descent step    90/150      78    158.92         2 2.05e+03    2.74  unknown    Tue 03:50  
noise4        running                      89/150      74    159.29         2 2.34e+03    2.85  unknown    Tue 03:50  
[2J[Hsession planx_ms2: started Tue 00:20, budget ends Tue 03:50, now Tue 03:12:13, 4 runs x 3 threads
run           state                            it    s/it   mean mT   N_green  F $/vox   hours  expected   latest     
noise1        finished: no descent step    99/150      73    159.19         2 2.07e+03    2.41  unknown    Tue 03:47  
noise2        running                     105/150      56    159.22       368     13.5    2.86  unknown    Tue 03:50  
noise3        finished: no descent step    90/150      78    158.92         2 2.05e+03    2.74  unknown    Tue 03:50  
noise4        running                      89/150      74    159.29         2 2.34e+03    2.85  unknown    Tue 03:50  
[2J[Hsession planx_ms2: started Tue 00:20, budget ends Tue 03:50, now Tue 03:12:43, 4 runs x 3 threads
run           state                            it    s/it   mean mT   N_green  F $/vox   hours  expected   latest     
noise1        finished: no descent step    99/150      73    159.19         2 2.07e+03    2.41  unknown    Tue 03:47  
noise2        running                     105/150      56    159.22       368     13.5    2.86  unknown    Tue 03:50  
noise3        finished: no descent step    90/150      78    158.92         2 2.05e+03    2.74  unknown    Tue 03:50  
noise4        running                      90/150      69    159.29         2 2.34e+03    2.86  unknown    Tue 03:50  
[2J[Hsession planx_ms2: started Tue 00:20, budget ends Tue 03:50, now Tue 03:13:13, 4 runs x 3 threads
run           state                            it    s/it   mean mT   N_green  F $/vox   hours  expected   latest     
noise1        finished: no descent step    99/150      73    159.19         2 2.07e+03    2.41  unknown    Tue 03:47  
noise2        running                     106/150      52    159.22       368     13.4    2.87  unknown    Tue 03:50  
noise3        finished: no descent step    90/150      78    158.92         2 2.05e+03    2.74  unknown    Tue 03:50  
noise4        running                      91/150      69    159.31         2 2.34e+03    2.87  unknown    Tue 03:50  
[2J[Hsession planx_ms2: started Tue 00:20, budget ends Tue 03:50, now Tue 03:13:43, 4 runs x 3 threads
run           state                            it    s/it   mean mT   N_green  F $/vox   hours  expected   latest     
noise1        finished: no descent step    99/150      73    159.19         2 2.07e+03    2.41  unknown    Tue 03:47  
noise2        running                     106/150      52    159.22       368     13.4    2.87  unknown    Tue 03:50  
noise3        finished: no descent step    90/150      78    158.92         2 2.05e+03    2.74  unknown    Tue 03:50  
noise4        running                      91/150      69    159.31         2 2.34e+03    2.87  unknown    Tue 03:50  
[2J[Hsession planx_ms2: started Tue 00:20, budget ends Tue 03:50, now Tue 03:14:13, 4 runs x 3 threads
run           state                            it    s/it   mean mT   N_green  F $/vox   hours  expected   latest     
noise1        finished: no descent step    99/150      73    159.19         2 2.07e+03    2.41  unknown    Tue 03:47  
noise2        running                     107/150      52    159.22       376     13.2    2.89  unknown    Tue 03:50  
noise3        finished: no descent step    90/150      78    158.92         2 2.05e+03    2.74  unknown    Tue 03:50  
noise4        running                      92/150      69    159.18         3 1.56e+03    2.89  unknown    Tue 03:50  
[2J[Hsession planx_ms2: started Tue 00:20, budget ends Tue 03:50, now Tue 03:14:43, 4 runs x 3 threads
run           state                            it    s/it   mean mT   N_green  F $/vox   hours  expected   latest     
noise1        finished: no descent step    99/150      73    159.19         2 2.07e+03    2.41  unknown    Tue 03:47  
noise2        running                     107/150      52    159.22       376     13.2    2.89  unknown    Tue 03:50  
noise3        finished: no descent step    90/150      78    158.92         2 2.05e+03    2.74  unknown    Tue 03:50  
noise4        running                      93/150      63    159.31         2 2.34e+03    2.90  unknown    Tue 03:50  
[2J[Hsession planx_ms2: started Tue 00:20, budget ends Tue 03:50, now Tue 03:15:13, 4 runs x 3 threads
run           state                            it    s/it   mean mT   N_green  F $/vox   hours  expected   latest     
noise1        finished: no descent step    99/150      73    159.19         2 2.07e+03    2.41  unknown    Tue 03:47  
noise2        running                     108/150      52    159.21       360     13.7    2.90  unknown    Tue 03:50  
noise3        finished: no descent step    90/150      78    158.92         2 2.05e+03    2.74  unknown    Tue 03:50  
noise4        running                      93/150      63    159.31         2 2.34e+03    2.90  unknown    Tue 03:50  
[2J[Hsession planx_ms2: started Tue 00:20, budget ends Tue 03:50, now Tue 03:15:43, 4 runs x 3 threads
run           state                            it    s/it   mean mT   N_green  F $/vox   hours  expected   latest     
noise1        finished: no descent step    99/150      73    159.19         2 2.07e+03    2.41  unknown    Tue 03:47  
noise2        running                     109/150      50    159.22       368     13.4    2.91  unknown    Tue 03:49  
noise3        finished: no descent step    90/150      78    158.92         2 2.05e+03    2.74  unknown    Tue 03:50  
noise4        running                      93/150      63    159.31         2 2.34e+03    2.90  unknown    Tue 03:50  
[2J[Hsession planx_ms2: started Tue 00:20, budget ends Tue 03:50, now Tue 03:16:13, 4 runs x 3 threads
run           state                            it    s/it   mean mT   N_green  F $/vox   hours  expected   latest     
noise1        finished: no descent step    99/150      73    159.19         2 2.07e+03    2.41  unknown    Tue 03:47  
noise2        running                     109/150      50    159.22       368     13.4    2.91  unknown    Tue 03:49  
noise3        finished: no descent step    90/150      78    158.92         2 2.05e+03    2.74  unknown    Tue 03:50  
noise4        running                      94/150      63    159.17         4 1.17e+03    2.92  unknown    Tue 03:50  
[2J[Hsession planx_ms2: started Tue 00:20, budget ends Tue 03:50, now Tue 03:16:43, 4 runs x 3 threads
run           state                            it    s/it   mean mT   N_green  F $/vox   hours  expected   latest     
noise1        finished: no descent step    99/150      73    159.19         2 2.07e+03    2.41  unknown    Tue 03:47  
noise2        running                     109/150      50    159.22       368     13.4    2.91  unknown    Tue 03:49  
noise3        finished: no descent step    90/150      78    158.92         2 2.05e+03    2.74  unknown    Tue 03:50  
noise4        running                      95/150      54    159.20         4 1.17e+03    2.93  unknown    Tue 03:50  
[2J[Hsession planx_ms2: started Tue 00:20, budget ends Tue 03:50, now Tue 03:17:13, 4 runs x 3 threads
run           state                            it    s/it   mean mT   N_green  F $/vox   hours  expected   latest     
noise1        finished: no descent step    99/150      73    159.19         2 2.07e+03    2.41  unknown    Tue 03:47  
noise2        running                     109/150      50    159.22       368     13.4    2.91  unknown    Tue 03:49  
noise3        finished: no descent step    90/150      78    158.92         2 2.05e+03    2.74  unknown    Tue 03:50  
noise4        running                      96/150      53    159.20         4 1.17e+03    2.94  unknown    Tue 03:50  
[2J[Hsession planx_ms2: started Tue 00:20, budget ends Tue 03:50, now Tue 03:17:43, 4 runs x 3 threads
run           state                            it    s/it   mean mT   N_green  F $/vox   hours  expected   latest     
noise1        finished: no descent step    99/150      73    159.19         2 2.07e+03    2.41  unknown    Tue 03:47  
noise2        running                     109/150      50    159.22       368     13.4    2.91  unknown    Tue 03:49  
noise3        finished: no descent step    90/150      78    158.92         2 2.05e+03    2.74  unknown    Tue 03:50  
noise4        running                      97/150      48    159.20         4 1.17e+03    2.95  unknown    Tue 03:50  
[2J[Hsession planx_ms2: started Tue 00:20, budget ends Tue 03:50, now Tue 03:18:13, 4 runs x 3 threads
run           state                            it    s/it   mean mT   N_green  F $/vox   hours  expected   latest     
noise1        finished: no descent step    99/150      73    159.19         2 2.07e+03    2.41  unknown    Tue 03:47  
noise2        running                     109/150      50    159.22       368     13.4    2.91  unknown    Tue 03:49  
noise3        finished: no descent step    90/150      78    158.92         2 2.05e+03    2.74  unknown    Tue 03:50  
noise4        running                      97/150      48    159.20         4 1.17e+03    2.95  unknown    Tue 03:50  
[2J[Hsession planx_ms2: started Tue 00:20, budget ends Tue 03:50, now Tue 03:18:43, 4 runs x 3 threads
run           state                            it    s/it   mean mT   N_green  F $/vox   hours  expected   latest     
noise1        finished: no descent step    99/150      73    159.19         2 2.07e+03    2.41  unknown    Tue 03:47  
noise2        running                     109/150      50    159.22       368     13.4    2.91  unknown    Tue 03:49  
noise3        finished: no descent step    90/150      78    158.92         2 2.05e+03    2.74  unknown    Tue 03:50  
noise4        running                      98/150      46    159.20         6      777    2.96  unknown    Tue 03:50  
[2J[Hsession planx_ms2: started Tue 00:20, budget ends Tue 03:50, now Tue 03:19:13, 4 runs x 3 threads
run           state                            it    s/it   mean mT   N_green  F $/vox   hours  expected   latest     
noise1        finished: no descent step    99/150      73    159.19         2 2.07e+03    2.41  unknown    Tue 03:47  
noise2        running                     109/150      50    159.22       368     13.4    2.91  unknown    Tue 03:49  
noise3        finished: no descent step    90/150      78    158.92         2 2.05e+03    2.74  unknown    Tue 03:50  
noise4        running                      99/150      42    159.20         4 1.17e+03    2.97  unknown    Tue 03:50  
[2J[Hsession planx_ms2: started Tue 00:20, budget ends Tue 03:50, now Tue 03:19:43, 4 runs x 3 threads
run           state                            it    s/it   mean mT   N_green  F $/vox   hours  expected   latest     
noise1        finished: no descent step    99/150      73    159.19         2 2.07e+03    2.41  unknown    Tue 03:47  
noise2        running                     109/150      50    159.22       368     13.4    2.91  unknown    Tue 03:49  
noise3        finished: no descent step    90/150      78    158.92         2 2.05e+03    2.74  unknown    Tue 03:50  
noise4        running                     100/150      41    159.31         2 2.33e+03    2.98  unknown    Tue 03:50  
[2J[Hsession planx_ms2: started Tue 00:20, budget ends Tue 03:50, now Tue 03:20:13, 4 runs x 3 threads
run           state                            it    s/it   mean mT   N_green  F $/vox   hours  expected   latest     
noise1        finished: no descent step    99/150      73    159.19         2 2.07e+03    2.41  unknown    Tue 03:47  
noise2        running                     109/150      50    159.22       368     13.4    2.91  unknown    Tue 03:49  
noise3        finished: no descent step    90/150      78    158.92         2 2.05e+03    2.74  unknown    Tue 03:50  
noise4        running                     100/150      41    159.31         2 2.33e+03    2.98  unknown    Tue 03:50  
[2J[Hsession planx_ms2: started Tue 00:20, budget ends Tue 03:50, now Tue 03:20:43, 4 runs x 3 threads
run           state                            it    s/it   mean mT   N_green  F $/vox   hours  expected   latest     
noise1        finished: no descent step    99/150      73    159.19         2 2.07e+03    2.41  unknown    Tue 03:47  
noise2        running                     112/150      50    159.23       384     12.9    3.00  unknown    Tue 03:50  
noise3        finished: no descent step    90/150      78    158.92         2 2.05e+03    2.74  unknown    Tue 03:50  
noise4        running                     100/150      41    159.31         2 2.33e+03    2.98  unknown    Tue 03:50  
[2J[Hsession planx_ms2: started Tue 00:20, budget ends Tue 03:50, now Tue 03:21:13, 4 runs x 3 threads
run           state                            it    s/it   mean mT   N_green  F $/vox   hours  expected   latest     
noise1        finished: no descent step    99/150      73    159.19         2 2.07e+03    2.41  unknown    Tue 03:47  
noise2        running                     112/150      50    159.23       384     12.9    3.00  unknown    Tue 03:50  
noise3        finished: no descent step    90/150      78    158.92         2 2.05e+03    2.74  unknown    Tue 03:50  
noise4        running                     100/150      41    159.31         2 2.33e+03    2.98  unknown    Tue 03:50  
[2J[Hsession planx_ms2: started Tue 00:20, budget ends Tue 03:50, now Tue 03:21:43, 4 runs x 3 threads
run           state                            it    s/it   mean mT   N_green  F $/vox   hours  expected   latest     
noise1        finished: no descent step    99/150      73    159.19         2 2.07e+03    2.41  unknown    Tue 03:47  
noise2        running                     113/150      50    159.23       376     13.1    3.01  unknown    Tue 03:50  
noise3        finished: no descent step    90/150      78    158.92         2 2.05e+03    2.74  unknown    Tue 03:50  
noise4        running                     100/150      41    159.31         2 2.33e+03    2.98  unknown    Tue 03:50  
[2J[Hsession planx_ms2: started Tue 00:20, budget ends Tue 03:50, now Tue 03:22:13, 4 runs x 3 threads
run           state                            it    s/it   mean mT   N_green  F $/vox   hours  expected   latest     
noise1        finished: no descent step    99/150      73    159.19         2 2.07e+03    2.41  unknown    Tue 03:47  
noise2        running                     113/150      50    159.23       376     13.1    3.01  unknown    Tue 03:50  
noise3        finished: no descent step    90/150      78    158.92         2 2.05e+03    2.74  unknown    Tue 03:50  
noise4        running                     100/150      41    159.31         2 2.33e+03    2.98  unknown    Tue 03:50  
[2J[Hsession planx_ms2: started Tue 00:20, budget ends Tue 03:50, now Tue 03:22:43, 4 runs x 3 threads
run           state                            it    s/it   mean mT   N_green  F $/vox   hours  expected   latest     
noise1        finished: no descent step    99/150      73    159.19         2 2.07e+03    2.41  unknown    Tue 03:47  
noise2        running                     114/150      49    159.23       376     13.1    3.03  unknown    Tue 03:50  
noise3        finished: no descent step    90/150      78    158.92         2 2.05e+03    2.74  unknown    Tue 03:50  
noise4        running                     100/150      41    159.31         2 2.33e+03    2.98  unknown    Tue 03:50  
[2J[Hsession planx_ms2: started Tue 00:20, budget ends Tue 03:50, now Tue 03:23:13, 4 runs x 3 threads
run           state                            it    s/it   mean mT   N_green  F $/vox   hours  expected   latest     
noise1        finished: no descent step    99/150      73    159.19         2 2.07e+03    2.41  unknown    Tue 03:47  
noise2        running                     114/150      49    159.23       376     13.1    3.03  unknown    Tue 03:50  
noise3        finished: no descent step    90/150      78    158.92         2 2.05e+03    2.74  unknown    Tue 03:50  
noise4        running                     100/150      41    159.31         2 2.33e+03    2.98  unknown    Tue 03:50  
[2J[Hsession planx_ms2: started Tue 00:20, budget ends Tue 03:50, now Tue 03:23:43, 4 runs x 3 threads
run           state                            it    s/it   mean mT   N_green  F $/vox   hours  expected   latest     
noise1        finished: no descent step    99/150      73    159.19         2 2.07e+03    2.41  unknown    Tue 03:47  
noise2        running                     114/150      49    159.23       376     13.1    3.03  unknown    Tue 03:50  
noise3        finished: no descent step    90/150      78    158.92         2 2.05e+03    2.74  unknown    Tue 03:50  
noise4        running                     100/150      41    159.31         2 2.33e+03    2.98  unknown    Tue 03:50  
[2J[Hsession planx_ms2: started Tue 00:20, budget ends Tue 03:50, now Tue 03:24:13, 4 runs x 3 threads
run           state                            it    s/it   mean mT   N_green  F $/vox   hours  expected   latest     
noise1        finished: no descent step    99/150      73    159.19         2 2.07e+03    2.41  unknown    Tue 03:47  
noise2        running                     114/150      49    159.23       376     13.1    3.03  unknown    Tue 03:50  
noise3        finished: no descent step    90/150      78    158.92         2 2.05e+03    2.74  unknown    Tue 03:50  
noise4        running                     102/150      41    159.18         3 1.55e+03    3.05  unknown    Tue 03:50  
[2J[Hsession planx_ms2: started Tue 00:20, budget ends Tue 03:50, now Tue 03:24:43, 4 runs x 3 threads
run           state                            it    s/it   mean mT   N_green  F $/vox   hours  expected   latest     
noise1        finished: no descent step    99/150      73    159.19         2 2.07e+03    2.41  unknown    Tue 03:47  
noise2        running                     114/150      49    159.23       376     13.1    3.03  unknown    Tue 03:50  
noise3        finished: no descent step    90/150      78    158.92         2 2.05e+03    2.74  unknown    Tue 03:50  
noise4        running                     103/150      41    159.31         2 2.33e+03    3.06  unknown    Tue 03:50  
[2J[Hsession planx_ms2: started Tue 00:20, budget ends Tue 03:50, now Tue 03:25:13, 4 runs x 3 threads
run           state                            it    s/it   mean mT   N_green  F $/vox   hours  expected   latest     
noise1        finished: no descent step    99/150      73    159.19         2 2.07e+03    2.41  unknown    Tue 03:47  
noise2        running                     114/150      49    159.23       376     13.1    3.03  unknown    Tue 03:50  
noise3        finished: no descent step    90/150      78    158.92         2 2.05e+03    2.74  unknown    Tue 03:50  
noise4        running                     103/150      41    159.31         2 2.33e+03    3.06  unknown    Tue 03:50  
[2J[Hsession planx_ms2: started Tue 00:20, budget ends Tue 03:50, now Tue 03:25:43, 4 runs x 3 threads
run           state                            it    s/it   mean mT   N_green  F $/vox   hours  expected   latest     
noise1        finished: no descent step    99/150      73    159.19         2 2.07e+03    2.41  unknown    Tue 03:47  
noise2        running                     114/150      49    159.23       376     13.1    3.03  unknown    Tue 03:50  
noise3        finished: no descent step    90/150      78    158.92         2 2.05e+03    2.74  unknown    Tue 03:50  
noise4        running                     104/150      41    159.19         3 1.55e+03    3.08  unknown    Tue 03:50  
[2J[Hsession planx_ms2: started Tue 00:20, budget ends Tue 03:50, now Tue 03:26:13, 4 runs x 3 threads
run           state                            it    s/it   mean mT   N_green  F $/vox   hours  expected   latest     
noise1        finished: no descent step    99/150      73    159.19         2 2.07e+03    2.41  unknown    Tue 03:47  
noise2        running                     114/150      49    159.23       376     13.1    3.03  unknown    Tue 03:50  
noise3        finished: no descent step    90/150      78    158.92         2 2.05e+03    2.74  unknown    Tue 03:50  
noise4        running                     105/150      40    159.31         2 2.32e+03    3.09  unknown    Tue 03:50  
[2J[Hsession planx_ms2: started Tue 00:20, budget ends Tue 03:50, now Tue 03:26:43, 4 runs x 3 threads
run           state                            it    s/it   mean mT   N_green  F $/vox   hours  expected   latest     
noise1        finished: no descent step    99/150      73    159.19         2 2.07e+03    2.41  unknown    Tue 03:47  
noise2        running                     116/150      50    159.23       368     13.4    3.09  unknown    Tue 03:50  
noise3        finished: no descent step    90/150      78    158.92         2 2.05e+03    2.74  unknown    Tue 03:50  
noise4        running                     105/150      40    159.31         2 2.32e+03    3.09  unknown    Tue 03:50  
[2J[Hsession planx_ms2: started Tue 00:20, budget ends Tue 03:50, now Tue 03:27:13, 4 runs x 3 threads
run           state                            it    s/it   mean mT   N_green  F $/vox   hours  expected   latest     
noise1        finished: no descent step    99/150      73    159.19         2 2.07e+03    2.41  unknown    Tue 03:47  
noise2        running                     117/150      49    159.22       368     13.4    3.10  unknown    Tue 03:50  
noise3        finished: no descent step    90/150      78    158.92         2 2.05e+03    2.74  unknown    Tue 03:50  
noise4        running                     105/150      40    159.31         2 2.32e+03    3.09  unknown    Tue 03:50  
[2J[Hsession planx_ms2: started Tue 00:20, budget ends Tue 03:50, now Tue 03:27:43, 4 runs x 3 threads
run           state                            it    s/it   mean mT   N_green  F $/vox   hours  expected   latest     
noise1        finished: no descent step    99/150      73    159.19         2 2.07e+03    2.41  unknown    Tue 03:47  
noise2        running                     117/150      49    159.22       368     13.4    3.10  unknown    Tue 03:50  
noise3        finished: no descent step    90/150      78    158.92         2 2.05e+03    2.74  unknown    Tue 03:50  
noise4        running                     106/150      41    159.18         3 1.55e+03    3.11  unknown    Tue 03:50  
[2J[Hsession planx_ms2: started Tue 00:20, budget ends Tue 03:50, now Tue 03:28:13, 4 runs x 3 threads
run           state                            it    s/it   mean mT   N_green  F $/vox   hours  expected   latest     
noise1        finished: no descent step    99/150      73    159.19         2 2.07e+03    2.41  unknown    Tue 03:47  
noise2        running                     118/150      49    159.23       368     13.4    3.12  unknown    Tue 03:50  
noise3        finished: no descent step    90/150      78    158.92         2 2.05e+03    2.74  unknown    Tue 03:50  
noise4        running                     107/150      39    159.31         2 2.32e+03    3.12  unknown    Tue 03:50  
[2J[Hsession planx_ms2: started Tue 00:20, budget ends Tue 03:50, now Tue 03:28:43, 4 runs x 3 threads
run           state                            it    s/it   mean mT   N_green  F $/vox   hours  expected   latest     
noise1        finished: no descent step    99/150      73    159.19         2 2.07e+03    2.41  unknown    Tue 03:47  
noise2        running                     119/150      49    159.23       368     13.4    3.13  unknown    Tue 03:50  
noise3        finished: no descent step    90/150      78    158.92         2 2.05e+03    2.74  unknown    Tue 03:50  
noise4        running                     107/150      39    159.31         2 2.32e+03    3.12  unknown    Tue 03:50  
[2J[Hsession planx_ms2: started Tue 00:20, budget ends Tue 03:50, now Tue 03:29:13, 4 runs x 3 threads
run           state                            it    s/it   mean mT   N_green  F $/vox   hours  expected   latest     
noise1        finished: no descent step    99/150      73    159.19         2 2.07e+03    2.41  unknown    Tue 03:47  
noise2        running                     119/150      49    159.23       368     13.4    3.13  unknown    Tue 03:50  
noise3        finished: no descent step    90/150      78    158.92         2 2.05e+03    2.74  unknown    Tue 03:50  
noise4        running                     108/150      39    159.18         3 1.55e+03    3.14  unknown    Tue 03:50  
[2J[Hsession planx_ms2: started Tue 00:20, budget ends Tue 03:50, now Tue 03:29:43, 4 runs x 3 threads
run           state                            it    s/it   mean mT   N_green  F $/vox   hours  expected   latest     
noise1        finished: no descent step    99/150      73    159.19         2 2.07e+03    2.41  unknown    Tue 03:47  
noise2        running                     120/150      48    159.23       368     13.4    3.14  unknown    Tue 03:50  
noise3        finished: no descent step    90/150      78    158.92         2 2.05e+03    2.74  unknown    Tue 03:50  
noise4        running                     108/150      39    159.18         3 1.55e+03    3.14  unknown    Tue 03:50  
[2J[Hsession planx_ms2: started Tue 00:20, budget ends Tue 03:50, now Tue 03:30:13, 4 runs x 3 threads
run           state                            it    s/it   mean mT   N_green  F $/vox   hours  expected   latest     
noise1        finished: no descent step    99/150      73    159.19         2 2.07e+03    2.41  unknown    Tue 03:47  
noise2        finished: converged         121/150      48    159.23       368     13.4    3.16  unknown    Tue 03:50  
noise3        finished: no descent step    90/150      78    158.92         2 2.05e+03    2.74  unknown    Tue 03:50  
noise4        running                     109/150      41    159.31         2 2.32e+03    3.15  unknown    Tue 03:50  
[2J[Hsession planx_ms2: started Tue 00:20, budget ends Tue 03:50, now Tue 03:30:43, 4 runs x 3 threads
run           state                            it    s/it   mean mT   N_green  F $/vox   hours  expected   latest     
noise1        finished: no descent step    99/150      73    159.19         2 2.07e+03    2.41  unknown    Tue 03:47  
noise2        finished: converged         121/150      48    159.23       368     13.4    3.16  unknown    Tue 03:50  
noise3        finished: no descent step    90/150      78    158.92         2 2.05e+03    2.74  unknown    Tue 03:50  
noise4        running                     110/150      39    159.17         3 1.55e+03    3.16  unknown    Tue 03:50  
[2J[Hsession planx_ms2: started Tue 00:20, budget ends Tue 03:50, now Tue 03:31:13, 4 runs x 3 threads
run           state                            it    s/it   mean mT   N_green  F $/vox   hours  expected   latest     
noise1        finished: no descent step    99/150      73    159.19         2 2.07e+03    2.41  unknown    Tue 03:47  
noise2        finished: converged         121/150      48    159.23       368     13.4    3.16  unknown    Tue 03:50  
noise3        finished: no descent step    90/150      78    158.92         2 2.05e+03    2.74  unknown    Tue 03:50  
noise4        running                     111/150      39    159.18         3 1.55e+03    3.17  unknown    Tue 03:50  
[2J[Hsession planx_ms2: started Tue 00:20, budget ends Tue 03:50, now Tue 03:31:43, 4 runs x 3 threads
run           state                            it    s/it   mean mT   N_green  F $/vox   hours  expected   latest     
noise1        finished: no descent step    99/150      73    159.19         2 2.07e+03    2.41  unknown    Tue 03:47  
noise2        finished: converged         121/150      48    159.23       368     13.4    3.16  unknown    Tue 03:50  
noise3        finished: no descent step    90/150      78    158.92         2 2.05e+03    2.74  unknown    Tue 03:50  
noise4        running                     112/150      39    159.30         2 2.32e+03    3.18  unknown    Tue 03:50  
[2J[Hsession planx_ms2: started Tue 00:20, budget ends Tue 03:50, now Tue 03:32:13, 4 runs x 3 threads
run           state                            it    s/it   mean mT   N_green  F $/vox   hours  expected   latest     
noise1        finished: no descent step    99/150      73    159.19         2 2.07e+03    2.41  unknown    Tue 03:47  
noise2        finished: converged         121/150      48    159.23       368     13.4    3.16  unknown    Tue 03:50  
noise3        finished: no descent step    90/150      78    158.92         2 2.05e+03    2.74  unknown    Tue 03:50  
noise4        running                     112/150      39    159.30         2 2.32e+03    3.18  unknown    Tue 03:50  
[2J[Hsession planx_ms2: started Tue 00:20, budget ends Tue 03:50, now Tue 03:32:43, 4 runs x 3 threads
run           state                            it    s/it   mean mT   N_green  F $/vox   hours  expected   latest     
noise1        finished: no descent step    99/150      73    159.19         2 2.07e+03    2.41  unknown    Tue 03:47  
noise2        finished: converged         121/150      48    159.23       368     13.4    3.16  unknown    Tue 03:50  
noise3        finished: no descent step    90/150      78    158.92         2 2.05e+03    2.74  unknown    Tue 03:50  
noise4        running                     112/150      39    159.30         2 2.32e+03    3.18  unknown    Tue 03:50  
[2J[Hsession planx_ms2: started Tue 00:20, budget ends Tue 03:50, now Tue 03:33:13, 4 runs x 3 threads
run           state                            it    s/it   mean mT   N_green  F $/vox   hours  expected   latest     
noise1        finished: no descent step    99/150      73    159.19         2 2.07e+03    2.41  unknown    Tue 03:47  
noise2        finished: converged         121/150      48    159.23       368     13.4    3.16  unknown    Tue 03:50  
noise3        finished: no descent step    90/150      78    158.92         2 2.05e+03    2.74  unknown    Tue 03:50  
noise4        running                     113/150      39    159.18         3 1.55e+03    3.20  unknown    Tue 03:50  
[2J[Hsession planx_ms2: started Tue 00:20, budget ends Tue 03:50, now Tue 03:33:43, 4 runs x 3 threads
run           state                            it    s/it   mean mT   N_green  F $/vox   hours  expected   latest     
noise1        finished: no descent step    99/150      73    159.19         2 2.07e+03    2.41  unknown    Tue 03:47  
noise2        finished: converged         121/150      48    159.23       368     13.4    3.16  unknown    Tue 03:50  
noise3        finished: no descent step    90/150      78    158.92         2 2.05e+03    2.74  unknown    Tue 03:50  
noise4        running                     114/150      39    159.30         2 2.32e+03    3.21  unknown    Tue 03:50  
[2J[Hsession planx_ms2: started Tue 00:20, budget ends Tue 03:50, now Tue 03:34:13, 4 runs x 3 threads
run           state                            it    s/it   mean mT   N_green  F $/vox   hours  expected   latest     
noise1        finished: no descent step    99/150      73    159.19         2 2.07e+03    2.41  unknown    Tue 03:47  
noise2        finished: converged         121/150      48    159.23       368     13.4    3.16  unknown    Tue 03:50  
noise3        finished: no descent step    90/150      78    158.92         2 2.05e+03    2.74  unknown    Tue 03:50  
noise4        running                     115/150      39    159.30         2 2.32e+03    3.22  unknown    Tue 03:50  
[2J[Hsession planx_ms2: started Tue 00:20, budget ends Tue 03:50, now Tue 03:34:43, 4 runs x 3 threads
run           state                            it    s/it   mean mT   N_green  F $/vox   hours  expected   latest     
noise1        finished: no descent step    99/150      73    159.19         2 2.07e+03    2.41  unknown    Tue 03:47  
noise2        finished: converged         121/150      48    159.23       368     13.4    3.16  unknown    Tue 03:50  
noise3        finished: no descent step    90/150      78    158.92         2 2.05e+03    2.74  unknown    Tue 03:50  
noise4        running                     115/150      39    159.30         2 2.32e+03    3.22  unknown    Tue 03:50  
[2J[Hsession planx_ms2: started Tue 00:20, budget ends Tue 03:50, now Tue 03:35:13, 4 runs x 3 threads
run           state                            it    s/it   mean mT   N_green  F $/vox   hours  expected   latest     
noise1        finished: no descent step    99/150      73    159.19         2 2.07e+03    2.41  unknown    Tue 03:47  
noise2        finished: converged         121/150      48    159.23       368     13.4    3.16  unknown    Tue 03:50  
noise3        finished: no descent step    90/150      78    158.92         2 2.05e+03    2.74  unknown    Tue 03:50  
noise4        running                     116/150      41    159.29         2 2.32e+03    3.24  unknown    Tue 03:50  
[2J[Hsession planx_ms2: started Tue 00:20, budget ends Tue 03:50, now Tue 03:35:43, 4 runs x 3 threads
run           state                            it    s/it   mean mT   N_green  F $/vox   hours  expected   latest     
noise1        finished: no descent step    99/150      73    159.19         2 2.07e+03    2.41  unknown    Tue 03:47  
noise2        finished: converged         121/150      48    159.23       368     13.4    3.16  unknown    Tue 03:50  
noise3        finished: no descent step    90/150      78    158.92         2 2.05e+03    2.74  unknown    Tue 03:50  
noise4        running                     117/150      39    159.28         2 2.32e+03    3.25  unknown    Tue 03:50  
[2J[Hsession planx_ms2: started Tue 00:20, budget ends Tue 03:50, now Tue 03:36:13, 4 runs x 3 threads
run           state                            it    s/it   mean mT   N_green  F $/vox   hours  expected   latest     
noise1        finished: no descent step    99/150      73    159.19         2 2.07e+03    2.41  unknown    Tue 03:47  
noise2        finished: converged         121/150      48    159.23       368     13.4    3.16  unknown    Tue 03:50  
noise3        finished: no descent step    90/150      78    158.92         2 2.05e+03    2.74  unknown    Tue 03:50  
noise4        running                     118/150      38    159.32         2 2.32e+03    3.26  unknown    Tue 03:50  
[2J[Hsession planx_ms2: started Tue 00:20, budget ends Tue 03:50, now Tue 03:36:43, 4 runs x 3 threads
run           state                            it    s/it   mean mT   N_green  F $/vox   hours  expected   latest     
noise1        finished: no descent step    99/150      73    159.19         2 2.07e+03    2.41  unknown    Tue 03:47  
noise2        finished: converged         121/150      48    159.23       368     13.4    3.16  unknown    Tue 03:50  
noise3        finished: no descent step    90/150      78    158.92         2 2.05e+03    2.74  unknown    Tue 03:50  
noise4        running                     118/150      38    159.32         2 2.32e+03    3.26  unknown    Tue 03:50  
[2J[Hsession planx_ms2: started Tue 00:20, budget ends Tue 03:50, now Tue 03:37:13, 4 runs x 3 threads
run           state                            it    s/it   mean mT   N_green  F $/vox   hours  expected   latest     
noise1        finished: no descent step    99/150      73    159.19         2 2.07e+03    2.41  unknown    Tue 03:47  
noise2        finished: converged         121/150      48    159.23       368     13.4    3.16  unknown    Tue 03:50  
noise3        finished: no descent step    90/150      78    158.92         2 2.05e+03    2.74  unknown    Tue 03:50  
noise4        running                     119/150      38    159.30         2 2.32e+03    3.27  unknown    Tue 03:50  
[2J[Hsession planx_ms2: started Tue 00:20, budget ends Tue 03:50, now Tue 03:37:43, 4 runs x 3 threads
run           state                            it    s/it   mean mT   N_green  F $/vox   hours  expected   latest     
noise1        finished: no descent step    99/150      73    159.19         2 2.07e+03    2.41  unknown    Tue 03:47  
noise2        finished: converged         121/150      48    159.23       368     13.4    3.16  unknown    Tue 03:50  
noise3        finished: no descent step    90/150      78    158.92         2 2.05e+03    2.74  unknown    Tue 03:50  
noise4        running                     120/150      37    159.30         2 2.32e+03    3.28  unknown    Tue 03:50  
[2J[Hsession planx_ms2: started Tue 00:20, budget ends Tue 03:50, now Tue 03:38:13, 4 runs x 3 threads
run           state                            it    s/it   mean mT   N_green  F $/vox   hours  expected   latest     
noise1        finished: no descent step    99/150      73    159.19         2 2.07e+03    2.41  unknown    Tue 03:47  
noise2        finished: converged         121/150      48    159.23       368     13.4    3.16  unknown    Tue 03:50  
noise3        finished: no descent step    90/150      78    158.92         2 2.05e+03    2.74  unknown    Tue 03:50  
noise4        running                     121/150      35    159.30         2 2.32e+03    3.29  unknown    Tue 03:50  
[2J[Hsession planx_ms2: started Tue 00:20, budget ends Tue 03:50, now Tue 03:38:43, 4 runs x 3 threads
run           state                            it    s/it   mean mT   N_green  F $/vox   hours  expected   latest     
noise1        finished: no descent step    99/150      73    159.19         2 2.07e+03    2.41  unknown    Tue 03:47  
noise2        finished: converged         121/150      48    159.23       368     13.4    3.16  unknown    Tue 03:50  
noise3        finished: no descent step    90/150      78    158.92         2 2.05e+03    2.74  unknown    Tue 03:50  
noise4        running                     121/150      35    159.30         2 2.32e+03    3.29  unknown    Tue 03:50  
[2J[Hsession planx_ms2: started Tue 00:20, budget ends Tue 03:50, now Tue 03:39:13, 4 runs x 3 threads
run           state                            it    s/it   mean mT   N_green  F $/vox   hours  expected   latest     
noise1        finished: no descent step    99/150      73    159.19         2 2.07e+03    2.41  unknown    Tue 03:47  
noise2        finished: converged         121/150      48    159.23       368     13.4    3.16  unknown    Tue 03:50  
noise3        finished: no descent step    90/150      78    158.92         2 2.05e+03    2.74  unknown    Tue 03:50  
noise4        running                     122/150      35    159.28         2 2.32e+03    3.30  unknown    Tue 03:50  
[2J[Hsession planx_ms2: started Tue 00:20, budget ends Tue 03:50, now Tue 03:39:43, 4 runs x 3 threads
run           state                            it    s/it   mean mT   N_green  F $/vox   hours  expected   latest     
noise1        finished: no descent step    99/150      73    159.19         2 2.07e+03    2.41  unknown    Tue 03:47  
noise2        finished: converged         121/150      48    159.23       368     13.4    3.16  unknown    Tue 03:50  
noise3        finished: no descent step    90/150      78    158.92         2 2.05e+03    2.74  unknown    Tue 03:50  
noise4        running                     123/150      35    159.30         2 2.32e+03    3.32  unknown    Tue 03:50  
[2J[Hsession planx_ms2: started Tue 00:20, budget ends Tue 03:50, now Tue 03:40:13, 4 runs x 3 threads
run           state                            it    s/it   mean mT   N_green  F $/vox   hours  expected   latest     
noise1        finished: no descent step    99/150      73    159.19         2 2.07e+03    2.41  unknown    Tue 03:47  
noise2        finished: converged         121/150      48    159.23       368     13.4    3.16  unknown    Tue 03:50  
noise3        finished: no descent step    90/150      78    158.92         2 2.05e+03    2.74  unknown    Tue 03:50  
noise4        running                     123/150      35    159.30         2 2.32e+03    3.32  unknown    Tue 03:50  
[2J[Hsession planx_ms2: started Tue 00:20, budget ends Tue 03:50, now Tue 03:40:43, 4 runs x 3 threads
run           state                            it    s/it   mean mT   N_green  F $/vox   hours  expected   latest     
noise1        finished: no descent step    99/150      73    159.19         2 2.07e+03    2.41  unknown    Tue 03:47  
noise2        finished: converged         121/150      48    159.23       368     13.4    3.16  unknown    Tue 03:50  
noise3        finished: no descent step    90/150      78    158.92         2 2.05e+03    2.74  unknown    Tue 03:50  
noise4        running                     124/150      32    159.30         2 2.32e+03    3.32  unknown    Tue 03:50  
[2J[Hsession planx_ms2: started Tue 00:20, budget ends Tue 03:50, now Tue 03:41:13, 4 runs x 3 threads
run           state                            it    s/it   mean mT   N_green  F $/vox   hours  expected   latest     
noise1        finished: no descent step    99/150      73    159.19         2 2.07e+03    2.41  unknown    Tue 03:47  
noise2        finished: converged         121/150      48    159.23       368     13.4    3.16  unknown    Tue 03:50  
noise3        finished: no descent step    90/150      78    158.92         2 2.05e+03    2.74  unknown    Tue 03:50  
noise4        running                     125/150      32    159.29         2 2.32e+03    3.33  unknown    Tue 03:50  
[2J[Hsession planx_ms2: started Tue 00:20, budget ends Tue 03:50, now Tue 03:41:43, 4 runs x 3 threads
run           state                            it    s/it   mean mT   N_green  F $/vox   hours  expected   latest     
noise1        finished: no descent step    99/150      73    159.19         2 2.07e+03    2.41  unknown    Tue 03:47  
noise2        finished: converged         121/150      48    159.23       368     13.4    3.16  unknown    Tue 03:50  
noise3        finished: no descent step    90/150      78    158.92         2 2.05e+03    2.74  unknown    Tue 03:50  
noise4        running                     126/150      32    159.30         2 2.32e+03    3.35  unknown    Tue 03:50  
[2J[Hsession planx_ms2: started Tue 00:20, budget ends Tue 03:50, now Tue 03:42:13, 4 runs x 3 threads
run           state                            it    s/it   mean mT   N_green  F $/vox   hours  expected   latest     
noise1        finished: no descent step    99/150      73    159.19         2 2.07e+03    2.41  unknown    Tue 03:47  
noise2        finished: converged         121/150      48    159.23       368     13.4    3.16  unknown    Tue 03:50  
noise3        finished: no descent step    90/150      78    158.92         2 2.05e+03    2.74  unknown    Tue 03:50  
noise4        running                     126/150      32    159.30         2 2.32e+03    3.35  unknown    Tue 03:50  
[2J[Hsession planx_ms2: started Tue 00:20, budget ends Tue 03:50, now Tue 03:42:43, 4 runs x 3 threads
run           state                            it    s/it   mean mT   N_green  F $/vox   hours  expected   latest     
noise1        finished: no descent step    99/150      73    159.19         2 2.07e+03    2.41  unknown    Tue 03:47  
noise2        finished: converged         121/150      48    159.23       368     13.4    3.16  unknown    Tue 03:50  
noise3        finished: no descent step    90/150      78    158.92         2 2.05e+03    2.74  unknown    Tue 03:50  
noise4        running                     126/150      32    159.30         2 2.32e+03    3.35  unknown    Tue 03:50  
[2J[Hsession planx_ms2: started Tue 00:20, budget ends Tue 03:50, now Tue 03:43:13, 4 runs x 3 threads
run           state                            it    s/it   mean mT   N_green  F $/vox   hours  expected   latest     
noise1        finished: no descent step    99/150      73    159.19         2 2.07e+03    2.41  unknown    Tue 03:47  
noise2        finished: converged         121/150      48    159.23       368     13.4    3.16  unknown    Tue 03:50  
noise3        finished: no descent step    90/150      78    158.92         2 2.05e+03    2.74  unknown    Tue 03:50  
noise4        running                     126/150      32    159.30         2 2.32e+03    3.35  unknown    Tue 03:50  
[2J[Hsession planx_ms2: started Tue 00:20, budget ends Tue 03:50, now Tue 03:43:43, 4 runs x 3 threads
run           state                            it    s/it   mean mT   N_green  F $/vox   hours  expected   latest     
noise1        finished: no descent step    99/150      73    159.19         2 2.07e+03    2.41  unknown    Tue 03:47  
noise2        finished: converged         121/150      48    159.23       368     13.4    3.16  unknown    Tue 03:50  
noise3        finished: no descent step    90/150      78    158.92         2 2.05e+03    2.74  unknown    Tue 03:50  
noise4        running                     126/150      32    159.30         2 2.32e+03    3.35  unknown    Tue 03:50  
[2J[Hsession planx_ms2: started Tue 00:20, budget ends Tue 03:50, now Tue 03:44:13, 4 runs x 3 threads
run           state                            it    s/it   mean mT   N_green  F $/vox   hours  expected   latest     
noise1        finished: no descent step    99/150      73    159.19         2 2.07e+03    2.41  unknown    Tue 03:47  
noise2        finished: converged         121/150      48    159.23       368     13.4    3.16  unknown    Tue 03:50  
noise3        finished: no descent step    90/150      78    158.92         2 2.05e+03    2.74  unknown    Tue 03:50  
noise4        running                     126/150      32    159.30         2 2.32e+03    3.35  unknown    Tue 03:50  
[2J[Hsession planx_ms2: started Tue 00:20, budget ends Tue 03:50, now Tue 03:44:43, 4 runs x 3 threads
run           state                            it    s/it   mean mT   N_green  F $/vox   hours  expected   latest     
noise1        finished: no descent step    99/150      73    159.19         2 2.07e+03    2.41  unknown    Tue 03:47  
noise2        finished: converged         121/150      48    159.23       368     13.4    3.16  unknown    Tue 03:50  
noise3        finished: no descent step    90/150      78    158.92         2 2.05e+03    2.74  unknown    Tue 03:50  
noise4        running                     128/150      32    159.29         2 2.32e+03    3.40  unknown    Tue 03:50  
[2J[Hsession planx_ms2: started Tue 00:20, budget ends Tue 03:50, now Tue 03:45:13, 4 runs x 3 threads
run           state                            it    s/it   mean mT   N_green  F $/vox   hours  expected   latest     
noise1        finished: no descent step    99/150      73    159.19         2 2.07e+03    2.41  unknown    Tue 03:47  
noise2        finished: converged         121/150      48    159.23       368     13.4    3.16  unknown    Tue 03:50  
noise3        finished: no descent step    90/150      78    158.92         2 2.05e+03    2.74  unknown    Tue 03:50  
noise4        running                     129/150      32    159.31         2 2.32e+03    3.41  unknown    Tue 03:50  
[2J[Hsession planx_ms2: started Tue 00:20, budget ends Tue 03:50, now Tue 03:45:43, 4 runs x 3 threads
run           state                            it    s/it   mean mT   N_green  F $/vox   hours  expected   latest     
noise1        finished: no descent step    99/150      73    159.19         2 2.07e+03    2.41  unknown    Tue 03:47  
noise2        finished: converged         121/150      48    159.23       368     13.4    3.16  unknown    Tue 03:50  
noise3        finished: no descent step    90/150      78    158.92         2 2.05e+03    2.74  unknown    Tue 03:50  
noise4        running                     129/150      32    159.31         2 2.32e+03    3.41  unknown    Tue 03:50  
[2J[Hsession planx_ms2: started Tue 00:20, budget ends Tue 03:50, now Tue 03:46:13, 4 runs x 3 threads
run           state                            it    s/it   mean mT   N_green  F $/vox   hours  expected   latest     
noise1        finished: no descent step    99/150      73    159.19         2 2.07e+03    2.41  unknown    Tue 03:47  
noise2        finished: converged         121/150      48    159.23       368     13.4    3.16  unknown    Tue 03:50  
noise3        finished: no descent step    90/150      78    158.92         2 2.05e+03    2.74  unknown    Tue 03:50  
noise4        running                     130/150      32    159.29         2 2.32e+03    3.42  unknown    Tue 03:50  
[2J[Hsession planx_ms2: started Tue 00:20, budget ends Tue 03:50, now Tue 03:46:43, 4 runs x 3 threads
run           state                            it    s/it   mean mT   N_green  F $/vox   hours  expected   latest     
noise1        finished: no descent step    99/150      73    159.19         2 2.07e+03    2.41  unknown    Tue 03:47  
noise2        finished: converged         121/150      48    159.23       368     13.4    3.16  unknown    Tue 03:50  
noise3        finished: no descent step    90/150      78    158.92         2 2.05e+03    2.74  unknown    Tue 03:50  
noise4        running                     131/150      32    159.30         2 2.32e+03    3.43  unknown    Tue 03:50  
[2J[Hsession planx_ms2: started Tue 00:20, budget ends Tue 03:50, now Tue 03:47:13, 4 runs x 3 threads
run           state                            it    s/it   mean mT   N_green  F $/vox   hours  expected   latest     
noise1        finished: no descent step    99/150      73    159.19         2 2.07e+03    2.41  unknown    Tue 03:47  
noise2        finished: converged         121/150      48    159.23       368     13.4    3.16  unknown    Tue 03:50  
noise3        finished: no descent step    90/150      78    158.92         2 2.05e+03    2.74  unknown    Tue 03:50  
noise4        running                     132/150      32    159.31         2 2.32e+03    3.44  unknown    Tue 03:50  
[2J[Hsession planx_ms2: started Tue 00:20, budget ends Tue 03:50, now Tue 03:47:43, 4 runs x 3 threads
run           state                            it    s/it   mean mT   N_green  F $/vox   hours  expected   latest     
noise1        finished: no descent step    99/150      73    159.19         2 2.07e+03    2.41  unknown    Tue 03:47  
noise2        finished: converged         121/150      48    159.23       368     13.4    3.16  unknown    Tue 03:50  
noise3        finished: no descent step    90/150      78    158.92         2 2.05e+03    2.74  unknown    Tue 03:50  
noise4        running                     132/150      32    159.31         2 2.32e+03    3.44  unknown    Tue 03:50  
[2J[Hsession planx_ms2: started Tue 00:20, budget ends Tue 03:50, now Tue 03:48:13, 4 runs x 3 threads
run           state                            it    s/it   mean mT   N_green  F $/vox   hours  expected   latest     
noise1        finished: no descent step    99/150      73    159.19         2 2.07e+03    2.41  unknown    Tue 03:47  
noise2        finished: converged         121/150      48    159.23       368     13.4    3.16  unknown    Tue 03:50  
noise3        finished: no descent step    90/150      78    158.92         2 2.05e+03    2.74  unknown    Tue 03:50  
noise4        running                     133/150      32    159.31         2 2.32e+03    3.45  unknown    Tue 03:50  
[2J[Hsession planx_ms2: started Tue 00:20, budget ends Tue 03:50, now Tue 03:48:43, 4 runs x 3 threads
run           state                            it    s/it   mean mT   N_green  F $/vox   hours  expected   latest     
noise1        finished: no descent step    99/150      73    159.19         2 2.07e+03    2.41  unknown    Tue 03:47  
noise2        finished: converged         121/150      48    159.23       368     13.4    3.16  unknown    Tue 03:50  
noise3        finished: no descent step    90/150      78    158.92         2 2.05e+03    2.74  unknown    Tue 03:50  
noise4        running                     134/150      32    159.29         2 2.32e+03    3.46  unknown    Tue 03:50  
[2J[Hsession planx_ms2: started Tue 00:20, budget ends Tue 03:50, now Tue 03:49:13, 4 runs x 3 threads
run           state                            it    s/it   mean mT   N_green  F $/vox   hours  expected   latest     
noise1        finished: no descent step    99/150      73    159.19         2 2.07e+03    2.41  unknown    Tue 03:47  
noise2        finished: converged         121/150      48    159.23       368     13.4    3.16  unknown    Tue 03:50  
noise3        finished: no descent step    90/150      78    158.92         2 2.05e+03    2.74  unknown    Tue 03:50  
noise4        running                     134/150      32    159.29         2 2.32e+03    3.46  unknown    Tue 03:50  
[2J[Hsession planx_ms2: started Tue 00:20, budget ends Tue 03:50, now Tue 03:49:43, 4 runs x 3 threads
run           state                            it    s/it   mean mT   N_green  F $/vox   hours  expected   latest     
noise1        finished: no descent step    99/150      73    159.19         2 2.07e+03    2.41  unknown    Tue 03:47  
noise2        finished: converged         121/150      48    159.23       368     13.4    3.16  unknown    Tue 03:50  
noise3        finished: no descent step    90/150      78    158.92         2 2.05e+03    2.74  unknown    Tue 03:50  
noise4        running                     135/150      32    159.30         2 2.32e+03    3.48  unknown    Tue 03:50  
[2J[Hsession planx_ms2: started Tue 00:20, budget ends Tue 03:50, now Tue 03:50:13, 4 runs x 3 threads
run           state                            it    s/it   mean mT   N_green  F $/vox   hours  expected   latest     
noise1        finished: no descent step    99/150      73    159.19         2 2.07e+03    2.41  unknown    Tue 03:47  
noise2        finished: converged         121/150      48    159.23       368     13.4    3.16  unknown    Tue 03:50  
noise3        finished: no descent step    90/150      78    158.92         2 2.05e+03    2.74  unknown    Tue 03:50  
noise4        running                     136/150      32    159.30         2 2.32e+03    3.49  unknown    Tue 03:50  
[2J[Hsession planx_ms2: started Tue 00:20, budget ends Tue 03:50, now Tue 03:50:43, 4 runs x 3 threads
run           state                            it    s/it   mean mT   N_green  F $/vox   hours  expected   latest     
noise1        finished: no descent step    99/150      73    159.19         2 2.07e+03    2.41  unknown    Tue 03:47  
noise2        finished: converged         121/150      48    159.23       368     13.4    3.16  unknown    Tue 03:50  
noise3        finished: no descent step    90/150      78    158.92         2 2.05e+03    2.74  unknown    Tue 03:50  
noise4        finished: time budget       137/150      39    159.29         2 2.32e+03    3.50  unknown    Tue 03:50  
[2J[Hsession planx_ms2: started Tue 03:50, budget ends Tue 07:20, now Tue 03:50:43, 3 runs x 4 threads
run           state                            it    s/it   mean mT   N_green  F $/vox   hours  expected   latest     
noise5        starting                                                                                                
noise6        starting                                                                                                
noise7        starting                                                                                                
[2J[Hsession planx_ms2: started Tue 03:50, budget ends Tue 07:20, now Tue 03:51:13, 3 runs x 4 threads
run           state                            it    s/it   mean mT   N_green  F $/vox   hours  expected   latest     
noise5        starting                                                                                                
noise6        starting                                                                                                
noise7        starting                                                                                                
[2J[Hsession planx_ms2: started Tue 03:50, budget ends Tue 07:20, now Tue 03:51:43, 3 runs x 4 threads
run           state                            it    s/it   mean mT   N_green  F $/vox   hours  expected   latest     
noise5        starting                                                                                                
noise6        starting                                                                                                
noise7        starting                                                                                                
[2J[Hsession planx_ms2: started Tue 03:50, budget ends Tue 07:20, now Tue 03:52:13, 3 runs x 4 threads
run           state                            it    s/it   mean mT   N_green  F $/vox   hours  expected   latest     
noise5        starting                                                                                                
noise6        starting                                                                                                
noise7        starting                                                                                                
[2J[Hsession planx_ms2: started Tue 03:50, budget ends Tue 07:20, now Tue 03:52:43, 3 runs x 4 threads
run           state                            it    s/it   mean mT   N_green  F $/vox   hours  expected   latest     
noise5        running                       0/150              0.62         0      inf    0.03  unknown    Tue 07:20  
noise6        running                       0/150              6.55         0      inf    0.03  unknown    Tue 07:20  
noise7        running                       0/150             35.87         0      inf    0.03  unknown    Tue 07:20  
[2J[Hsession planx_ms2: started Tue 03:50, budget ends Tue 07:20, now Tue 03:53:13, 3 runs x 4 threads
run           state                            it    s/it   mean mT   N_green  F $/vox   hours  expected   latest     
noise5        running                       1/150      41      1.37         0      inf    0.04  unknown    Tue 05:35  
noise6        running                       0/150              6.55         0      inf    0.03  unknown    Tue 07:20  
noise7        running                       0/150             35.87         0      inf    0.03  unknown    Tue 07:20  
[2J[Hsession planx_ms2: started Tue 03:50, budget ends Tue 07:20, now Tue 03:53:43, 3 runs x 4 threads
run           state                            it    s/it   mean mT   N_green  F $/vox   hours  expected   latest     
noise5        running                       1/150      41      1.37         0      inf    0.04  unknown    Tue 05:35  
noise6        running                       1/150      58      9.38         0      inf    0.05  unknown    Tue 06:17  
noise7        running                       1/150      65     40.30         0      inf    0.05  unknown    Tue 06:33  
[2J[Hsession planx_ms2: started Tue 03:50, budget ends Tue 07:20, now Tue 03:54:13, 3 runs x 4 threads
run           state                            it    s/it   mean mT   N_green  F $/vox   hours  expected   latest     
noise5        running                       2/150      46      2.50         0      inf    0.05  unknown    Tue 05:47  
noise6        running                       1/150      58      9.38         0      inf    0.05  unknown    Tue 06:17  
noise7        running                       1/150      65     40.30         0      inf    0.05  unknown    Tue 06:33  
[2J[Hsession planx_ms2: started Tue 03:50, budget ends Tue 07:20, now Tue 03:54:43, 3 runs x 4 threads
run           state                            it    s/it   mean mT   N_green  F $/vox   hours  expected   latest     
noise5        running                       2/150      46      2.50         0      inf    0.05  unknown    Tue 05:47  
noise6        running                       2/150      54     12.82         0      inf    0.06  unknown    Tue 06:08  
noise7        running                       1/150      65     40.30         0      inf    0.05  unknown    Tue 06:33  
[2J[Hsession planx_ms2: started Tue 03:50, budget ends Tue 07:20, now Tue 03:55:13, 3 runs x 4 threads
run           state                            it    s/it   mean mT   N_green  F $/vox   hours  expected   latest     
noise5        running                       3/150      46      3.64         0      inf    0.07  unknown    Tue 05:47  
noise6        running                       2/150      54     12.82         0      inf    0.06  unknown    Tue 06:08  
noise7        running                       2/150      70     45.21         0      inf    0.07  unknown    Tue 06:48  
[2J[Hsession planx_ms2: started Tue 03:50, budget ends Tue 07:20, now Tue 03:55:43, 3 runs x 4 threads
run           state                            it    s/it   mean mT   N_green  F $/vox   hours  expected   latest     
noise5        running                       3/150      46      3.64         0      inf    0.07  unknown    Tue 05:47  
noise6        running                       3/150      58     17.03         0      inf    0.08  unknown    Tue 06:17  
noise7        running                       2/150      70     45.21         0      inf    0.07  unknown    Tue 06:48  
[2J[Hsession planx_ms2: started Tue 03:50, budget ends Tue 07:20, now Tue 03:56:14, 3 runs x 4 threads
run           state                            it    s/it   mean mT   N_green  F $/vox   hours  expected   latest     
noise5        running                       4/150      47      5.07         0      inf    0.08  unknown    Tue 05:50  
noise6        running                       3/150      58     17.03         0      inf    0.08  unknown    Tue 06:17  
noise7        running                       3/150      65     49.12         0      inf    0.09  unknown    Tue 06:35  
[2J[Hsession planx_ms2: started Tue 03:50, budget ends Tue 07:20, now Tue 03:56:44, 3 runs x 4 threads
run           state                            it    s/it   mean mT   N_green  F $/vox   hours  expected   latest     
noise5        running                       5/150      46      9.34         0      inf    0.10  unknown    Tue 05:47  
noise6        running                       4/150      54     23.40         0      inf    0.09  unknown    Tue 06:08  
noise7        running                       3/150      65     49.12         0      inf    0.09  unknown    Tue 06:35  
[2J[Hsession planx_ms2: started Tue 03:50, budget ends Tue 07:20, now Tue 03:57:14, 3 runs x 4 threads
run           state                            it    s/it   mean mT   N_green  F $/vox   hours  expected   latest     
noise5        running                       5/150      46      9.34         0      inf    0.10  unknown    Tue 05:47  
noise6        running                       4/150      54     23.40         0      inf    0.09  unknown    Tue 06:08  
noise7        running                       3/150      65     49.12         0      inf    0.09  unknown    Tue 06:35  
[2J[Hsession planx_ms2: started Tue 03:50, budget ends Tue 07:20, now Tue 03:57:44, 3 runs x 4 threads
run           state                            it    s/it   mean mT   N_green  F $/vox   hours  expected   latest     
noise5        running                       6/150      47     14.48         0      inf    0.11  unknown    Tue 05:50  
noise6        running                       5/150      58     33.32         0      inf    0.11  unknown    Tue 06:17  
noise7        running                       4/150      71     53.14         0      inf    0.11  unknown    Tue 06:49  
[2J[Hsession planx_ms2: started Tue 03:50, budget ends Tue 07:20, now Tue 03:58:14, 3 runs x 4 threads
run           state                            it    s/it   mean mT   N_green  F $/vox   hours  expected   latest     
noise5        running                       6/150      47     14.48         0      inf    0.11  unknown    Tue 05:50  
noise6        running                       5/150      58     33.32         0      inf    0.11  unknown    Tue 06:17  
noise7        running                       4/150      71     53.14         0      inf    0.11  unknown    Tue 06:49  
[2J[Hsession planx_ms2: started Tue 03:50, budget ends Tue 07:20, now Tue 03:58:44, 3 runs x 4 threads
run           state                            it    s/it   mean mT   N_green  F $/vox   hours  expected   latest     
noise5        running                       7/150      48     20.66         0      inf    0.13  unknown    Tue 05:54  
noise6        running                       6/150      58     40.61         0      inf    0.13  unknown    Tue 06:18  
noise7        running                       5/150      66     57.31         0      inf    0.13  unknown    Tue 06:38  
[2J[Hsession planx_ms2: started Tue 03:50, budget ends Tue 07:20, now Tue 03:59:14, 3 runs x 4 threads
run           state                            it    s/it   mean mT   N_green  F $/vox   hours  expected   latest     
noise5        running                       7/150      48     20.66         0      inf    0.13  unknown    Tue 05:54  
noise6        running                       6/150      58     40.61         0      inf    0.13  unknown    Tue 06:18  
noise7        running                       5/150      66     57.31         0      inf    0.13  unknown    Tue 06:38  
[2J[Hsession planx_ms2: started Tue 03:50, budget ends Tue 07:20, now Tue 03:59:44, 3 runs x 4 threads
run           state                            it    s/it   mean mT   N_green  F $/vox   hours  expected   latest     
noise5        running                       8/150      50     26.17         0      inf    0.14  unknown    Tue 05:57  
noise6        running                       6/150      58     40.61         0      inf    0.13  unknown    Tue 06:18  
noise7        running                       6/150      66     61.20         0      inf    0.15  unknown    Tue 06:37  
[2J[Hsession planx_ms2: started Tue 03:50, budget ends Tue 07:20, now Tue 04:00:14, 3 runs x 4 threads
run           state                            it    s/it   mean mT   N_green  F $/vox   hours  expected   latest     
noise5        running                       8/150      50     26.17         0      inf    0.14  unknown    Tue 05:57  
noise6        running                       7/150      59     45.41         0      inf    0.15  unknown    Tue 06:20  
noise7        running                       6/150      66     61.20         0      inf    0.15  unknown    Tue 06:37  
[2J[Hsession planx_ms2: started Tue 03:50, budget ends Tue 07:20, now Tue 04:00:44, 3 runs x 4 threads
run           state                            it    s/it   mean mT   N_green  F $/vox   hours  expected   latest     
noise5        running                       9/150      51     30.45         0      inf    0.16  unknown    Tue 06:00  
noise6        running                       7/150      59     45.41         0      inf    0.15  unknown    Tue 06:20  
noise7        running                       6/150      66     61.20         0      inf    0.15  unknown    Tue 06:37  
[2J[Hsession planx_ms2: started Tue 03:50, budget ends Tue 07:20, now Tue 04:01:14, 3 runs x 4 threads
run           state                            it    s/it   mean mT   N_green  F $/vox   hours  expected   latest     
noise5        running                       9/150      51     30.45         0      inf    0.16  unknown    Tue 06:00  
noise6        running                       8/150      59     50.90         1 4.45e+03    0.17  unknown    Tue 06:21  
noise7        running                       7/150      66     65.12         0      inf    0.17  unknown    Tue 06:38  
[2J[Hsession planx_ms2: started Tue 03:50, budget ends Tue 07:20, now Tue 04:01:44, 3 runs x 4 threads
run           state                            it    s/it   mean mT   N_green  F $/vox   hours  expected   latest     
noise5        running                       9/150      51     30.45         0      inf    0.16  unknown    Tue 06:00  
noise6        running                       8/150      59     50.90         1 4.45e+03    0.17  unknown    Tue 06:21  
noise7        running                       7/150      66     65.12         0      inf    0.17  unknown    Tue 06:38  
[2J[Hsession planx_ms2: started Tue 03:50, budget ends Tue 07:20, now Tue 04:02:14, 3 runs x 4 threads
run           state                            it    s/it   mean mT   N_green  F $/vox   hours  expected   latest     
noise5        running                      10/150      52     32.88         1 4.26e+03    0.19  unknown    Tue 06:03  
noise6        running                       8/150      59     50.90         1 4.45e+03    0.17  unknown    Tue 06:21  
noise7        running                       7/150      66     65.12         0      inf    0.17  unknown    Tue 06:38  
[2J[Hsession planx_ms2: started Tue 03:50, budget ends Tue 07:20, now Tue 04:02:44, 3 runs x 4 threads
run           state                            it    s/it   mean mT   N_green  F $/vox   hours  expected   latest     
noise5        running                      10/150      52     32.88         1 4.26e+03    0.19  unknown    Tue 06:03  
noise6        running                       9/150      60     55.81         0      inf    0.19  unknown    Tue 06:22  
noise7        running                       8/150      67     69.13         0      inf    0.19  unknown    Tue 06:41  
[2J[Hsession planx_ms2: started Tue 03:50, budget ends Tue 07:20, now Tue 04:03:14, 3 runs x 4 threads
run           state                            it    s/it   mean mT   N_green  F $/vox   hours  expected   latest     
noise5        running                      11/150      53     34.89         0      inf    0.21  unknown    Tue 06:07  
noise6        running                       9/150      60     55.81         0      inf    0.19  unknown    Tue 06:22  
noise7        running                       8/150      67     69.13         0      inf    0.19  unknown    Tue 06:41  
[2J[Hsession planx_ms2: started Tue 03:50, budget ends Tue 07:20, now Tue 04:03:44, 3 runs x 4 threads
run           state                            it    s/it   mean mT   N_green  F $/vox   hours  expected   latest     
noise5        running                      11/150      53     34.89         0      inf    0.21  unknown    Tue 06:07  
noise6        running                      10/150      60     59.95         0      inf    0.21  unknown    Tue 06:24  
noise7        running                       9/150      68     72.91         1 4.42e+03    0.21  unknown    Tue 06:44  
[2J[Hsession planx_ms2: started Tue 03:50, budget ends Tue 07:20, now Tue 04:04:14, 3 runs x 4 threads
run           state                            it    s/it   mean mT   N_green  F $/vox   hours  expected   latest     
noise5        running                      11/150      53     34.89         0      inf    0.21  unknown    Tue 06:07  
noise6        running                      10/150      60     59.95         0      inf    0.21  unknown    Tue 06:24  
noise7        running                       9/150      68     72.91         1 4.42e+03    0.21  unknown    Tue 06:44  
[2J[Hsession planx_ms2: started Tue 03:50, budget ends Tue 07:20, now Tue 04:04:44, 3 runs x 4 threads
run           state                            it    s/it   mean mT   N_green  F $/vox   hours  expected   latest     
noise5        running                      12/150      54     38.87         0      inf    0.23  unknown    Tue 06:08  
noise6        running                      11/150      61     62.93         0      inf    0.23  unknown    Tue 06:26  
noise7        running                       9/150      68     72.91         1 4.42e+03    0.21  unknown    Tue 06:44  
[2J[Hsession planx_ms2: started Tue 03:50, budget ends Tue 07:20, now Tue 04:05:14, 3 runs x 4 threads
run           state                            it    s/it   mean mT   N_green  F $/vox   hours  expected   latest     
noise5        running                      12/150      54     38.87         0      inf    0.23  unknown    Tue 06:08  
noise6        running                      11/150      61     62.93         0      inf    0.23  unknown    Tue 06:26  
noise7        running                      10/150      72     76.85         4 1.11e+03    0.24  unknown    Tue 06:52  
[2J[Hsession planx_ms2: started Tue 03:50, budget ends Tue 07:20, now Tue 04:05:44, 3 runs x 4 threads
run           state                            it    s/it   mean mT   N_green  F $/vox   hours  expected   latest     
noise5        running                      13/150      54     43.47         0      inf    0.25  unknown    Tue 06:09  
noise6        running                      12/150      62     64.94         1 4.47e+03    0.24  unknown    Tue 06:28  
noise7        running                      10/150      72     76.85         4 1.11e+03    0.24  unknown    Tue 06:52  
[2J[Hsession planx_ms2: started Tue 03:50, budget ends Tue 07:20, now Tue 04:06:14, 3 runs x 4 threads
run           state                            it    s/it   mean mT   N_green  F $/vox   hours  expected   latest     
noise5        running                      13/150      54     43.47         0      inf    0.25  unknown    Tue 06:09  
noise6        running                      12/150      62     64.94         1 4.47e+03    0.24  unknown    Tue 06:28  
noise7        running                      11/150      68     80.60         0      inf    0.25  unknown    Tue 06:44  
[2J[Hsession planx_ms2: started Tue 03:50, budget ends Tue 07:20, now Tue 04:06:44, 3 runs x 4 threads
run           state                            it    s/it   mean mT   N_green  F $/vox   hours  expected   latest     
noise5        running                      13/150      54     43.47         0      inf    0.25  unknown    Tue 06:09  
noise6        running                      13/150      61     66.20         0      inf    0.26  unknown    Tue 06:26  
noise7        running                      11/150      68     80.60         0      inf    0.25  unknown    Tue 06:44  
[2J[Hsession planx_ms2: started Tue 03:50, budget ends Tue 07:20, now Tue 04:07:14, 3 runs x 4 threads
run           state                            it    s/it   mean mT   N_green  F $/vox   hours  expected   latest     
noise5        running                      14/150      56     47.88         0      inf    0.27  unknown    Tue 06:12  
noise6        running                      13/150      61     66.20         0      inf    0.26  unknown    Tue 06:26  
noise7        running                      12/150      67     84.03         0      inf    0.27  unknown    Tue 06:41  
[2J[Hsession planx_ms2: started Tue 03:50, budget ends Tue 07:20, now Tue 04:07:44, 3 runs x 4 threads
run           state                            it    s/it   mean mT   N_green  F $/vox   hours  expected   latest     
noise5        running                      14/150      56     47.88         0      inf    0.27  unknown    Tue 06:12  
noise6        running                      14/150      62     68.37         0      inf    0.28  unknown    Tue 06:28  
noise7        running                      12/150      67     84.03         0      inf    0.27  unknown    Tue 06:41  
[2J[Hsession planx_ms2: started Tue 03:50, budget ends Tue 07:20, now Tue 04:08:14, 3 runs x 4 threads
run           state                            it    s/it   mean mT   N_green  F $/vox   hours  expected   latest     
noise5        running                      15/150      57     53.13         0      inf    0.29  unknown    Tue 06:15  
noise6        running                      14/150      62     68.37         0      inf    0.28  unknown    Tue 06:28  
noise7        running                      13/150      66     87.13         1 4.47e+03    0.29  unknown    Tue 06:39  
[2J[Hsession planx_ms2: started Tue 03:50, budget ends Tue 07:20, now Tue 04:08:44, 3 runs x 4 threads
run           state                            it    s/it   mean mT   N_green  F $/vox   hours  expected   latest     
noise5        running                      15/150      57     53.13         0      inf    0.29  unknown    Tue 06:15  
noise6        running                      15/150      61     70.73         0      inf    0.30  unknown    Tue 06:26  
noise7        running                      13/150      66     87.13         1 4.47e+03    0.29  unknown    Tue 06:39  
[2J[Hsession planx_ms2: started Tue 03:50, budget ends Tue 07:20, now Tue 04:09:14, 3 runs x 4 threads
run           state                            it    s/it   mean mT   N_green  F $/vox   hours  expected   latest     
noise5        running                      15/150      57     53.13         0      inf    0.29  unknown    Tue 06:15  
noise6        running                      15/150      61     70.73         0      inf    0.30  unknown    Tue 06:26  
noise7        running                      14/150      66     90.40         0      inf    0.30  unknown    Tue 06:38  
[2J[Hsession planx_ms2: started Tue 03:50, budget ends Tue 07:20, now Tue 04:09:44, 3 runs x 4 threads
run           state                            it    s/it   mean mT   N_green  F $/vox   hours  expected   latest     
noise5        running                      16/150      65     57.20         0      inf    0.31  unknown    Tue 06:34  
noise6        running                      16/150      61     73.08         2 2.25e+03    0.31  unknown    Tue 06:26  
noise7        running                      14/150      66     90.40         0      inf    0.30  unknown    Tue 06:38  
[2J[Hsession planx_ms2: started Tue 03:50, budget ends Tue 07:20, now Tue 04:10:14, 3 runs x 4 threads
run           state                            it    s/it   mean mT   N_green  F $/vox   hours  expected   latest     
noise5        running                      16/150      65     57.20         0      inf    0.31  unknown    Tue 06:34  
noise6        running                      16/150      61     73.08         2 2.25e+03    0.31  unknown    Tue 06:26  
noise7        running                      14/150      66     90.40         0      inf    0.30  unknown    Tue 06:38  
[2J[Hsession planx_ms2: started Tue 03:50, budget ends Tue 07:20, now Tue 04:10:44, 3 runs x 4 threads
run           state                            it    s/it   mean mT   N_green  F $/vox   hours  expected   latest     
noise5        running                      17/150      65     59.89         0      inf    0.33  unknown    Tue 06:34  
noise6        running                      17/150      61     75.37         2 2.25e+03    0.33  unknown    Tue 06:26  
noise7        running                      15/150      66     93.35         1 4.49e+03    0.33  unknown    Tue 06:39  
[2J[Hsession planx_ms2: started Tue 03:50, budget ends Tue 07:20, now Tue 04:11:14, 3 runs x 4 threads
run           state                            it    s/it   mean mT   N_green  F $/vox   hours  expected   latest     
noise5        running                      17/150      65     59.89         0      inf    0.33  unknown    Tue 06:34  
noise6        running                      17/150      61     75.37         2 2.25e+03    0.33  unknown    Tue 06:26  
noise7        running                      15/150      66     93.35         1 4.49e+03    0.33  unknown    Tue 06:39  
[2J[Hsession planx_ms2: started Tue 03:50, budget ends Tue 07:20, now Tue 04:11:44, 3 runs x 4 threads
run           state                            it    s/it   mean mT   N_green  F $/vox   hours  expected   latest     
noise5        running                      17/150      65     59.89         0      inf    0.33  unknown    Tue 06:34  
noise6        running                      18/150      61     77.07         2 2.26e+03    0.35  unknown    Tue 06:26  
noise7        running                      16/150      68     96.18         1 4.51e+03    0.35  unknown    Tue 06:43  
[2J[Hsession planx_ms2: started Tue 03:50, budget ends Tue 07:20, now Tue 04:12:14, 3 runs x 4 threads
run           state                            it    s/it   mean mT   N_green  F $/vox   hours  expected   latest     
noise5        running                      18/150      67     62.82         0      inf    0.35  unknown    Tue 06:39  
noise6        running                      18/150      61     77.07         2 2.26e+03    0.35  unknown    Tue 06:26  
noise7        running                      16/150      68     96.18         1 4.51e+03    0.35  unknown    Tue 06:43  
[2J[Hsession planx_ms2: started Tue 03:50, budget ends Tue 07:20, now Tue 04:12:44, 3 runs x 4 threads
run           state                            it    s/it   mean mT   N_green  F $/vox   hours  expected   latest     
noise5        running                      18/150      67     62.82         0      inf    0.35  unknown    Tue 06:39  
noise6        running                      19/150      61     78.43         2 2.26e+03    0.36  unknown    Tue 06:26  
noise7        running                      16/150      68     96.18         1 4.51e+03    0.35  unknown    Tue 06:43  
[2J[Hsession planx_ms2: started Tue 03:50, budget ends Tue 07:20, now Tue 04:13:14, 3 runs x 4 threads
run           state                            it    s/it   mean mT   N_green  F $/vox   hours  expected   latest     
noise5        running                      19/150      68     65.40         0      inf    0.37  unknown    Tue 06:42  
noise6        running                      19/150      61     78.43         2 2.26e+03    0.36  unknown    Tue 06:26  
noise7        running                      17/150      68     99.03         1 4.52e+03    0.37  unknown    Tue 06:43  
[2J[Hsession planx_ms2: started Tue 03:50, budget ends Tue 07:20, now Tue 04:13:44, 3 runs x 4 threads
run           state                            it    s/it   mean mT   N_green  F $/vox   hours  expected   latest     
noise5        running                      19/150      68     65.40         0      inf    0.37  unknown    Tue 06:42  
noise6        running                      20/150      61     79.81         0      inf    0.38  unknown    Tue 06:26  
noise7        running                      17/150      68     99.03         1 4.52e+03    0.37  unknown    Tue 06:43  
[2J[Hsession planx_ms2: started Tue 03:50, budget ends Tue 07:20, now Tue 04:14:14, 3 runs x 4 threads
run           state                            it    s/it   mean mT   N_green  F $/vox   hours  expected   latest     
noise5        running                      20/150      68     68.43         0      inf    0.39  unknown    Tue 06:42  
noise6        running                      20/150      61     79.81         0      inf    0.38  unknown    Tue 06:26  
noise7        running                      17/150      68     99.03         1 4.52e+03    0.37  unknown    Tue 06:43  
[2J[Hsession planx_ms2: started Tue 03:50, budget ends Tue 07:20, now Tue 04:14:44, 3 runs x 4 threads
run           state                            it    s/it   mean mT   N_green  F $/vox   hours  expected   latest     
noise5        running                      20/150      68     68.43         0      inf    0.39  unknown    Tue 06:42  
noise6        running                      21/150      61     81.19         0      inf    0.39  unknown    Tue 06:24  
noise7        running                      18/150      68    102.08         2 2.27e+03    0.39  unknown    Tue 06:44  
[2J[Hsession planx_ms2: started Tue 03:50, budget ends Tue 07:20, now Tue 04:15:14, 3 runs x 4 threads
run           state                            it    s/it   mean mT   N_green  F $/vox   hours  expected   latest     
noise5        running                      21/150      68     71.96         0      inf    0.40  unknown    Tue 06:41  
noise6        running                      21/150      61     81.19         0      inf    0.39  unknown    Tue 06:24  
noise7        running                      18/150      68    102.08         2 2.27e+03    0.39  unknown    Tue 06:44  
[2J[Hsession planx_ms2: started Tue 03:50, budget ends Tue 07:20, now Tue 04:15:44, 3 runs x 4 threads
run           state                            it    s/it   mean mT   N_green  F $/vox   hours  expected   latest     
noise5        running                      21/150      68     71.96         0      inf    0.40  unknown    Tue 06:41  
noise6        running                      22/150      58     82.75         0      inf    0.41  unknown    Tue 06:18  
noise7        running                      19/150      68    104.88         2 2.27e+03    0.41  unknown    Tue 06:45  
[2J[Hsession planx_ms2: started Tue 03:50, budget ends Tue 07:20, now Tue 04:16:14, 3 runs x 4 threads
run           state                            it    s/it   mean mT   N_green  F $/vox   hours  expected   latest     
noise5        running                      22/150      68     74.78         1 4.22e+03    0.42  unknown    Tue 06:41  
noise6        running                      22/150      58     82.75         0      inf    0.41  unknown    Tue 06:18  
noise7        running                      19/150      68    104.88         2 2.27e+03    0.41  unknown    Tue 06:45  
[2J[Hsession planx_ms2: started Tue 03:50, budget ends Tue 07:20, now Tue 04:16:44, 3 runs x 4 threads
run           state                            it    s/it   mean mT   N_green  F $/vox   hours  expected   latest     
noise5        running                      22/150      68     74.78         1 4.22e+03    0.42  unknown    Tue 06:41  
noise6        running                      23/150      58     84.49         1 4.55e+03    0.43  unknown    Tue 06:19  
noise7        running                      19/150      68    104.88         2 2.27e+03    0.41  unknown    Tue 06:45  
[2J[Hsession planx_ms2: started Tue 03:50, budget ends Tue 07:20, now Tue 04:17:14, 3 runs x 4 threads
run           state                            it    s/it   mean mT   N_green  F $/vox   hours  expected   latest     
noise5        running                      22/150      68     74.78         1 4.22e+03    0.42  unknown    Tue 06:41  
noise6        running                      23/150      58     84.49         1 4.55e+03    0.43  unknown    Tue 06:19  
noise7        running                      20/150      73    107.23         1 4.56e+03    0.44  unknown    Tue 06:54  
[2J[Hsession planx_ms2: started Tue 03:50, budget ends Tue 07:20, now Tue 04:17:44, 3 runs x 4 threads
run           state                            it    s/it   mean mT   N_green  F $/vox   hours  expected   latest     
noise5        running                      23/150      69     77.48         0      inf    0.44  unknown    Tue 06:44  
noise6        running                      24/150      56     86.37         0      inf    0.45  unknown    Tue 06:15  
noise7        running                      20/150      73    107.23         1 4.56e+03    0.44  unknown    Tue 06:54  
[2J[Hsession planx_ms2: started Tue 03:50, budget ends Tue 07:20, now Tue 04:18:14, 3 runs x 4 threads
run           state                            it    s/it   mean mT   N_green  F $/vox   hours  expected   latest     
noise5        running                      23/150      69     77.48         0      inf    0.44  unknown    Tue 06:44  
noise6        running                      24/150      56     86.37         0      inf    0.45  unknown    Tue 06:15  
noise7        running                      21/150      73    109.54         1 4.57e+03    0.46  unknown    Tue 06:54  
[2J[Hsession planx_ms2: started Tue 03:50, budget ends Tue 07:20, now Tue 04:18:44, 3 runs x 4 threads
run           state                            it    s/it   mean mT   N_green  F $/vox   hours  expected   latest     
noise5        running                      24/150      69     79.94         0      inf    0.46  unknown    Tue 06:44  
noise6        running                      25/150      56     88.73         2 2.28e+03    0.46  unknown    Tue 06:15  
noise7        running                      21/150      73    109.54         1 4.57e+03    0.46  unknown    Tue 06:54  
[2J[Hsession planx_ms2: started Tue 03:50, budget ends Tue 07:20, now Tue 04:19:14, 3 runs x 4 threads
run           state                            it    s/it   mean mT   N_green  F $/vox   hours  expected   latest     
noise5        running                      24/150      69     79.94         0      inf    0.46  unknown    Tue 06:44  
noise6        running                      25/150      56     88.73         2 2.28e+03    0.46  unknown    Tue 06:15  
noise7        running                      21/150      73    109.54         1 4.57e+03    0.46  unknown    Tue 06:54  
[2J[Hsession planx_ms2: started Tue 03:50, budget ends Tue 07:20, now Tue 04:19:44, 3 runs x 4 threads
run           state                            it    s/it   mean mT   N_green  F $/vox   hours  expected   latest     
noise5        running                      25/150      67     82.12         0      inf    0.48  unknown    Tue 06:39  
noise6        running                      26/150      54     91.14         0      inf    0.48  unknown    Tue 06:10  
noise7        running                      22/150      73    111.85         0      inf    0.48  unknown    Tue 06:54  
[2J[Hsession planx_ms2: started Tue 03:50, budget ends Tue 07:20, now Tue 04:20:14, 3 runs x 4 threads
run           state                            it    s/it   mean mT   N_green  F $/vox   hours  expected   latest     
noise5        running                      25/150      67     82.12         0      inf    0.48  unknown    Tue 06:39  
noise6        running                      26/150      54     91.14         0      inf    0.48  unknown    Tue 06:10  
noise7        running                      22/150      73    111.85         0      inf    0.48  unknown    Tue 06:54  
[2J[Hsession planx_ms2: started Tue 03:50, budget ends Tue 07:20, now Tue 04:20:44, 3 runs x 4 threads
run           state                            it    s/it   mean mT   N_green  F $/vox   hours  expected   latest     
noise5        running                      26/150      65     83.94         2 2.11e+03    0.49  unknown    Tue 06:34  
noise6        running                      27/150      54     93.42         1 4.59e+03    0.49  unknown    Tue 06:10  
noise7        running                      22/150      73    111.85         0      inf    0.48  unknown    Tue 06:54  
[2J[Hsession planx_ms2: started Tue 03:50, budget ends Tue 07:20, now Tue 04:21:14, 3 runs x 4 threads
run           state                            it    s/it   mean mT   N_green  F $/vox   hours  expected   latest     
noise5        running                      26/150      65     83.94         2 2.11e+03    0.49  unknown    Tue 06:34  
noise6        running                      27/150      54     93.42         1 4.59e+03    0.49  unknown    Tue 06:10  
noise7        running                      23/150      74    114.31         1  4.6e+03    0.50  unknown    Tue 06:56  
[2J[Hsession planx_ms2: started Tue 03:50, budget ends Tue 07:20, now Tue 04:21:44, 3 runs x 4 threads
run           state                            it    s/it   mean mT   N_green  F $/vox   hours  expected   latest     
noise5        running                      27/150      64     85.74         1  4.2e+03    0.51  unknown    Tue 06:33  
noise6        running                      28/150      54     95.43         1  4.6e+03    0.51  unknown    Tue 06:11  
noise7        running                      23/150      74    114.31         1  4.6e+03    0.50  unknown    Tue 06:56  
[2J[Hsession planx_ms2: started Tue 03:50, budget ends Tue 07:20, now Tue 04:22:14, 3 runs x 4 threads
run           state                            it    s/it   mean mT   N_green  F $/vox   hours  expected   latest     
noise5        running                      27/150      64     85.74         1  4.2e+03    0.51  unknown    Tue 06:33  
noise6        running                      28/150      54     95.43         1  4.6e+03    0.51  unknown    Tue 06:11  
noise7        running                      24/150      73    116.90         1 4.62e+03    0.52  unknown    Tue 06:54  
[2J[Hsession planx_ms2: started Tue 03:50, budget ends Tue 07:20, now Tue 04:22:44, 3 runs x 4 threads
run           state                            it    s/it   mean mT   N_green  F $/vox   hours  expected   latest     
noise5        running                      28/150      64     87.69         8      525    0.53  unknown    Tue 06:32  
noise6        running                      29/150      54     97.31         1 4.62e+03    0.53  unknown    Tue 06:11  
noise7        running                      24/150      73    116.90         1 4.62e+03    0.52  unknown    Tue 06:54  
[2J[Hsession planx_ms2: started Tue 03:50, budget ends Tue 07:20, now Tue 04:23:14, 3 runs x 4 threads
run           state                            it    s/it   mean mT   N_green  F $/vox   hours  expected   latest     
noise5        running                      28/150      64     87.69         8      525    0.53  unknown    Tue 06:32  
noise6        running                      29/150      54     97.31         1 4.62e+03    0.53  unknown    Tue 06:11  
noise7        running                      25/150      72    119.34         3 1.54e+03    0.54  unknown    Tue 06:52  
[2J[Hsession planx_ms2: started Tue 03:50, budget ends Tue 07:20, now Tue 04:23:44, 3 runs x 4 threads
run           state                            it    s/it   mean mT   N_green  F $/vox   hours  expected   latest     
noise5        running                      28/150      64     87.69         8      525    0.53  unknown    Tue 06:32  
noise6        running                      30/150      54     99.01         0      inf    0.54  unknown    Tue 06:11  
noise7        running                      25/150      72    119.34         3 1.54e+03    0.54  unknown    Tue 06:52  
[2J[Hsession planx_ms2: started Tue 03:50, budget ends Tue 07:20, now Tue 04:24:14, 3 runs x 4 threads
run           state                            it    s/it   mean mT   N_green  F $/vox   hours  expected   latest     
noise5        running                      28/150      64     87.69         8      525    0.53  unknown    Tue 06:32  
noise6        running                      30/150      54     99.01         0      inf    0.54  unknown    Tue 06:11  
noise7        running                      25/150      72    119.34         3 1.54e+03    0.54  unknown    Tue 06:52  
[2J[Hsession planx_ms2: started Tue 03:50, budget ends Tue 07:20, now Tue 04:24:44, 3 runs x 4 threads
run           state                            it    s/it   mean mT   N_green  F $/vox   hours  expected   latest     
noise5        running                      29/150      64     88.94         3  1.4e+03    0.56  unknown    Tue 06:33  
noise6        running                      31/150      54    100.58         1 4.64e+03    0.56  unknown    Tue 06:12  
noise7        running                      26/150      72    121.70         1 4.65e+03    0.56  unknown    Tue 06:53  
[2J[Hsession planx_ms2: started Tue 03:50, budget ends Tue 07:20, now Tue 04:25:14, 3 runs x 4 threads
run           state                            it    s/it   mean mT   N_green  F $/vox   hours  expected   latest     
noise5        running                      29/150      64     88.94         3  1.4e+03    0.56  unknown    Tue 06:33  
noise6        running                      31/150      54    100.58         1 4.64e+03    0.56  unknown    Tue 06:12  
noise7        running                      26/150      72    121.70         1 4.65e+03    0.56  unknown    Tue 06:53  
[2J[Hsession planx_ms2: started Tue 03:50, budget ends Tue 07:20, now Tue 04:25:44, 3 runs x 4 threads
run           state                            it    s/it   mean mT   N_green  F $/vox   hours  expected   latest     
noise5        running                      29/150      64     88.94         3  1.4e+03    0.56  unknown    Tue 06:33  
noise6        running                      32/150      54    102.35         3 1.55e+03    0.58  unknown    Tue 06:12  
noise7        running                      27/150      73    123.88         2 2.33e+03    0.58  unknown    Tue 06:54  
[2J[Hsession planx_ms2: started Tue 03:50, budget ends Tue 07:20, now Tue 04:26:14, 3 runs x 4 threads
run           state                            it    s/it   mean mT   N_green  F $/vox   hours  expected   latest     
noise5        running                      29/150      64     88.94         3  1.4e+03    0.56  unknown    Tue 06:33  
noise6        running                      32/150      54    102.35         3 1.55e+03    0.58  unknown    Tue 06:12  
noise7        running                      27/150      73    123.88         2 2.33e+03    0.58  unknown    Tue 06:54  
[2J[Hsession planx_ms2: started Tue 03:50, budget ends Tue 07:20, now Tue 04:26:44, 3 runs x 4 threads
run           state                            it    s/it   mean mT   N_green  F $/vox   hours  expected   latest     
noise5        running                      30/150      64     90.74         0      inf    0.60  unknown    Tue 06:34  
noise6        running                      33/150      54    104.32         0      inf    0.59  unknown    Tue 06:11  
noise7        running                      28/150      73    126.15         1 4.67e+03    0.60  unknown    Tue 06:54  
[2J[Hsession planx_ms2: started Tue 03:50, budget ends Tue 07:20, now Tue 04:27:14, 3 runs x 4 threads
run           state                            it    s/it   mean mT   N_green  F $/vox   hours  expected   latest     
noise5        running                      30/150      64     90.74         0      inf    0.60  unknown    Tue 06:34  
noise6        running                      33/150      54    104.32         0      inf    0.59  unknown    Tue 06:11  
noise7        running                      28/150      73    126.15         1 4.67e+03    0.60  unknown    Tue 06:54  
[2J[Hsession planx_ms2: started Tue 03:50, budget ends Tue 07:20, now Tue 04:27:44, 3 runs x 4 threads
run           state                            it    s/it   mean mT   N_green  F $/vox   hours  expected   latest     
noise5        running                      31/150      63     92.62         0      inf    0.61  unknown    Tue 06:32  
noise6        running                      34/150      54    106.17         4 1.17e+03    0.61  unknown    Tue 06:11  
noise7        running                      29/150      73    128.38         3 1.56e+03    0.62  unknown    Tue 06:54  
[2J[Hsession planx_ms2: started Tue 03:50, budget ends Tue 07:20, now Tue 04:28:14, 3 runs x 4 threads
run           state                            it    s/it   mean mT   N_green  F $/vox   hours  expected   latest     
noise5        running                      31/150      63     92.62         0      inf    0.61  unknown    Tue 06:32  
noise6        running                      35/150      54    107.99         1  4.7e+03    0.62  unknown    Tue 06:11  
noise7        running                      29/150      73    128.38         3 1.56e+03    0.62  unknown    Tue 06:54  
[2J[Hsession planx_ms2: started Tue 03:50, budget ends Tue 07:20, now Tue 04:28:44, 3 runs x 4 threads
run           state                            it    s/it   mean mT   N_green  F $/vox   hours  expected   latest     
noise5        running                      32/150      63     94.10         4 1.05e+03    0.63  unknown    Tue 06:32  
noise6        running                      35/150      54    107.99         1  4.7e+03    0.62  unknown    Tue 06:11  
noise7        running                      29/150      73    128.38         3 1.56e+03    0.62  unknown    Tue 06:54  
[2J[Hsession planx_ms2: started Tue 03:50, budget ends Tue 07:20, now Tue 04:29:14, 3 runs x 4 threads
run           state                            it    s/it   mean mT   N_green  F $/vox   hours  expected   latest     
noise5        running                      32/150      63     94.10         4 1.05e+03    0.63  unknown    Tue 06:32  
noise6        running                      35/150      54    107.99         1  4.7e+03    0.62  unknown    Tue 06:11  
noise7        running                      30/150      73    130.59         4 1.18e+03    0.64  unknown    Tue 06:54  
[2J[Hsession planx_ms2: started Tue 03:50, budget ends Tue 07:20, now Tue 04:29:44, 3 runs x 4 threads
run           state                            it    s/it   mean mT   N_green  F $/vox   hours  expected   latest     
noise5        running                      32/150      63     94.10         4 1.05e+03    0.63  unknown    Tue 06:32  
noise6        running                      36/150      54    110.28         2 2.36e+03    0.64  unknown    Tue 06:12  
noise7        running                      30/150      73    130.59         4 1.18e+03    0.64  unknown    Tue 06:54  
[2J[Hsession planx_ms2: started Tue 03:50, budget ends Tue 07:20, now Tue 04:30:14, 3 runs x 4 threads
run           state                            it    s/it   mean mT   N_green  F $/vox   hours  expected   latest     
noise5        running                      32/150      63     94.10         4 1.05e+03    0.63  unknown    Tue 06:32  
noise6        running                      36/150      54    110.28         2 2.36e+03    0.64  unknown    Tue 06:12  
noise7        running                      30/150      73    130.59         4 1.18e+03    0.64  unknown    Tue 06:54  
[2J[Hsession planx_ms2: started Tue 03:50, budget ends Tue 07:20, now Tue 04:30:44, 3 runs x 4 threads
run           state                            it    s/it   mean mT   N_green  F $/vox   hours  expected   latest     
noise5        running                      32/150      63     94.10         4 1.05e+03    0.63  unknown    Tue 06:32  
noise6        running                      37/150      54    112.84         1 4.73e+03    0.66  unknown    Tue 06:12  
noise7        running                      31/150      73    132.74         2 2.36e+03    0.66  unknown    Tue 06:54  
[2J[Hsession planx_ms2: started Tue 03:50, budget ends Tue 07:20, now Tue 04:31:14, 3 runs x 4 threads
run           state                            it    s/it   mean mT   N_green  F $/vox   hours  expected   latest     
noise5        running                      32/150      63     94.10         4 1.05e+03    0.63  unknown    Tue 06:32  
noise6        running                      37/150      54    112.84         1 4.73e+03    0.66  unknown    Tue 06:12  
noise7        running                      31/150      73    132.74         2 2.36e+03    0.66  unknown    Tue 06:54  
[2J[Hsession planx_ms2: started Tue 03:50, budget ends Tue 07:20, now Tue 04:31:44, 3 runs x 4 threads
run           state                            it    s/it   mean mT   N_green  F $/vox   hours  expected   latest     
noise5        running                      32/150      63     94.10         4 1.05e+03    0.63  unknown    Tue 06:32  
noise6        running                      38/150      54    115.13         1 4.74e+03    0.68  unknown    Tue 06:12  
noise7        running                      32/150      72    134.82         2 2.37e+03    0.68  unknown    Tue 06:52  
[2J[Hsession planx_ms2: started Tue 03:50, budget ends Tue 07:20, now Tue 04:32:14, 3 runs x 4 threads
run           state                            it    s/it   mean mT   N_green  F $/vox   hours  expected   latest     
noise5        running                      33/150      63     95.67         1  4.2e+03    0.69  unknown    Tue 06:35  
noise6        running                      39/150      54    117.05         1 4.76e+03    0.69  unknown    Tue 06:12  
noise7        running                      32/150      72    134.82         2 2.37e+03    0.68  unknown    Tue 06:52  
[2J[Hsession planx_ms2: started Tue 03:50, budget ends Tue 07:20, now Tue 04:32:44, 3 runs x 4 threads
run           state                            it    s/it   mean mT   N_green  F $/vox   hours  expected   latest     
noise5        running                      33/150      63     95.67         1  4.2e+03    0.69  unknown    Tue 06:35  
noise6        running                      39/150      54    117.05         1 4.76e+03    0.69  unknown    Tue 06:12  
noise7        running                      33/150      69    136.90         2 2.38e+03    0.70  unknown    Tue 06:47  
[2J[Hsession planx_ms2: started Tue 03:50, budget ends Tue 07:20, now Tue 04:33:14, 3 runs x 4 threads
run           state                            it    s/it   mean mT   N_green  F $/vox   hours  expected   latest     
noise5        running                      34/150      62     97.50         1  4.2e+03    0.70  unknown    Tue 06:33  
noise6        running                      40/150      54    118.78         1 4.78e+03    0.70  unknown    Tue 06:12  
noise7        running                      33/150      69    136.90         2 2.38e+03    0.70  unknown    Tue 06:47  
[2J[Hsession planx_ms2: started Tue 03:50, budget ends Tue 07:20, now Tue 04:33:44, 3 runs x 4 threads
run           state                            it    s/it   mean mT   N_green  F $/vox   hours  expected   latest     
noise5        running                      34/150      62     97.50         1  4.2e+03    0.70  unknown    Tue 06:33  
noise6        running                      40/150      54    118.78         1 4.78e+03    0.70  unknown    Tue 06:12  
noise7        running                      34/150      66    138.97         2 2.38e+03    0.71  unknown    Tue 06:41  
[2J[Hsession planx_ms2: started Tue 03:50, budget ends Tue 07:20, now Tue 04:34:14, 3 runs x 4 threads
run           state                            it    s/it   mean mT   N_green  F $/vox   hours  expected   latest     
noise5        running                      35/150      62     99.73        30      140    0.72  unknown    Tue 06:33  
noise6        running                      41/150      54    120.50         1 4.79e+03    0.72  unknown    Tue 06:12  
noise7        running                      34/150      66    138.97         2 2.38e+03    0.71  unknown    Tue 06:41  
[2J[Hsession planx_ms2: started Tue 03:50, budget ends Tue 07:20, now Tue 04:34:44, 3 runs x 4 threads
run           state                            it    s/it   mean mT   N_green  F $/vox   hours  expected   latest     
noise5        running                      35/150      62     99.73        30      140    0.72  unknown    Tue 06:33  
noise6        running                      41/150      54    120.50         1 4.79e+03    0.72  unknown    Tue 06:12  
noise7        running                      35/150      64    141.05         3 1.59e+03    0.73  unknown    Tue 06:37  
[2J[Hsession planx_ms2: started Tue 03:50, budget ends Tue 07:20, now Tue 04:35:14, 3 runs x 4 threads
run           state                            it    s/it   mean mT   N_green  F $/vox   hours  expected   latest     
noise5        running                      36/150      62    101.95         0      inf    0.74  unknown    Tue 06:33  
noise6        running                      42/150      53    122.54         2 2.41e+03    0.73  unknown    Tue 06:10  
noise7        running                      35/150      64    141.05         3 1.59e+03    0.73  unknown    Tue 06:37  
[2J[Hsession planx_ms2: started Tue 03:50, budget ends Tue 07:20, now Tue 04:35:44, 3 runs x 4 threads
run           state                            it    s/it   mean mT   N_green  F $/vox   hours  expected   latest     
noise5        running                      36/150      62    101.95         0      inf    0.74  unknown    Tue 06:33  
noise6        running                      43/150      50    124.80         6      805    0.75  unknown    Tue 06:04  
noise7        running                      36/150      64    143.16         2  2.4e+03    0.74  unknown    Tue 06:37  
[2J[Hsession planx_ms2: started Tue 03:50, budget ends Tue 07:20, now Tue 04:36:14, 3 runs x 4 threads
run           state                            it    s/it   mean mT   N_green  F $/vox   hours  expected   latest     
noise5        running                      37/150      62    104.21        15      280    0.75  unknown    Tue 06:32  
noise6        running                      43/150      50    124.80         6      805    0.75  unknown    Tue 06:04  
noise7        running                      36/150      64    143.16         2  2.4e+03    0.74  unknown    Tue 06:37  
[2J[Hsession planx_ms2: started Tue 03:50, budget ends Tue 07:20, now Tue 04:36:44, 3 runs x 4 threads
run           state                            it    s/it   mean mT   N_green  F $/vox   hours  expected   latest     
noise5        running                      37/150      62    104.21        15      280    0.75  unknown    Tue 06:32  
noise6        running                      44/150      50    127.22         1 4.85e+03    0.76  unknown    Tue 06:04  
noise7        running                      37/150      63    145.36         2 2.41e+03    0.76  unknown    Tue 06:34  
[2J[Hsession planx_ms2: started Tue 03:50, budget ends Tue 07:20, now Tue 04:37:14, 3 runs x 4 threads
run           state                            it    s/it   mean mT   N_green  F $/vox   hours  expected   latest     
noise5        running                      38/150      61    106.18        20      210    0.77  unknown    Tue 06:31  
noise6        running                      44/150      50    127.22         1 4.85e+03    0.76  unknown    Tue 06:04  
noise7        running                      37/150      63    145.36         2 2.41e+03    0.76  unknown    Tue 06:34  
[2J[Hsession planx_ms2: started Tue 03:50, budget ends Tue 07:20, now Tue 04:37:44, 3 runs x 4 threads
run           state                            it    s/it   mean mT   N_green  F $/vox   hours  expected   latest     
noise5        running                      39/150      59    108.39        20      210    0.78  unknown    Tue 06:26  
noise6        running                      45/150      50    129.55         1 4.87e+03    0.78  unknown    Tue 06:04  
noise7        running                      38/150      63    147.51         4 1.21e+03    0.78  unknown    Tue 06:34  
[2J[Hsession planx_ms2: started Tue 03:50, budget ends Tue 07:20, now Tue 04:38:14, 3 runs x 4 threads
run           state                            it    s/it   mean mT   N_green  F $/vox   hours  expected   latest     
noise5        running                      39/150      59    108.39        20      210    0.78  unknown    Tue 06:26  
noise6        running                      45/150      50    129.55         1 4.87e+03    0.78  unknown    Tue 06:04  
noise7        running                      38/150      63    147.51         4 1.21e+03    0.78  unknown    Tue 06:34  
[2J[Hsession planx_ms2: started Tue 03:50, budget ends Tue 07:20, now Tue 04:38:44, 3 runs x 4 threads
run           state                            it    s/it   mean mT   N_green  F $/vox   hours  expected   latest     
noise5        running                      40/150      58    110.79         1 4.19e+03    0.80  unknown    Tue 06:25  
noise6        running                      46/150      50    131.89         2 2.44e+03    0.79  unknown    Tue 06:04  
noise7        running                      38/150      63    147.51         4 1.21e+03    0.78  unknown    Tue 06:34  
[2J[Hsession planx_ms2: started Tue 03:50, budget ends Tue 07:20, now Tue 04:39:14, 3 runs x 4 threads
run           state                            it    s/it   mean mT   N_green  F $/vox   hours  expected   latest     
noise5        running                      40/150      58    110.79         1 4.19e+03    0.80  unknown    Tue 06:25  
noise6        running                      47/150      50    134.44         1  4.9e+03    0.80  unknown    Tue 06:04  
noise7        running                      39/150      64    149.56         6      808    0.80  unknown    Tue 06:37  
[2J[Hsession planx_ms2: started Tue 03:50, budget ends Tue 07:20, now Tue 04:39:44, 3 runs x 4 threads
run           state                            it    s/it   mean mT   N_green  F $/vox   hours  expected   latest     
noise5        running                      41/150      58    112.68        64     65.4    0.81  unknown    Tue 06:25  
noise6        running                      47/150      50    134.44         1  4.9e+03    0.80  unknown    Tue 06:04  
noise7        running                      39/150      64    149.56         6      808    0.80  unknown    Tue 06:37  
[2J[Hsession planx_ms2: started Tue 03:50, budget ends Tue 07:20, now Tue 04:40:14, 3 runs x 4 threads
run           state                            it    s/it   mean mT   N_green  F $/vox   hours  expected   latest     
noise5        running                      41/150      58    112.68        64     65.4    0.81  unknown    Tue 06:25  
noise6        running                      48/150      50    136.93         2 2.46e+03    0.82  unknown    Tue 06:04  
noise7        running                      40/150      64    151.54         6      811    0.82  unknown    Tue 06:37  
[2J[Hsession planx_ms2: started Tue 03:50, budget ends Tue 07:20, now Tue 04:40:44, 3 runs x 4 threads
run           state                            it    s/it   mean mT   N_green  F $/vox   hours  expected   latest     
noise5        running                      42/150      58    114.46        12      349    0.83  unknown    Tue 06:23  
noise6        running                      49/150      50    159.00         1 4.94e+03    0.83  unknown    Tue 06:04  
noise7        running                      40/150      64    151.54         6      811    0.82  unknown    Tue 06:37  
[2J[Hsession planx_ms2: started Tue 03:50, budget ends Tue 07:20, now Tue 04:41:14, 3 runs x 4 threads
run           state                            it    s/it   mean mT   N_green  F $/vox   hours  expected   latest     
noise5        running                      42/150      58    114.46        12      349    0.83  unknown    Tue 06:23  
noise6        running                      49/150      50    159.00         1 4.94e+03    0.83  unknown    Tue 06:04  
noise7        running                      41/150      63    153.43         6      814    0.84  unknown    Tue 06:34  
[2J[Hsession planx_ms2: started Tue 03:50, budget ends Tue 07:20, now Tue 04:41:44, 3 runs x 4 threads
run           state                            it    s/it   mean mT   N_green  F $/vox   hours  expected   latest     
noise5        running                      43/150      54    116.35         1 4.19e+03    0.84  unknown    Tue 06:17  
noise6        running                      49/150      50    159.00         1 4.94e+03    0.83  unknown    Tue 06:04  
noise7        running                      41/150      63    153.43         6      814    0.84  unknown    Tue 06:34  
[2J[Hsession planx_ms2: started Tue 03:50, budget ends Tue 07:20, now Tue 04:42:14, 3 runs x 4 threads
run           state                            it    s/it   mean mT   N_green  F $/vox   hours  expected   latest     
noise5        running                      44/150      53    118.15         8      524    0.85  unknown    Tue 06:16  
noise6        running                      50/150      50    159.11         2 2.47e+03    0.85  unknown    Tue 06:05  
noise7        running                      42/150      61    155.30         6      817    0.85  unknown    Tue 06:30  
[2J[Hsession planx_ms2: started Tue 03:50, budget ends Tue 07:20, now Tue 04:42:44, 3 runs x 4 threads
run           state                            it    s/it   mean mT   N_green  F $/vox   hours  expected   latest     
noise5        running                      44/150      53    118.15         8      524    0.85  unknown    Tue 06:16  
noise6        running                      50/150      50    159.11         2 2.47e+03    0.85  unknown    Tue 06:05  
noise7        running                      43/150      59    157.14         6      820    0.86  unknown    Tue 06:28  
[2J[Hsession planx_ms2: started Tue 03:50, budget ends Tue 07:20, now Tue 04:43:14, 3 runs x 4 threads
run           state                            it    s/it   mean mT   N_green  F $/vox   hours  expected   latest     
noise5        running                      45/150      53    120.13         8      524    0.87  unknown    Tue 06:16  
noise6        running                      51/150      50    138.71         4 1.23e+03    0.87  unknown    Tue 06:04  
noise7        running                      43/150      59    157.14         6      820    0.86  unknown    Tue 06:28  
[2J[Hsession planx_ms2: started Tue 03:50, budget ends Tue 07:20, now Tue 04:43:44, 3 runs x 4 threads
run           state                            it    s/it   mean mT   N_green  F $/vox   hours  expected   latest     
noise5        running                      45/150      53    120.13         8      524    0.87  unknown    Tue 06:16  
noise6        running                      51/150      50    138.71         4 1.23e+03    0.87  unknown    Tue 06:04  
noise7        running                      44/150      59    159.23        16      309    0.88  unknown    Tue 06:28  
[2J[Hsession planx_ms2: started Tue 03:50, budget ends Tue 07:20, now Tue 04:44:14, 3 runs x 4 threads
run           state                            it    s/it   mean mT   N_green  F $/vox   hours  expected   latest     
noise5        running                      46/150      54    122.17         1  4.2e+03    0.89  unknown    Tue 06:17  
noise6        running                      52/150      50    140.49         2 2.47e+03    0.88  unknown    Tue 06:04  
noise7        running                      44/150      59    159.23        16      309    0.88  unknown    Tue 06:28  
[2J[Hsession planx_ms2: started Tue 03:50, budget ends Tue 07:20, now Tue 04:44:44, 3 runs x 4 threads
run           state                            it    s/it   mean mT   N_green  F $/vox   hours  expected   latest     
noise5        running                      46/150      54    122.17         1  4.2e+03    0.89  unknown    Tue 06:17  
noise6        running                      53/150      50    142.35         4 1.24e+03    0.90  unknown    Tue 06:04  
noise7        running                      44/150      59    159.23        16      309    0.88  unknown    Tue 06:28  
[2J[Hsession planx_ms2: started Tue 03:50, budget ends Tue 07:20, now Tue 04:45:14, 3 runs x 4 threads
run           state                            it    s/it   mean mT   N_green  F $/vox   hours  expected   latest     
noise5        running                      47/150      54    124.22         0      inf    0.90  unknown    Tue 06:17  
noise6        running                      53/150      50    142.35         4 1.24e+03    0.90  unknown    Tue 06:04  
noise7        running                      45/150      59    159.22       128     38.6    0.90  unknown    Tue 06:28  
[2J[Hsession planx_ms2: started Tue 03:50, budget ends Tue 07:20, now Tue 04:45:44, 3 runs x 4 threads
run           state                            it    s/it   mean mT   N_green  F $/vox   hours  expected   latest     
noise5        running                      47/150      54    124.22         0      inf    0.90  unknown    Tue 06:17  
noise6        running                      53/150      50    142.35         4 1.24e+03    0.90  unknown    Tue 06:04  
noise7        running                      45/150      59    159.22       128     38.6    0.90  unknown    Tue 06:28  
[2J[Hsession planx_ms2: started Tue 03:50, budget ends Tue 07:20, now Tue 04:46:14, 3 runs x 4 threads
run           state                            it    s/it   mean mT   N_green  F $/vox   hours  expected   latest     
noise5        running                      48/150      54    126.39         1  4.2e+03    0.92  unknown    Tue 06:17  
noise6        running                      54/150      50    144.17         5      997    0.92  unknown    Tue 06:05  
noise7        running                      46/150      59    159.22       136     36.3    0.92  unknown    Tue 06:27  
[2J[Hsession planx_ms2: started Tue 03:50, budget ends Tue 07:20, now Tue 04:46:44, 3 runs x 4 threads
run           state                            it    s/it   mean mT   N_green  F $/vox   hours  expected   latest     
noise5        running                      48/150      54    126.39         1  4.2e+03    0.92  unknown    Tue 06:17  
noise6        running                      54/150      50    144.17         5      997    0.92  unknown    Tue 06:05  
noise7        running                      46/150      59    159.22       136     36.3    0.92  unknown    Tue 06:27  
[2J[Hsession planx_ms2: started Tue 03:50, budget ends Tue 07:20, now Tue 04:47:14, 3 runs x 4 threads
run           state                            it    s/it   mean mT   N_green  F $/vox   hours  expected   latest     
noise5        running                      49/150      54    128.45         4 1.05e+03    0.94  unknown    Tue 06:17  
noise6        running                      55/150      50    146.22         4 1.25e+03    0.93  unknown    Tue 06:05  
noise7        running                      47/150      59    159.22       120     41.1    0.94  unknown    Tue 06:28  
[2J[Hsession planx_ms2: started Tue 03:50, budget ends Tue 07:20, now Tue 04:47:44, 3 runs x 4 threads
run           state                            it    s/it   mean mT   N_green  F $/vox   hours  expected   latest     
noise5        running                      49/150      54    128.45         4 1.05e+03    0.94  unknown    Tue 06:17  
noise6        running                      55/150      50    146.22         4 1.25e+03    0.93  unknown    Tue 06:05  
noise7        running                      47/150      59    159.22       120     41.1    0.94  unknown    Tue 06:28  
[2J[Hsession planx_ms2: started Tue 03:50, budget ends Tue 07:20, now Tue 04:48:14, 3 runs x 4 threads
run           state                            it    s/it   mean mT   N_green  F $/vox   hours  expected   latest     
noise5        running                      50/150      54    130.09         1 4.21e+03    0.95  unknown    Tue 06:17  
noise6        running                      56/150      50    148.27         6      837    0.95  unknown    Tue 06:06  
noise7        running                      48/150      59    159.22       128     38.5    0.96  unknown    Tue 06:28  
[2J[Hsession planx_ms2: started Tue 03:50, budget ends Tue 07:20, now Tue 04:48:44, 3 runs x 4 threads
run           state                            it    s/it   mean mT   N_green  F $/vox   hours  expected   latest     
noise5        running                      50/150      54    130.09         1 4.21e+03    0.95  unknown    Tue 06:17  
noise6        running                      56/150      50    148.27         6      837    0.95  unknown    Tue 06:06  
noise7        running                      48/150      59    159.22       128     38.5    0.96  unknown    Tue 06:28  
[2J[Hsession planx_ms2: started Tue 03:50, budget ends Tue 07:20, now Tue 04:49:14, 3 runs x 4 threads
run           state                            it    s/it   mean mT   N_green  F $/vox   hours  expected   latest     
noise5        running                      51/150      53    131.54         8      527    0.97  unknown    Tue 06:16  
noise6        running                      57/150      50    159.29         1 5.04e+03    0.97  unknown    Tue 06:06  
noise7        running                      49/150      56    159.23       128     38.4    0.97  unknown    Tue 06:23  
[2J[Hsession planx_ms2: started Tue 03:50, budget ends Tue 07:20, now Tue 04:49:44, 3 runs x 4 threads
run           state                            it    s/it   mean mT   N_green  F $/vox   hours  expected   latest     
noise5        running                      51/150      53    131.54         8      527    0.97  unknown    Tue 06:16  
noise6        running                      57/150      50    159.29         1 5.04e+03    0.97  unknown    Tue 06:06  
noise7        running                      49/150      56    159.23       128     38.4    0.97  unknown    Tue 06:23  
[2J[Hsession planx_ms2: started Tue 03:50, budget ends Tue 07:20, now Tue 04:50:14, 3 runs x 4 threads
run           state                            it    s/it   mean mT   N_green  F $/vox   hours  expected   latest     
noise5        running                      52/150      54    133.07         2 2.11e+03    0.98  unknown    Tue 06:17  
noise6        running                      58/150      50    159.25         1 5.04e+03    0.99  unknown    Tue 06:06  
noise7        running                      49/150      56    159.23       128     38.4    0.97  unknown    Tue 06:23  
[2J[Hsession planx_ms2: started Tue 03:50, budget ends Tue 07:20, now Tue 04:50:44, 3 runs x 4 threads
run           state                            it    s/it   mean mT   N_green  F $/vox   hours  expected   latest     
noise5        running                      52/150      54    133.07         2 2.11e+03    0.98  unknown    Tue 06:17  
noise6        running                      58/150      50    159.25         1 5.04e+03    0.99  unknown    Tue 06:06  
noise7        running                      50/150      59    159.22       128     38.4    0.99  unknown    Tue 06:28  
[2J[Hsession planx_ms2: started Tue 03:50, budget ends Tue 07:20, now Tue 04:51:14, 3 runs x 4 threads
run           state                            it    s/it   mean mT   N_green  F $/vox   hours  expected   latest     
noise5        running                      53/150      54    134.65         2 2.11e+03    1.00  unknown    Tue 06:18  
noise6        running                      59/150      50    149.90         6      841    1.00  unknown    Tue 06:06  
noise7        running                      50/150      59    159.22       128     38.4    0.99  unknown    Tue 06:28  
[2J[Hsession planx_ms2: started Tue 03:50, budget ends Tue 07:20, now Tue 04:51:44, 3 runs x 4 threads
run           state                            it    s/it   mean mT   N_green  F $/vox   hours  expected   latest     
noise5        running                      53/150      54    134.65         2 2.11e+03    1.00  unknown    Tue 06:18  
noise6        running                      59/150      50    149.90         6      841    1.00  unknown    Tue 06:06  
noise7        running                      51/150      61    159.22       128     38.4    1.01  unknown    Tue 06:32  
[2J[Hsession planx_ms2: started Tue 03:50, budget ends Tue 07:20, now Tue 04:52:14, 3 runs x 4 threads
run           state                            it    s/it   mean mT   N_green  F $/vox   hours  expected   latest     
noise5        running                      54/150      55    136.19         3 1.41e+03    1.02  unknown    Tue 06:19  
noise6        running                      60/150      50    159.33         2 2.53e+03    1.02  unknown    Tue 06:06  
noise7        running                      51/150      61    159.22       128     38.4    1.01  unknown    Tue 06:32  
[2J[Hsession planx_ms2: started Tue 03:50, budget ends Tue 07:20, now Tue 04:52:44, 3 runs x 4 threads
run           state                            it    s/it   mean mT   N_green  F $/vox   hours  expected   latest     
noise5        running                      54/150      55    136.19         3 1.41e+03    1.02  unknown    Tue 06:19  
noise6        running                      60/150      50    159.33         2 2.53e+03    1.02  unknown    Tue 06:06  
noise7        running                      52/150      61    159.22       128     38.4    1.03  unknown    Tue 06:32  
[2J[Hsession planx_ms2: started Tue 03:50, budget ends Tue 07:20, now Tue 04:53:14, 3 runs x 4 threads
run           state                            it    s/it   mean mT   N_green  F $/vox   hours  expected   latest     
noise5        running                      55/150      55    159.17         2 2.12e+03    1.03  unknown    Tue 06:19  
noise6        running                      61/150      51    159.18         2 2.52e+03    1.03  unknown    Tue 06:08  
noise7        running                      52/150      61    159.22       128     38.4    1.03  unknown    Tue 06:32  
[2J[Hsession planx_ms2: started Tue 03:50, budget ends Tue 07:20, now Tue 04:53:44, 3 runs x 4 threads
run           state                            it    s/it   mean mT   N_green  F $/vox   hours  expected   latest     
noise5        running                      55/150      55    159.17         2 2.12e+03    1.03  unknown    Tue 06:19  
noise6        running                      61/150      51    159.18         2 2.52e+03    1.03  unknown    Tue 06:08  
noise7        running                      53/150      61    159.22       128     38.4    1.05  unknown    Tue 06:32  
[2J[Hsession planx_ms2: started Tue 03:50, budget ends Tue 07:20, now Tue 04:54:14, 3 runs x 4 threads
run           state                            it    s/it   mean mT   N_green  F $/vox   hours  expected   latest     
noise5        running                      56/150      55    159.09         2 2.12e+03    1.05  unknown    Tue 06:19  
noise6        running                      62/150      52    159.20         2 2.52e+03    1.05  unknown    Tue 06:09  
noise7        running                      53/150      61    159.22       128     38.4    1.05  unknown    Tue 06:32  
[2J[Hsession planx_ms2: started Tue 03:50, budget ends Tue 07:20, now Tue 04:54:44, 3 runs x 4 threads
run           state                            it    s/it   mean mT   N_green  F $/vox   hours  expected   latest     
noise5        running                      56/150      55    159.09         2 2.12e+03    1.05  unknown    Tue 06:19  
noise6        running                      63/150      52    151.09         1 5.04e+03    1.06  unknown    Tue 06:09  
noise7        running                      53/150      61    159.22       128     38.4    1.05  unknown    Tue 06:32  
[2J[Hsession planx_ms2: started Tue 03:50, budget ends Tue 07:20, now Tue 04:55:15, 3 runs x 4 threads
run           state                            it    s/it   mean mT   N_green  F $/vox   hours  expected   latest     
noise5        running                      56/150      55    159.09         2 2.12e+03    1.05  unknown    Tue 06:19  
noise6        running                      63/150      52    151.09         1 5.04e+03    1.06  unknown    Tue 06:09  
noise7        running                      54/150      61    159.22       128     38.3    1.07  unknown    Tue 06:32  
[2J[Hsession planx_ms2: started Tue 03:50, budget ends Tue 07:20, now Tue 04:55:45, 3 runs x 4 threads
run           state                            it    s/it   mean mT   N_green  F $/vox   hours  expected   latest     
noise5        running                      56/150      55    159.09         2 2.12e+03    1.05  unknown    Tue 06:19  
noise6        running                      64/150      54    159.24         1 5.06e+03    1.08  unknown    Tue 06:13  
noise7        running                      54/150      61    159.22       128     38.3    1.07  unknown    Tue 06:32  
[2J[Hsession planx_ms2: started Tue 03:50, budget ends Tue 07:20, now Tue 04:56:15, 3 runs x 4 threads
run           state                            it    s/it   mean mT   N_green  F $/vox   hours  expected   latest     
noise5        running                      56/150      55    159.09         2 2.12e+03    1.05  unknown    Tue 06:19  
noise6        running                      64/150      54    159.24         1 5.06e+03    1.08  unknown    Tue 06:13  
noise7        running                      55/150      60    159.22       128     38.3    1.08  unknown    Tue 06:31  
[2J[Hsession planx_ms2: started Tue 03:50, budget ends Tue 07:20, now Tue 04:56:45, 3 runs x 4 threads
run           state                            it    s/it   mean mT   N_green  F $/vox   hours  expected   latest     
noise5        running                      56/150      55    159.09         2 2.12e+03    1.05  unknown    Tue 06:19  
noise6        running                      64/150      54    159.24         1 5.06e+03    1.08  unknown    Tue 06:13  
noise7        running                      55/150      60    159.22       128     38.3    1.08  unknown    Tue 06:31  
[2J[Hsession planx_ms2: started Tue 03:50, budget ends Tue 07:20, now Tue 04:57:15, 3 runs x 4 threads
run           state                            it    s/it   mean mT   N_green  F $/vox   hours  expected   latest     
noise5        running                      56/150      55    159.09         2 2.12e+03    1.05  unknown    Tue 06:19  
noise6        running                      65/150      54    159.29         1 5.06e+03    1.11  unknown    Tue 06:13  
noise7        running                      56/150      61    159.22       128     38.3    1.10  unknown    Tue 06:32  
[2J[Hsession planx_ms2: started Tue 03:50, budget ends Tue 07:20, now Tue 04:57:45, 3 runs x 4 threads
run           state                            it    s/it   mean mT   N_green  F $/vox   hours  expected   latest     
noise5        running                      56/150      55    159.09         2 2.12e+03    1.05  unknown    Tue 06:19  
noise6        running                      65/150      54    159.29         1 5.06e+03    1.11  unknown    Tue 06:13  
noise7        running                      56/150      61    159.22       128     38.3    1.10  unknown    Tue 06:32  
[2J[Hsession planx_ms2: started Tue 03:50, budget ends Tue 07:20, now Tue 04:58:15, 3 runs x 4 threads
run           state                            it    s/it   mean mT   N_green  F $/vox   hours  expected   latest     
noise5        running                      56/150      55    159.09         2 2.12e+03    1.05  unknown    Tue 06:19  
noise6        running                      65/150      54    159.29         1 5.06e+03    1.11  unknown    Tue 06:13  
noise7        running                      57/150      61    159.22       128     38.3    1.12  unknown    Tue 06:33  
[2J[Hsession planx_ms2: started Tue 03:50, budget ends Tue 07:20, now Tue 04:58:45, 3 runs x 4 threads
run           state                            it    s/it   mean mT   N_green  F $/vox   hours  expected   latest     
noise5        running                      56/150      55    159.09         2 2.12e+03    1.05  unknown    Tue 06:19  
noise6        running                      66/150      56    159.01         2 2.53e+03    1.12  unknown    Tue 06:16  
noise7        running                      57/150      61    159.22       128     38.3    1.12  unknown    Tue 06:33  
[2J[Hsession planx_ms2: started Tue 03:50, budget ends Tue 07:20, now Tue 04:59:15, 3 runs x 4 threads
run           state                            it    s/it   mean mT   N_green  F $/vox   hours  expected   latest     
noise5        running                      58/150      55    159.13         2 2.12e+03    1.14  unknown    Tue 06:22  
noise6        running                      67/150      56    159.11         2 2.52e+03    1.14  unknown    Tue 06:16  
noise7        running                      58/150      61    159.23       128     38.3    1.14  unknown    Tue 06:33  
[2J[Hsession planx_ms2: started Tue 03:50, budget ends Tue 07:20, now Tue 04:59:45, 3 runs x 4 threads
run           state                            it    s/it   mean mT   N_green  F $/vox   hours  expected   latest     
noise5        running                      58/150      55    159.13         2 2.12e+03    1.14  unknown    Tue 06:22  
noise6        running                      67/150      56    159.11         2 2.52e+03    1.14  unknown    Tue 06:16  
noise7        running                      58/150      61    159.23       128     38.3    1.14  unknown    Tue 06:33  
[2J[Hsession planx_ms2: started Tue 03:50, budget ends Tue 07:20, now Tue 05:00:15, 3 runs x 4 threads
run           state                            it    s/it   mean mT   N_green  F $/vox   hours  expected   latest     
noise5        running                      59/150      55    159.11         2 2.12e+03    1.15  unknown    Tue 06:22  
noise6        running                      67/150      56    159.11         2 2.52e+03    1.14  unknown    Tue 06:16  
noise7        running                      59/150      61    159.22       136       36    1.15  unknown    Tue 06:33  
[2J[Hsession planx_ms2: started Tue 03:50, budget ends Tue 07:20, now Tue 05:00:45, 3 runs x 4 threads
run           state                            it    s/it   mean mT   N_green  F $/vox   hours  expected   latest     
noise5        running                      59/150      55    159.11         2 2.12e+03    1.15  unknown    Tue 06:22  
noise6        running                      68/150      56    159.10         2 2.52e+03    1.17  unknown    Tue 06:17  
noise7        running                      59/150      61    159.22       136       36    1.15  unknown    Tue 06:33  
[2J[Hsession planx_ms2: started Tue 03:50, budget ends Tue 07:20, now Tue 05:01:15, 3 runs x 4 threads
run           state                            it    s/it   mean mT   N_green  F $/vox   hours  expected   latest     
noise5        running                      60/150      55    159.09         2 2.12e+03    1.17  unknown    Tue 06:22  
noise6        running                      68/150      56    159.10         2 2.52e+03    1.17  unknown    Tue 06:17  
noise7        running                      60/150      61    159.23       136       36    1.17  unknown    Tue 06:33  
[2J[Hsession planx_ms2: started Tue 03:50, budget ends Tue 07:20, now Tue 05:01:45, 3 runs x 4 threads
run           state                            it    s/it   mean mT   N_green  F $/vox   hours  expected   latest     
noise5        running                      60/150      55    159.09         2 2.12e+03    1.17  unknown    Tue 06:22  
noise6        running                      68/150      56    159.10         2 2.52e+03    1.17  unknown    Tue 06:17  
noise7        running                      60/150      61    159.23       136       36    1.17  unknown    Tue 06:33  
[2J[Hsession planx_ms2: started Tue 03:50, budget ends Tue 07:20, now Tue 05:02:15, 3 runs x 4 threads
run           state                            it    s/it   mean mT   N_green  F $/vox   hours  expected   latest     
noise5        running                      60/150      55    159.09         2 2.12e+03    1.17  unknown    Tue 06:22  
noise6        running                      69/150      56    159.04         2 2.52e+03    1.18  unknown    Tue 06:17  
noise7        running                      60/150      61    159.23       136       36    1.17  unknown    Tue 06:33  
[2J[Hsession planx_ms2: started Tue 03:50, budget ends Tue 07:20, now Tue 05:02:45, 3 runs x 4 threads
run           state                            it    s/it   mean mT   N_green  F $/vox   hours  expected   latest     
noise5        running                      60/150      55    159.09         2 2.12e+03    1.17  unknown    Tue 06:22  
noise6        running                      69/150      56    159.04         2 2.52e+03    1.18  unknown    Tue 06:17  
noise7        running                      61/150      61    159.23       136       36    1.19  unknown    Tue 06:33  
[2J[Hsession planx_ms2: started Tue 03:50, budget ends Tue 07:20, now Tue 05:03:15, 3 runs x 4 threads
run           state                            it    s/it   mean mT   N_green  F $/vox   hours  expected   latest     
noise5        running                      61/150      56    159.11         2 2.12e+03    1.20  unknown    Tue 06:26  
noise6        running                      70/150      59    159.08         2 2.52e+03    1.20  unknown    Tue 06:20  
noise7        running                      61/150      61    159.23       136       36    1.19  unknown    Tue 06:33  
[2J[Hsession planx_ms2: started Tue 03:50, budget ends Tue 07:20, now Tue 05:03:45, 3 runs x 4 threads
run           state                            it    s/it   mean mT   N_green  F $/vox   hours  expected   latest     
noise5        running                      61/150      56    159.11         2 2.12e+03    1.20  unknown    Tue 06:26  
noise6        running                      70/150      59    159.08         2 2.52e+03    1.20  unknown    Tue 06:20  
noise7        running                      62/150      61    159.23       136     35.9    1.21  unknown    Tue 06:33  
[2J[Hsession planx_ms2: started Tue 03:50, budget ends Tue 07:20, now Tue 05:04:15, 3 runs x 4 threads
run           state                            it    s/it   mean mT   N_green  F $/vox   hours  expected   latest     
noise5        running                      62/150      55    159.11         2 2.12e+03    1.22  unknown    Tue 06:24  
noise6        running                      70/150      59    159.08         2 2.52e+03    1.20  unknown    Tue 06:20  
noise7        running                      62/150      61    159.23       136     35.9    1.21  unknown    Tue 06:33  
[2J[Hsession planx_ms2: started Tue 03:50, budget ends Tue 07:20, now Tue 05:04:45, 3 runs x 4 threads
run           state                            it    s/it   mean mT   N_green  F $/vox   hours  expected   latest     
noise5        running                      62/150      55    159.11         2 2.12e+03    1.22  unknown    Tue 06:24  
noise6        running                      71/150      59    159.30         1 5.03e+03    1.23  unknown    Tue 06:21  
noise7        running                      63/150      61    159.22       144     33.9    1.22  unknown    Tue 06:32  
[2J[Hsession planx_ms2: started Tue 03:50, budget ends Tue 07:20, now Tue 05:05:15, 3 runs x 4 threads
run           state                            it    s/it   mean mT   N_green  F $/vox   hours  expected   latest     
noise5        running                      63/150      56    159.10         2 2.12e+03    1.23  unknown    Tue 06:26  
noise6        running                      71/150      59    159.30         1 5.03e+03    1.23  unknown    Tue 06:21  
noise7        running                      63/150      61    159.22       144     33.9    1.22  unknown    Tue 06:32  
[2J[Hsession planx_ms2: started Tue 03:50, budget ends Tue 07:20, now Tue 05:05:45, 3 runs x 4 threads
run           state                            it    s/it   mean mT   N_green  F $/vox   hours  expected   latest     
noise5        running                      63/150      56    159.10         2 2.12e+03    1.23  unknown    Tue 06:26  
noise6        running                      71/150      59    159.30         1 5.03e+03    1.23  unknown    Tue 06:21  
noise7        running                      64/150      61    159.22       136     35.9    1.24  unknown    Tue 06:33  
[2J[Hsession planx_ms2: started Tue 03:50, budget ends Tue 07:20, now Tue 05:06:15, 3 runs x 4 threads
run           state                            it    s/it   mean mT   N_green  F $/vox   hours  expected   latest     
noise5        running                      64/150      56    159.10         2 2.12e+03    1.25  unknown    Tue 06:26  
noise6        running                      71/150      59    159.30         1 5.03e+03    1.23  unknown    Tue 06:21  
noise7        running                      64/150      61    159.22       136     35.9    1.24  unknown    Tue 06:33  
[2J[Hsession planx_ms2: started Tue 03:50, budget ends Tue 07:20, now Tue 05:06:45, 3 runs x 4 threads
run           state                            it    s/it   mean mT   N_green  F $/vox   hours  expected   latest     
noise5        running                      64/150      56    159.10         2 2.12e+03    1.25  unknown    Tue 06:26  
noise6        running                      72/150      59    159.33         1 5.03e+03    1.26  unknown    Tue 06:22  
noise7        running                      64/150      61    159.22       136     35.9    1.24  unknown    Tue 06:33  
[2J[Hsession planx_ms2: started Tue 03:50, budget ends Tue 07:20, now Tue 05:07:15, 3 runs x 4 threads
run           state                            it    s/it   mean mT   N_green  F $/vox   hours  expected   latest     
noise5        running                      64/150      56    159.10         2 2.12e+03    1.25  unknown    Tue 06:26  
noise6        running                      72/150      59    159.33         1 5.03e+03    1.26  unknown    Tue 06:22  
noise7        running                      65/150      61    159.22       136     35.9    1.27  unknown    Tue 06:33  
[2J[Hsession planx_ms2: started Tue 03:50, budget ends Tue 07:20, now Tue 05:07:45, 3 runs x 4 threads
run           state                            it    s/it   mean mT   N_green  F $/vox   hours  expected   latest     
noise5        running                      64/150      56    159.10         2 2.12e+03    1.25  unknown    Tue 06:26  
noise6        running                      72/150      59    159.33         1 5.03e+03    1.26  unknown    Tue 06:22  
noise7        running                      65/150      61    159.22       136     35.9    1.27  unknown    Tue 06:33  
[2J[Hsession planx_ms2: started Tue 03:50, budget ends Tue 07:20, now Tue 05:08:15, 3 runs x 4 threads
run           state                            it    s/it   mean mT   N_green  F $/vox   hours  expected   latest     
noise5        running                      64/150      56    159.10         2 2.12e+03    1.25  unknown    Tue 06:26  
noise6        running                      73/150      61    159.01         2 2.51e+03    1.29  unknown    Tue 06:26  
noise7        running                      66/150      61    159.22       144     33.8    1.29  unknown    Tue 06:34  
[2J[Hsession planx_ms2: started Tue 03:50, budget ends Tue 07:20, now Tue 05:08:45, 3 runs x 4 threads
run           state                            it    s/it   mean mT   N_green  F $/vox   hours  expected   latest     
noise5        running                      64/150      56    159.10         2 2.12e+03    1.25  unknown    Tue 06:26  
noise6        running                      73/150      61    159.01         2 2.51e+03    1.29  unknown    Tue 06:26  
noise7        running                      66/150      61    159.22       144     33.8    1.29  unknown    Tue 06:34  
[2J[Hsession planx_ms2: started Tue 03:50, budget ends Tue 07:20, now Tue 05:09:15, 3 runs x 4 threads
run           state                            it    s/it   mean mT   N_green  F $/vox   hours  expected   latest     
noise5        running                      64/150      56    159.10         2 2.12e+03    1.25  unknown    Tue 06:26  
noise6        running                      73/150      61    159.01         2 2.51e+03    1.29  unknown    Tue 06:26  
noise7        running                      66/150      61    159.22       144     33.8    1.29  unknown    Tue 06:34  
[2J[Hsession planx_ms2: started Tue 03:50, budget ends Tue 07:20, now Tue 05:09:45, 3 runs x 4 threads
run           state                            it    s/it   mean mT   N_green  F $/vox   hours  expected   latest     
noise5        running                      64/150      56    159.10         2 2.12e+03    1.25  unknown    Tue 06:26  
noise6        running                      73/150      61    159.01         2 2.51e+03    1.29  unknown    Tue 06:26  
noise7        running                      66/150      61    159.22       144     33.8    1.29  unknown    Tue 06:34  
[2J[Hsession planx_ms2: started Tue 03:50, budget ends Tue 07:20, now Tue 05:10:15, 3 runs x 4 threads
run           state                            it    s/it   mean mT   N_green  F $/vox   hours  expected   latest     
noise5        running                      64/150      56    159.10         2 2.12e+03    1.25  unknown    Tue 06:26  
noise6        running                      74/150      61    159.01         2 2.51e+03    1.32  unknown    Tue 06:27  
noise7        running                      67/150      62    159.22       136     35.7    1.32  unknown    Tue 06:35  
[2J[Hsession planx_ms2: started Tue 03:50, budget ends Tue 07:20, now Tue 05:10:45, 3 runs x 4 threads
run           state                            it    s/it   mean mT   N_green  F $/vox   hours  expected   latest     
noise5        running                      64/150      56    159.10         2 2.12e+03    1.25  unknown    Tue 06:26  
noise6        running                      74/150      61    159.01         2 2.51e+03    1.32  unknown    Tue 06:27  
noise7        running                      67/150      62    159.22       136     35.7    1.32  unknown    Tue 06:35  
[2J[Hsession planx_ms2: started Tue 03:50, budget ends Tue 07:20, now Tue 05:11:15, 3 runs x 4 threads
run           state                            it    s/it   mean mT   N_green  F $/vox   hours  expected   latest     
noise5        running                      64/150      56    159.10         2 2.12e+03    1.25  unknown    Tue 06:26  
noise6        running                      75/150      62    159.33         1 5.02e+03    1.34  unknown    Tue 06:28  
noise7        running                      68/150      63    159.21       136     35.7    1.34  unknown    Tue 06:37  
[2J[Hsession planx_ms2: started Tue 03:50, budget ends Tue 07:20, now Tue 05:11:45, 3 runs x 4 threads
run           state                            it    s/it   mean mT   N_green  F $/vox   hours  expected   latest     
noise5        running                      64/150      56    159.10         2 2.12e+03    1.25  unknown    Tue 06:26  
noise6        running                      75/150      62    159.33         1 5.02e+03    1.34  unknown    Tue 06:28  
noise7        running                      68/150      63    159.21       136     35.7    1.34  unknown    Tue 06:37  
[2J[Hsession planx_ms2: started Tue 03:50, budget ends Tue 07:20, now Tue 05:12:15, 3 runs x 4 threads
run           state                            it    s/it   mean mT   N_green  F $/vox   hours  expected   latest     
noise5        running                      64/150      56    159.10         2 2.12e+03    1.25  unknown    Tue 06:26  
noise6        running                      75/150      62    159.33         1 5.02e+03    1.34  unknown    Tue 06:28  
noise7        running                      68/150      63    159.21       136     35.7    1.34  unknown    Tue 06:37  
[2J[Hsession planx_ms2: started Tue 03:50, budget ends Tue 07:20, now Tue 05:12:45, 3 runs x 4 threads
run           state                            it    s/it   mean mT   N_green  F $/vox   hours  expected   latest     
noise5        running                      64/150      56    159.10         2 2.12e+03    1.25  unknown    Tue 06:26  
noise6        running                      75/150      62    159.33         1 5.02e+03    1.34  unknown    Tue 06:28  
noise7        running                      68/150      63    159.21       136     35.7    1.34  unknown    Tue 06:37  
[2J[Hsession planx_ms2: started Tue 03:50, budget ends Tue 07:20, now Tue 05:13:15, 3 runs x 4 threads
run           state                            it    s/it   mean mT   N_green  F $/vox   hours  expected   latest     
noise5        running                      64/150      56    159.10         2 2.12e+03    1.25  unknown    Tue 06:26  
noise6        running                      75/150      62    159.33         1 5.02e+03    1.34  unknown    Tue 06:28  
noise7        running                      69/150      63    159.21       136     35.7    1.37  unknown    Tue 06:37  
[2J[Hsession planx_ms2: started Tue 03:50, budget ends Tue 07:20, now Tue 05:13:45, 3 runs x 4 threads
run           state                            it    s/it   mean mT   N_green  F $/vox   hours  expected   latest     
noise5        running                      64/150      56    159.10         2 2.12e+03    1.25  unknown    Tue 06:26  
noise6        running                      75/150      62    159.33         1 5.02e+03    1.34  unknown    Tue 06:28  
noise7        running                      69/150      63    159.21       136     35.7    1.37  unknown    Tue 06:37  
[2J[Hsession planx_ms2: started Tue 03:50, budget ends Tue 07:20, now Tue 05:14:15, 3 runs x 4 threads
run           state                            it    s/it   mean mT   N_green  F $/vox   hours  expected   latest     
noise5        running                      64/150      56    159.10         2 2.12e+03    1.25  unknown    Tue 06:26  
noise6        running                      75/150      62    159.33         1 5.02e+03    1.34  unknown    Tue 06:28  
noise7        running                      69/150      63    159.21       136     35.7    1.37  unknown    Tue 06:37  
[2J[Hsession planx_ms2: started Tue 03:50, budget ends Tue 07:20, now Tue 05:14:45, 3 runs x 4 threads
run           state                            it    s/it   mean mT   N_green  F $/vox   hours  expected   latest     
noise5        finished: no descent step    64/150      56    159.10         2 2.12e+03    1.40  unknown    Tue 06:35  
noise6        running                      75/150      62    159.33         1 5.02e+03    1.34  unknown    Tue 06:28  
noise7        running                      70/150      66    159.18       400     12.1    1.39  unknown    Tue 06:42  
[2J[Hsession planx_ms2: started Tue 03:50, budget ends Tue 07:20, now Tue 05:15:15, 3 runs x 4 threads
run           state                            it    s/it   mean mT   N_green  F $/vox   hours  expected   latest     
noise5        finished: no descent step    64/150      56    159.10         2 2.12e+03    1.40  unknown    Tue 06:35  
noise6        running                      75/150      62    159.33         1 5.02e+03    1.34  unknown    Tue 06:28  
noise7        running                      70/150      66    159.18       400     12.1    1.39  unknown    Tue 06:42  
[2J[Hsession planx_ms2: started Tue 03:50, budget ends Tue 07:20, now Tue 05:15:45, 3 runs x 4 threads
run           state                            it    s/it   mean mT   N_green  F $/vox   hours  expected   latest     
noise5        finished: no descent step    64/150      56    159.10         2 2.12e+03    1.40  unknown    Tue 06:35  
noise6        running                      75/150      62    159.33         1 5.02e+03    1.34  unknown    Tue 06:28  
noise7        running                      71/150      67    159.19       416     11.6    1.41  unknown    Tue 06:44  
[2J[Hsession planx_ms2: started Tue 03:50, budget ends Tue 07:20, now Tue 05:16:15, 3 runs x 4 threads
run           state                            it    s/it   mean mT   N_green  F $/vox   hours  expected   latest     
noise5        finished: no descent step    64/150      56    159.10         2 2.12e+03    1.40  unknown    Tue 06:35  
noise6        running                      75/150      62    159.33         1 5.02e+03    1.34  unknown    Tue 06:28  
noise7        running                      71/150      67    159.19       416     11.6    1.41  unknown    Tue 06:44  
[2J[Hsession planx_ms2: started Tue 03:50, budget ends Tue 07:20, now Tue 05:16:45, 3 runs x 4 threads
run           state                            it    s/it   mean mT   N_green  F $/vox   hours  expected   latest     
noise5        finished: no descent step    64/150      56    159.10         2 2.12e+03    1.40  unknown    Tue 06:35  
noise6        running                      75/150      62    159.33         1 5.02e+03    1.34  unknown    Tue 06:28  
noise7        running                      72/150      67    159.20       424     11.4    1.43  unknown    Tue 06:43  
[2J[Hsession planx_ms2: started Tue 03:50, budget ends Tue 07:20, now Tue 05:17:15, 3 runs x 4 threads
run           state                            it    s/it   mean mT   N_green  F $/vox   hours  expected   latest     
noise5        finished: no descent step    64/150      56    159.10         2 2.12e+03    1.40  unknown    Tue 06:35  
noise6        running                      75/150      62    159.33         1 5.02e+03    1.34  unknown    Tue 06:28  
noise7        running                      72/150      67    159.20       424     11.4    1.43  unknown    Tue 06:43  
[2J[Hsession planx_ms2: started Tue 03:50, budget ends Tue 07:20, now Tue 05:17:45, 3 runs x 4 threads
run           state                            it    s/it   mean mT   N_green  F $/vox   hours  expected   latest     
noise5        finished: no descent step    64/150      56    159.10         2 2.12e+03    1.40  unknown    Tue 06:35  
noise6        running                      75/150      62    159.33         1 5.02e+03    1.34  unknown    Tue 06:28  
noise7        running                      73/150      67    159.21       432     11.2    1.44  unknown    Tue 06:43  
[2J[Hsession planx_ms2: started Tue 03:50, budget ends Tue 07:20, now Tue 05:18:15, 3 runs x 4 threads
run           state                            it    s/it   mean mT   N_green  F $/vox   hours  expected   latest     
noise5        finished: no descent step    64/150      56    159.10         2 2.12e+03    1.40  unknown    Tue 06:35  
noise6        running                      75/150      62    159.33         1 5.02e+03    1.34  unknown    Tue 06:28  
noise7        running                      73/150      67    159.21       432     11.2    1.44  unknown    Tue 06:43  
[2J[Hsession planx_ms2: started Tue 03:50, budget ends Tue 07:20, now Tue 05:18:45, 3 runs x 4 threads
run           state                            it    s/it   mean mT   N_green  F $/vox   hours  expected   latest     
noise5        finished: no descent step    64/150      56    159.10         2 2.12e+03    1.40  unknown    Tue 06:35  
noise6        running                      75/150      62    159.33         1 5.02e+03    1.34  unknown    Tue 06:28  
noise7        running                      74/150      67    159.21       432     11.1    1.46  unknown    Tue 06:43  
[2J[Hsession planx_ms2: started Tue 03:50, budget ends Tue 07:20, now Tue 05:19:15, 3 runs x 4 threads
run           state                            it    s/it   mean mT   N_green  F $/vox   hours  expected   latest     
noise5        finished: no descent step    64/150      56    159.10         2 2.12e+03    1.40  unknown    Tue 06:35  
noise6        running                      75/150      62    159.33         1 5.02e+03    1.34  unknown    Tue 06:28  
noise7        running                      74/150      67    159.21       432     11.1    1.46  unknown    Tue 06:43  
[2J[Hsession planx_ms2: started Tue 03:50, budget ends Tue 07:20, now Tue 05:19:45, 3 runs x 4 threads
run           state                            it    s/it   mean mT   N_green  F $/vox   hours  expected   latest     
noise5        finished: no descent step    64/150      56    159.10         2 2.12e+03    1.40  unknown    Tue 06:35  
noise6        running                      75/150      62    159.33         1 5.02e+03    1.34  unknown    Tue 06:28  
noise7        running                      75/150      67    159.21       432     11.1    1.48  unknown    Tue 06:43  
[2J[Hsession planx_ms2: started Tue 03:50, budget ends Tue 07:20, now Tue 05:20:15, 3 runs x 4 threads
run           state                            it    s/it   mean mT   N_green  F $/vox   hours  expected   latest     
noise5        finished: no descent step    64/150      56    159.10         2 2.12e+03    1.40  unknown    Tue 06:35  
noise6        running                      78/150      63    159.33         1 5.02e+03    1.48  unknown    Tue 06:35  
noise7        running                      75/150      67    159.21       432     11.1    1.48  unknown    Tue 06:43  
[2J[Hsession planx_ms2: started Tue 03:50, budget ends Tue 07:20, now Tue 05:20:45, 3 runs x 4 threads
run           state                            it    s/it   mean mT   N_green  F $/vox   hours  expected   latest     
noise5        finished: no descent step    64/150      56    159.10         2 2.12e+03    1.40  unknown    Tue 06:35  
noise6        running                      79/150      63    159.34         1 5.02e+03    1.50  unknown    Tue 06:34  
noise7        running                      76/150      67    159.21       432     11.1    1.49  unknown    Tue 06:43  
[2J[Hsession planx_ms2: started Tue 03:50, budget ends Tue 07:20, now Tue 05:21:15, 3 runs x 4 threads
run           state                            it    s/it   mean mT   N_green  F $/vox   hours  expected   latest     
noise5        finished: no descent step    64/150      56    159.10         2 2.12e+03    1.40  unknown    Tue 06:35  
noise6        running                      80/150      63    159.34         1 5.02e+03    1.51  unknown    Tue 06:34  
noise7        running                      77/150      67    159.21       416     11.6    1.50  unknown    Tue 06:42  
[2J[Hsession planx_ms2: started Tue 03:50, budget ends Tue 07:20, now Tue 05:21:45, 3 runs x 4 threads
run           state                            it    s/it   mean mT   N_green  F $/vox   hours  expected   latest     
noise5        finished: no descent step    64/150      56    159.10         2 2.12e+03    1.40  unknown    Tue 06:35  
noise6        running                      80/150      63    159.34         1 5.02e+03    1.51  unknown    Tue 06:34  
noise7        running                      77/150      67    159.21       416     11.6    1.50  unknown    Tue 06:42  
[2J[Hsession planx_ms2: started Tue 03:50, budget ends Tue 07:20, now Tue 05:22:15, 3 runs x 4 threads
run           state                            it    s/it   mean mT   N_green  F $/vox   hours  expected   latest     
noise5        finished: no descent step    64/150      56    159.10         2 2.12e+03    1.40  unknown    Tue 06:35  
noise6        running                      81/150      63    159.34         1 5.02e+03    1.52  unknown    Tue 06:34  
noise7        running                      78/150      67    159.21       416     11.5    1.52  unknown    Tue 06:42  
[2J[Hsession planx_ms2: started Tue 03:50, budget ends Tue 07:20, now Tue 05:22:45, 3 runs x 4 threads
run           state                            it    s/it   mean mT   N_green  F $/vox   hours  expected   latest     
noise5        finished: no descent step    64/150      56    159.10         2 2.12e+03    1.40  unknown    Tue 06:35  
noise6        running                      81/150      63    159.34         1 5.02e+03    1.52  unknown    Tue 06:34  
noise7        running                      79/150      57    159.21       440     10.9    1.53  unknown    Tue 06:30  
[2J[Hsession planx_ms2: started Tue 03:50, budget ends Tue 07:20, now Tue 05:23:15, 3 runs x 4 threads
run           state                            it    s/it   mean mT   N_green  F $/vox   hours  expected   latest     
noise5        finished: no descent step    64/150      56    159.10         2 2.12e+03    1.40  unknown    Tue 06:35  
noise6        running                      82/150      62    159.34         1 5.02e+03    1.54  unknown    Tue 06:32  
noise7        running                      79/150      57    159.21       440     10.9    1.53  unknown    Tue 06:30  
[2J[Hsession planx_ms2: started Tue 03:50, budget ends Tue 07:20, now Tue 05:23:45, 3 runs x 4 threads
run           state                            it    s/it   mean mT   N_green  F $/vox   hours  expected   latest     
noise5        finished: no descent step    64/150      56    159.10         2 2.12e+03    1.40  unknown    Tue 06:35  
noise6        running                      83/150      62    159.35         1 5.02e+03    1.55  unknown    Tue 06:32  
noise7        running                      80/150      57    159.21       440     10.9    1.54  unknown    Tue 06:29  
[2J[Hsession planx_ms2: started Tue 03:50, budget ends Tue 07:20, now Tue 05:24:15, 3 runs x 4 threads
run           state                            it    s/it   mean mT   N_green  F $/vox   hours  expected   latest     
noise5        finished: no descent step    64/150      56    159.10         2 2.12e+03    1.40  unknown    Tue 06:35  
noise6        running                      83/150      62    159.35         1 5.02e+03    1.55  unknown    Tue 06:32  
noise7        running                      81/150      52    159.21       448     10.7    1.55  unknown    Tue 06:24  
[2J[Hsession planx_ms2: started Tue 03:50, budget ends Tue 07:20, now Tue 05:24:45, 3 runs x 4 threads
run           state                            it    s/it   mean mT   N_green  F $/vox   hours  expected   latest     
noise5        finished: no descent step    64/150      56    159.10         2 2.12e+03    1.40  unknown    Tue 06:35  
noise6        running                      83/150      62    159.35         1 5.02e+03    1.55  unknown    Tue 06:32  
noise7        running                      81/150      52    159.21       448     10.7    1.55  unknown    Tue 06:24  
[2J[Hsession planx_ms2: started Tue 03:50, budget ends Tue 07:20, now Tue 05:25:15, 3 runs x 4 threads
run           state                            it    s/it   mean mT   N_green  F $/vox   hours  expected   latest     
noise5        finished: no descent step    64/150      56    159.10         2 2.12e+03    1.40  unknown    Tue 06:35  
noise6        running                      84/150      63    159.33         1 5.02e+03    1.57  unknown    Tue 06:33  
noise7        running                      82/150      51    159.21       440     10.9    1.57  unknown    Tue 06:23  
[2J[Hsession planx_ms2: started Tue 03:50, budget ends Tue 07:20, now Tue 05:25:45, 3 runs x 4 threads
run           state                            it    s/it   mean mT   N_green  F $/vox   hours  expected   latest     
noise5        finished: no descent step    64/150      56    159.10         2 2.12e+03    1.40  unknown    Tue 06:35  
noise6        running                      84/150      63    159.33         1 5.02e+03    1.57  unknown    Tue 06:33  
noise7        running                      82/150      51    159.21       440     10.9    1.57  unknown    Tue 06:23  
[2J[Hsession planx_ms2: started Tue 03:50, budget ends Tue 07:20, now Tue 05:26:15, 3 runs x 4 threads
run           state                            it    s/it   mean mT   N_green  F $/vox   hours  expected   latest     
noise5        finished: no descent step    64/150      56    159.10         2 2.12e+03    1.40  unknown    Tue 06:35  
noise6        running                      84/150      63    159.33         1 5.02e+03    1.57  unknown    Tue 06:33  
noise7        running                      82/150      51    159.21       440     10.9    1.57  unknown    Tue 06:23  
[2J[Hsession planx_ms2: started Tue 03:50, budget ends Tue 07:20, now Tue 05:26:45, 3 runs x 4 threads
run           state                            it    s/it   mean mT   N_green  F $/vox   hours  expected   latest     
noise5        finished: no descent step    64/150      56    159.10         2 2.12e+03    1.40  unknown    Tue 06:35  
noise6        running                      85/150      63    159.33         1 5.02e+03    1.59  unknown    Tue 06:34  
noise7        running                      83/150      51    159.22       440     10.9    1.59  unknown    Tue 06:23  
[2J[Hsession planx_ms2: started Tue 03:50, budget ends Tue 07:20, now Tue 05:27:15, 3 runs x 4 threads
run           state                            it    s/it   mean mT   N_green  F $/vox   hours  expected   latest     
noise5        finished: no descent step    64/150      56    159.10         2 2.12e+03    1.40  unknown    Tue 06:35  
noise6        running                      86/150      63    159.33         1 5.02e+03    1.60  unknown    Tue 06:33  
noise7        running                      83/150      51    159.22       440     10.9    1.59  unknown    Tue 06:23  
[2J[Hsession planx_ms2: started Tue 03:50, budget ends Tue 07:20, now Tue 05:27:45, 3 runs x 4 threads
run           state                            it    s/it   mean mT   N_green  F $/vox   hours  expected   latest     
noise5        finished: no descent step    64/150      56    159.10         2 2.12e+03    1.40  unknown    Tue 06:35  
noise6        running                      86/150      63    159.33         1 5.02e+03    1.60  unknown    Tue 06:33  
noise7        running                      83/150      51    159.22       440     10.9    1.59  unknown    Tue 06:23  
[2J[Hsession planx_ms2: started Tue 03:50, budget ends Tue 07:20, now Tue 05:28:15, 3 runs x 4 threads
run           state                            it    s/it   mean mT   N_green  F $/vox   hours  expected   latest     
noise5        finished: no descent step    64/150      56    159.10         2 2.12e+03    1.40  unknown    Tue 06:35  
noise6        running                      86/150      63    159.33         1 5.02e+03    1.60  unknown    Tue 06:33  
noise7        running                      83/150      51    159.22       440     10.9    1.59  unknown    Tue 06:23  
[2J[Hsession planx_ms2: started Tue 03:50, budget ends Tue 07:20, now Tue 05:28:45, 3 runs x 4 threads
run           state                            it    s/it   mean mT   N_green  F $/vox   hours  expected   latest     
noise5        finished: no descent step    64/150      56    159.10         2 2.12e+03    1.40  unknown    Tue 06:35  
noise6        running                      86/150      63    159.33         1 5.02e+03    1.60  unknown    Tue 06:33  
noise7        running                      83/150      51    159.22       440     10.9    1.59  unknown    Tue 06:23  
[2J[Hsession planx_ms2: started Tue 03:50, budget ends Tue 07:20, now Tue 05:29:15, 3 runs x 4 threads
run           state                            it    s/it   mean mT   N_green  F $/vox   hours  expected   latest     
noise5        finished: no descent step    64/150      56    159.10         2 2.12e+03    1.40  unknown    Tue 06:35  
noise6        running                      86/150      63    159.33         1 5.02e+03    1.60  unknown    Tue 06:33  
noise7        running                      83/150      51    159.22       440     10.9    1.59  unknown    Tue 06:23  
[2J[Hsession planx_ms2: started Tue 03:50, budget ends Tue 07:20, now Tue 05:29:45, 3 runs x 4 threads
run           state                            it    s/it   mean mT   N_green  F $/vox   hours  expected   latest     
noise5        finished: no descent step    64/150      56    159.10         2 2.12e+03    1.40  unknown    Tue 06:35  
noise6        running                      86/150      63    159.33         1 5.02e+03    1.60  unknown    Tue 06:33  
noise7        running                      83/150      51    159.22       440     10.9    1.59  unknown    Tue 06:23  
[2J[Hsession planx_ms2: started Tue 03:50, budget ends Tue 07:20, now Tue 05:30:15, 3 runs x 4 threads
run           state                            it    s/it   mean mT   N_green  F $/vox   hours  expected   latest     
noise5        finished: no descent step    64/150      56    159.10         2 2.12e+03    1.40  unknown    Tue 06:35  
noise6        running                      86/150      63    159.33         1 5.02e+03    1.60  unknown    Tue 06:33  
noise7        running                      83/150      51    159.22       440     10.9    1.59  unknown    Tue 06:23  
[2J[Hsession planx_ms2: started Tue 03:50, budget ends Tue 07:20, now Tue 05:30:45, 3 runs x 4 threads
run           state                            it    s/it   mean mT   N_green  F $/vox   hours  expected   latest     
noise5        finished: no descent step    64/150      56    159.10         2 2.12e+03    1.40  unknown    Tue 06:35  
noise6        running                      86/150      63    159.33         1 5.02e+03    1.60  unknown    Tue 06:33  
noise7        running                      83/150      51    159.22       440     10.9    1.59  unknown    Tue 06:23  
[2J[Hsession planx_ms2: started Tue 03:50, budget ends Tue 07:20, now Tue 05:31:15, 3 runs x 4 threads
run           state                            it    s/it   mean mT   N_green  F $/vox   hours  expected   latest     
noise5        finished: no descent step    64/150      56    159.10         2 2.12e+03    1.40  unknown    Tue 06:35  
noise6        running                      86/150      63    159.33         1 5.02e+03    1.60  unknown    Tue 06:33  
noise7        running                      83/150      51    159.22       440     10.9    1.59  unknown    Tue 06:23  
[2J[Hsession planx_ms2: started Tue 03:50, budget ends Tue 07:20, now Tue 05:31:45, 3 runs x 4 threads
run           state                            it    s/it   mean mT   N_green  F $/vox   hours  expected   latest     
noise5        finished: no descent step    64/150      56    159.10         2 2.12e+03    1.40  unknown    Tue 06:35  
noise6        finished: no descent step    86/150      63    159.33         1 5.02e+03    1.68  unknown    Tue 06:38  
noise7        running                      83/150      51    159.22       440     10.9    1.59  unknown    Tue 06:23  
[2J[Hsession planx_ms2: started Tue 03:50, budget ends Tue 07:20, now Tue 05:32:15, 3 runs x 4 threads
run           state                            it    s/it   mean mT   N_green  F $/vox   hours  expected   latest     
noise5        finished: no descent step    64/150      56    159.10         2 2.12e+03    1.40  unknown    Tue 06:35  
noise6        finished: no descent step    86/150      63    159.33         1 5.02e+03    1.68  unknown    Tue 06:38  
noise7        running                      86/150      51    159.22       440     10.9    1.69  unknown    Tue 06:26  
[2J[Hsession planx_ms2: started Tue 03:50, budget ends Tue 07:20, now Tue 05:32:45, 3 runs x 4 threads
run           state                            it    s/it   mean mT   N_green  F $/vox   hours  expected   latest     
noise5        finished: no descent step    64/150      56    159.10         2 2.12e+03    1.40  unknown    Tue 06:35  
noise6        finished: no descent step    86/150      63    159.33         1 5.02e+03    1.68  unknown    Tue 06:38  
noise7        running                      86/150      51    159.22       440     10.9    1.69  unknown    Tue 06:26  
[2J[Hsession planx_ms2: started Tue 03:50, budget ends Tue 07:20, now Tue 05:33:15, 3 runs x 4 threads
run           state                            it    s/it   mean mT   N_green  F $/vox   hours  expected   latest     
noise5        finished: no descent step    64/150      56    159.10         2 2.12e+03    1.40  unknown    Tue 06:35  
noise6        finished: no descent step    86/150      63    159.33         1 5.02e+03    1.68  unknown    Tue 06:38  
noise7        running                      87/150      51    159.22       440     10.9    1.70  unknown    Tue 06:26  
[2J[Hsession planx_ms2: started Tue 03:50, budget ends Tue 07:20, now Tue 05:33:45, 3 runs x 4 threads
run           state                            it    s/it   mean mT   N_green  F $/vox   hours  expected   latest     
noise5        finished: no descent step    64/150      56    159.10         2 2.12e+03    1.40  unknown    Tue 06:35  
noise6        finished: no descent step    86/150      63    159.33         1 5.02e+03    1.68  unknown    Tue 06:38  
noise7        running                      87/150      51    159.22       440     10.9    1.70  unknown    Tue 06:26  
[2J[Hsession planx_ms2: started Tue 03:50, budget ends Tue 07:20, now Tue 05:34:15, 3 runs x 4 threads
run           state                            it    s/it   mean mT   N_green  F $/vox   hours  expected   latest     
noise5        finished: no descent step    64/150      56    159.10         2 2.12e+03    1.40  unknown    Tue 06:35  
noise6        finished: no descent step    86/150      63    159.33         1 5.02e+03    1.68  unknown    Tue 06:38  
noise7        running                      87/150      51    159.22       440     10.9    1.70  unknown    Tue 06:26  
[2J[Hsession planx_ms2: started Tue 03:50, budget ends Tue 07:20, now Tue 05:34:45, 3 runs x 4 threads
run           state                            it    s/it   mean mT   N_green  F $/vox   hours  expected   latest     
noise5        finished: no descent step    64/150      56    159.10         2 2.12e+03    1.40  unknown    Tue 06:35  
noise6        finished: no descent step    86/150      63    159.33         1 5.02e+03    1.68  unknown    Tue 06:38  
noise7        running                      87/150      51    159.22       440     10.9    1.70  unknown    Tue 06:26  
[2J[Hsession planx_ms2: started Tue 03:50, budget ends Tue 07:20, now Tue 05:35:15, 3 runs x 4 threads
run           state                            it    s/it   mean mT   N_green  F $/vox   hours  expected   latest     
noise5        finished: no descent step    64/150      56    159.10         2 2.12e+03    1.40  unknown    Tue 06:35  
noise6        finished: no descent step    86/150      63    159.33         1 5.02e+03    1.68  unknown    Tue 06:38  
noise7        running                      87/150      51    159.22       440     10.9    1.70  unknown    Tue 06:26  
[2J[Hsession planx_ms2: started Tue 03:50, budget ends Tue 07:20, now Tue 05:35:45, 3 runs x 4 threads
run           state                            it    s/it   mean mT   N_green  F $/vox   hours  expected   latest     
noise5        finished: no descent step    64/150      56    159.10         2 2.12e+03    1.40  unknown    Tue 06:35  
noise6        finished: no descent step    86/150      63    159.33         1 5.02e+03    1.68  unknown    Tue 06:38  
noise7        running                      87/150      51    159.22       440     10.9    1.70  unknown    Tue 06:26  
[2J[Hsession planx_ms2: started Tue 03:50, budget ends Tue 07:20, now Tue 05:36:15, 3 runs x 4 threads
run           state                            it    s/it   mean mT   N_green  F $/vox   hours  expected   latest     
noise5        finished: no descent step    64/150      56    159.10         2 2.12e+03    1.40  unknown    Tue 06:35  
noise6        finished: no descent step    86/150      63    159.33         1 5.02e+03    1.68  unknown    Tue 06:38  
noise7        running                      87/150      51    159.22       440     10.9    1.70  unknown    Tue 06:26  
[2J[Hsession planx_ms2: started Tue 03:50, budget ends Tue 07:20, now Tue 05:36:45, 3 runs x 4 threads
run           state                            it    s/it   mean mT   N_green  F $/vox   hours  expected   latest     
noise5        finished: no descent step    64/150      56    159.10         2 2.12e+03    1.40  unknown    Tue 06:35  
noise6        finished: no descent step    86/150      63    159.33         1 5.02e+03    1.68  unknown    Tue 06:38  
noise7        running                      87/150      51    159.22       440     10.9    1.70  unknown    Tue 06:26  
